"","Year","Covar","value","mean","sd","std"
"1",1950,"PDO_Jeff",-1.56,0.0596521739130435,0.996238285137119,-1.6257678489942
"2",1951,"PDO_Jeff",-1.544,0.0596521739130435,0.996238285137119,-1.60970743429352
"3",1952,"PDO_Jeff",-1.012,0.0596521739130435,0.996238285137119,-1.07569864549579
"4",1953,"PDO_Jeff",-0.496,0.0596521739130435,0.996238285137119,-0.55775027139874
"5",1954,"PDO_Jeff",-0.682,0.0596521739130435,0.996238285137119,-0.744452592294187
"6",1955,"PDO_Jeff",-0.472,0.0596521739130435,0.996238285137119,-0.533659649347715
"7",1956,"PDO_Jeff",-2.722,0.0596521739130435,0.996238285137119,-2.79215546663135
"8",1957,"PDO_Jeff",-1.172,0.0596521739130435,0.996238285137119,-1.23630279250262
"9",1958,"PDO_Jeff",0.05,0.0596521739130435,0.996238285137119,-0.00968861973791239
"10",1959,"PDO_Jeff",-0.002,0.0596521739130435,0.996238285137119,-0.0618849675151341
"11",1960,"PDO_Jeff",0.356,0.0596521739130435,0.996238285137119,0.297466811412662
"12",1961,"PDO_Jeff",0.328,0.0596521739130435,0.996238285137119,0.269361085686465
"13",1962,"PDO_Jeff",-1.68,0.0596521739130435,0.996238285137119,-1.74622095924933
"14",1963,"PDO_Jeff",-0.472,0.0596521739130435,0.996238285137119,-0.533659649347715
"15",1964,"PDO_Jeff",-0.846,0.0596521739130435,0.996238285137119,-0.909071842976194
"16",1965,"PDO_Jeff",-0.936,0.0596521739130435,0.996238285137119,-0.999411675667539
"17",1966,"PDO_Jeff",-0.534,0.0596521739130435,0.996238285137119,-0.595893756312864
"18",1967,"PDO_Jeff",-0.61,0.0596521739130435,0.996238285137119,-0.672180726141111
"19",1968,"PDO_Jeff",-0.422,0.0596521739130435,0.996238285137119,-0.483470853408079
"20",1969,"PDO_Jeff",-0.884,0.0596521739130435,0.996238285137119,-0.947215327890318
"21",1970,"PDO_Jeff",0.78,0.0596521739130435,0.996238285137119,0.723067800980777
"22",1971,"PDO_Jeff",-1.418,0.0596521739130435,0.996238285137119,-1.48323166852563
"23",1972,"PDO_Jeff",-1.806,0.0596521739130435,0.996238285137119,-1.87269672501721
"24",1973,"PDO_Jeff",-0.266,0.0596521739130435,0.996238285137119,-0.326881810076413
"25",1974,"PDO_Jeff",-1.268,0.0596521739130435,0.996238285137119,-1.33266528070672
"26",1975,"PDO_Jeff",-0.35,0.0596521739130435,0.996238285137119,-0.411198987255002
"27",1976,"PDO_Jeff",-1.528,0.0596521739130435,0.996238285137119,-1.59364701959283
"28",1977,"PDO_Jeff",1.19,0.0596521739130435,0.996238285137119,1.13461592768579
"29",1978,"PDO_Jeff",0.344,0.0596521739130435,0.996238285137119,0.285421500387149
"30",1979,"PDO_Jeff",-0.422,0.0596521739130435,0.996238285137119,-0.483470853408079
"31",1980,"PDO_Jeff",0.472,0.0596521739130435,0.996238285137119,0.413904817992618
"32",1981,"PDO_Jeff",0.662,0.0596521739130435,0.996238285137119,0.604622242563235
"33",1982,"PDO_Jeff",0.44,0.0596521739130435,0.996238285137119,0.38178398859125
"34",1983,"PDO_Jeff",0.764,0.0596521739130435,0.996238285137119,0.707007386280093
"35",1984,"PDO_Jeff",1.438,0.0596521739130435,0.996238285137119,1.38355235554639
"36",1985,"PDO_Jeff",0.862,0.0596521739130435,0.996238285137119,0.80537742632178
"37",1986,"PDO_Jeff",0.908,0.0596521739130435,0.996238285137119,0.851551118586246
"38",1987,"PDO_Jeff",1.854,0.0596521739130435,0.996238285137119,1.80112313776416
"39",1988,"PDO_Jeff",1.266,0.0596521739130435,0.996238285137119,1.21090289751404
"40",1989,"PDO_Jeff",-0.65,0.0596521739130435,0.996238285137119,-0.71233176289282
"41",1990,"PDO_Jeff",-0.456,0.0596521739130435,0.996238285137119,-0.517599234647031
"42",1991,"PDO_Jeff",-1.574,0.0596521739130435,0.996238285137119,-1.6398207118573
"43",1992,"PDO_Jeff",0.308,0.0596521739130435,0.996238285137119,0.249285567310611
"44",1993,"PDO_Jeff",0.492,0.0596521739130435,0.996238285137119,0.433980336368472
"45",1994,"PDO_Jeff",0.982,0.0596521739130435,0.996238285137119,0.925830536576907
"46",1995,"PDO_Jeff",-0.606,0.0596521739130435,0.996238285137119,-0.66816562246594
"47",1996,"PDO_Jeff",0.446,0.0596521739130435,0.996238285137119,0.387806644104007
"48",1997,"PDO_Jeff",0.244,0.0596521739130435,0.996238285137119,0.185043908507876
"49",1998,"PDO_Jeff",1.238,0.0596521739130435,0.996238285137119,1.18279717178784
"50",1999,"PDO_Jeff",-0.454,0.0596521739130435,0.996238285137119,-0.515591682809446
"51",2000,"PDO_Jeff",-1.244,0.0596521739130435,0.996238285137119,-1.3085746586557
"52",2001,"PDO_Jeff",0.266,0.0596521739130435,0.996238285137119,0.207126978721316
"53",2002,"PDO_Jeff",-0.598,0.0596521739130435,0.996238285137119,-0.660135415115598
"54",2003,"PDO_Jeff",1.792,0.0596521739130435,0.996238285137119,1.73888903079901
"55",2004,"PDO_Jeff",0.474,0.0596521739130435,0.996238285137119,0.415912369830203
"56",2005,"PDO_Jeff",0.362,0.0596521739130435,0.996238285137119,0.303489466925418
"57",2006,"PDO_Jeff",0.088,0.0596521739130435,0.996238285137119,0.0284548651762112
"58",2007,"PDO_Jeff",-0.078,0.0596521739130435,0.996238285137119,-0.138171937343381
"59",2008,"PDO_Jeff",-0.828,0.0596521739130435,0.996238285137119,-0.891003876437925
"60",2009,"PDO_Jeff",-1.332,0.0596521739130435,0.996238285137119,-1.39690693950946
"61",2010,"PDO_Jeff",0.354,0.0596521739130435,0.996238285137119,0.295459259575076
"62",2011,"PDO_Jeff",-0.894,0.0596521739130435,0.996238285137119,-0.957253087078245
"63",2012,"PDO_Jeff",-1.48,0.0596521739130435,0.996238285137119,-1.54546577549078
"64",2013,"PDO_Jeff",-0.452,0.0596521739130435,0.996238285137119,-0.51358413097186
"65",2014,"PDO_Jeff",0.226,0.0596521739130435,0.996238285137119,0.166975941969607
"66",2015,"PDO_Jeff",2.196,0.0596521739130435,0.996238285137119,2.14441450199128
"67",2016,"PDO_Jeff",1.51,0.0596521739130435,0.996238285137119,1.45582422169947
"68",2017,"PDO_Jeff",1.052,0.0596521739130435,0.996238285137119,0.996094850892398
"69",2018,"PDO_Jeff",NA,0.0596521739130435,0.996238285137119,NA
"70",1950,"NPGO",-1.53306666666667,0.138233913043478,1.06366203117652,-1.57127031963481
"71",1951,"NPGO",-0.44246,0.138233913043478,1.06366203117652,-0.545938367660984
"72",1952,"NPGO",-1.06646,0.138233913043478,1.06366203117652,-1.13259087730241
"73",1953,"NPGO",0.68764,0.138233913043478,1.06366203117652,0.516523172636725
"74",1954,"NPGO",1.1597,0.138233913043478,1.06366203117652,0.960329556773471
"75",1955,"NPGO",0.12394,0.138233913043478,1.06366203117652,-0.0134383973710781
"76",1956,"NPGO",-0.11854,0.138233913043478,1.06366203117652,-0.241405545668918
"77",1957,"NPGO",-1.11264,0.138233913043478,1.06366203117652,-1.17600692360888
"78",1958,"NPGO",-0.6025,0.138233913043478,1.06366203117652,-0.696399694011966
"79",1959,"NPGO",-0.40792,0.138233913043478,1.06366203117652,-0.513465647015127
"80",1960,"NPGO",0.61462,0.138233913043478,1.06366203117652,0.447873547229647
"81",1961,"NPGO",1.2603,0.138233913043478,1.06366203117652,1.0549084709881
"82",1962,"NPGO",0.00705999999999999,0.138233913043478,1.06366203117652,-0.123322925138529
"83",1963,"NPGO",-0.25576,0.138233913043478,1.06366203117652,-0.370412688894872
"84",1964,"NPGO",0.58384,0.138233913043478,1.06366203117652,0.418935784013681
"85",1965,"NPGO",-0.59888,0.138233913043478,1.06366203117652,-0.692996357337444
"86",1966,"NPGO",-0.82968,0.138233913043478,1.06366203117652,-0.909982574044559
"87",1967,"NPGO",-0.78976,0.138233913043478,1.06366203117652,-0.872451855799551
"88",1968,"NPGO",-0.569,0.138233913043478,1.06366203117652,-0.664904727548845
"89",1969,"NPGO",-1.0248,0.138233913043478,1.06366203117652,-1.09342430109782
"90",1970,"NPGO",0.03208,0.138233913043478,1.06366203117652,-0.0998004158577143
"91",1971,"NPGO",0.00524000000000001,0.138233913043478,1.06366203117652,-0.125033994958316
"92",1972,"NPGO",-0.2957,0.138233913043478,1.06366203117652,-0.407962210104934
"93",1973,"NPGO",-0.3885,0.138233913043478,1.06366203117652,-0.495207967949043
"94",1974,"NPGO",-0.23794,0.138233913043478,1.06366203117652,-0.353659247032997
"95",1975,"NPGO",0.61962,0.138233913043478,1.06366203117652,0.4525742884928
"96",1976,"NPGO",1.2588,0.138233913043478,1.06366203117652,1.05349824860915
"97",1977,"NPGO",1.57192,0.138233913043478,1.06366203117652,1.34787746947281
"98",1978,"NPGO",1.0757,0.138233913043478,1.06366203117652,0.881357103552511
"99",1979,"NPGO",-0.55024,0.138233913043478,1.06366203117652,-0.647267546329497
"100",1980,"NPGO",-1.16196,0.138233913043478,1.06366203117652,-1.22237503542862
"101",1981,"NPGO",-0.48596,0.138233913043478,1.06366203117652,-0.58683481665041
"102",1982,"NPGO",-0.08336,0.138233913043478,1.06366203117652,-0.208331130141377
"103",1983,"NPGO",0.08168,0.138233913043478,1.06366203117652,-0.0531690625272423
"104",1984,"NPGO",0.1576,0.138233913043478,1.06366203117652,0.0182069928124639
"105",1985,"NPGO",0.32108,0.138233913043478,1.06366203117652,0.171902429152495
"106",1986,"NPGO",-1.23172,0.138233913043478,1.06366203117652,-1.28795977753212
"107",1987,"NPGO",0.15644,0.138233913043478,1.06366203117652,0.0171164208394126
"108",1988,"NPGO",0.81678,0.138233913043478,1.06366203117652,0.637933917981426
"109",1989,"NPGO",0.98032,0.138233913043478,1.06366203117652,0.791685763216615
"110",1990,"NPGO",0.03362,0.138233913043478,1.06366203117652,-0.0983525875486634
"111",1991,"NPGO",-0.8255,0.138233913043478,1.06366203117652,-0.906052754348564
"112",1992,"NPGO",-0.2339,0.138233913043478,1.06366203117652,-0.34986104809237
"113",1993,"NPGO",-1.96982,0.138233913043478,1.06366203117652,-1.98188320279868
"114",1994,"NPGO",-2.13756,0.138233913043478,1.06366203117652,-2.13958367069492
"115",1995,"NPGO",-1.36396,0.138233913043478,1.06366203117652,-1.41228498245997
"116",1996,"NPGO",-0.58046,0.138233913043478,1.06366203117652,-0.67567882652399
"117",1997,"NPGO",-1.16528,0.138233913043478,1.06366203117652,-1.22549632762735
"118",1998,"NPGO",0.7512,0.138233913043478,1.06366203117652,0.576278995573919
"119",1999,"NPGO",1.3695,0.138233913043478,1.06366203117652,1.15757266017535
"120",2000,"NPGO",1.61014,0.138233913043478,1.06366203117652,1.38380993568835
"121",2001,"NPGO",2.47726,0.138233913043478,1.06366203117652,2.19903128850929
"122",2002,"NPGO",1.94478,0.138233913043478,1.06366203117652,1.69842114694861
"123",2003,"NPGO",1.74964,0.138233913043478,1.06366203117652,1.5149606169303
"124",2004,"NPGO",0.28502,0.138233913043478,1.06366203117652,0.13800068316264
"125",2005,"NPGO",-1.21336,0.138233913043478,1.06366203117652,-1.27069865561382
"126",2006,"NPGO",-1.06796,0.138233913043478,1.06366203117652,-1.13400109968135
"127",2007,"NPGO",-0.44966,0.138233913043478,1.06366203117652,-0.552707435079923
"128",2008,"NPGO",0.85048,0.138233913043478,1.06366203117652,0.669616914095073
"129",2009,"NPGO",0.87646,0.138233913043478,1.06366203117652,0.694041965698413
"130",2010,"NPGO",1.53456,0.138233913043478,1.06366203117652,1.31275353075453
"131",2011,"NPGO",0.76838,0.138233913043478,1.06366203117652,0.59243074255411
"132",2012,"NPGO",0.66392,0.138233913043478,1.06366203117652,0.49422285608433
"133",2013,"NPGO",1.13574,0.138233913043478,1.06366203117652,0.937803604640445
"134",2014,"NPGO",-0.6733,0.138233913043478,1.06366203117652,-0.762962190298204
"135",2015,"NPGO",-0.65306,0.138233913043478,1.06366203117652,-0.743933589664963
"136",2016,"NPGO",-0.3443,0.138233913043478,1.06366203117652,-0.453653415182776
"137",2017,"NPGO",-0.4428,0.138233913043478,1.06366203117652,-0.546258018066878
"138",2018,"NPGO",NA,0.138233913043478,1.06366203117652,NA
"139",1950,"MEI",-1.09408333333333,0.208311594202899,0.779767929118876,-1.67023402592091
"140",1951,"MEI",0.0194166666666668,0.208311594202899,0.779767929118876,-0.24224505841075
"141",1952,"MEI",-0.0571666666666667,0.208311594202899,0.779767929118876,-0.340458040085787
"142",1953,"MEI",0.336583333333333,0.208311594202899,0.779767929118876,0.164499890724384
"143",1954,"MEI",-0.921083333333333,0.208311594202899,0.779767929118876,-1.44837314457447
"144",1955,"MEI",-1.61225,0.208311594202899,0.779767929118876,-2.33474797592676
"145",1956,"MEI",-1.27825,0.208311594202899,0.779767929118876,-1.90641540731572
"146",1957,"MEI",0.62725,0.208311594202899,0.779767929118876,0.53726036959547
"147",1958,"MEI",0.793666666666667,0.208311594202899,0.779767929118876,0.750678568077568
"148",1959,"MEI",0.13975,0.208311594202899,0.779767929118876,-0.087925639979028
"149",1960,"MEI",-0.27225,0.208311594202899,0.779767929118876,-0.616287970121988
"150",1961,"MEI",-0.271583333333333,0.208311594202899,0.779767929118876,-0.615433014895219
"151",1962,"MEI",-0.753583333333333,0.208311594202899,0.779767929118876,-1.23356564384888
"152",1963,"MEI",0.0515833333333333,0.208311594202899,0.779767929118876,-0.200993468719168
"153",1964,"MEI",-0.775916666666667,0.208311594202899,0.779767929118876,-1.26220664394562
"154",1965,"MEI",0.699166666666667,0.208311594202899,0.779767929118876,0.629488664683127
"155",1966,"MEI",0.261166666666667,0.208311594202899,0.779767929118876,0.0677830806961935
"156",1967,"MEI",-0.5875,0.208311594202899,0.779767929118876,-1.02057492298016
"157",1968,"MEI",-0.313583333333333,0.208311594202899,0.779767929118876,-0.669295194181638
"158",1969,"MEI",0.552416666666667,0.208311594202899,0.779767929118876,0.441291645390701
"159",1970,"MEI",-0.5255,0.208311594202899,0.779767929118876,-0.941064086890689
"160",1971,"MEI",-1.39908333333333,0.208311594202899,0.779767929118876,-2.06137604216752
"161",1972,"MEI",0.86525,0.208311594202899,0.779767929118876,0.84247938555184
"162",1973,"MEI",-0.442916666666667,0.208311594202899,0.779767929118876,-0.835156508174736
"163",1974,"MEI",-1.16766666666667,0.208311594202899,0.779767929118876,-1.76459970907549
"164",1975,"MEI",-1.28625,0.208311594202899,0.779767929118876,-1.91667487003694
"165",1976,"MEI",-0.0973333333333332,0.208311594202899,0.779767929118876,-0.391969092498591
"166",1977,"MEI",0.628333333333333,0.208311594202899,0.779767929118876,0.538649671838968
"167",1978,"MEI",0.124,0.208311594202899,0.779767929118876,-0.108123957211435
"168",1979,"MEI",0.530916666666667,0.208311594202899,0.779767929118876,0.413719339327416
"169",1980,"MEI",0.566083333333333,0.208311594202899,0.779767929118876,0.458818227539456
"170",1981,"MEI",0.0835,0.208311594202899,0.779767929118876,-0.160062487237624
"171",1982,"MEI",1.10683333333333,0.208311594202899,0.779767929118876,1.15229378585209
"172",1983,"MEI",1.62166666666667,0.208311594202899,0.779767929118876,1.8125329597241
"173",1984,"MEI",-0.112416666666667,0.208311594202899,0.779767929118876,-0.41131245450423
"174",1985,"MEI",-0.384666666666667,0.208311594202899,0.779767929118876,-0.760454795235834
"175",1986,"MEI",0.457333333333333,0.208311594202899,0.779767929118876,0.319353656172837
"176",1987,"MEI",1.68175,0.208311594202899,0.779767929118876,1.88958579953661
"177",1988,"MEI",-0.468333333333333,0.208311594202899,0.779767929118876,-0.867751676195286
"178",1989,"MEI",-0.5215,0.208311594202899,0.779767929118876,-0.935934355530078
"179",1990,"MEI",0.43075,0.208311594202899,0.779767929118876,0.285262316505442
"180",1991,"MEI",0.810916666666667,0.208311594202899,0.779767929118876,0.772800534570204
"181",1992,"MEI",1.316,0.208311594202899,0.779767929118876,1.42053598825072
"182",1993,"MEI",1.12683333333333,0.208311594202899,0.779767929118876,1.17794244265514
"183",1994,"MEI",0.765833333333333,0.208311594202899,0.779767929118876,0.714984187359981
"184",1995,"MEI",0.235083333333333,0.208311594202899,0.779767929118876,0.0343329574488734
"185",1996,"MEI",-0.291916666666667,0.208311594202899,0.779767929118876,-0.641509149311661
"186",1997,"MEI",1.5705,0.208311594202899,0.779767929118876,1.74691514606961
"187",1998,"MEI",0.911916666666667,0.208311594202899,0.779767929118876,0.902326251425639
"188",1999,"MEI",-0.853666666666667,0.208311594202899,0.779767929118876,-1.36191579726751
"189",2000,"MEI",-0.475666666666667,0.208311594202899,0.779767929118876,-0.877156183689741
"190",2001,"MEI",-0.106666666666667,0.208311594202899,0.779767929118876,-0.403938465673352
"191",2002,"MEI",0.658833333333333,0.208311594202899,0.779767929118876,0.577763873463629
"192",2003,"MEI",0.51925,0.208311594202899,0.779767929118876,0.398757622858966
"193",2004,"MEI",0.4785,0.208311594202899,0.779767929118876,0.346498484622738
"194",2005,"MEI",0.37275,0.208311594202899,0.779767929118876,0.210881211776578
"195",2006,"MEI",0.34925,0.208311594202899,0.779767929118876,0.180744040032987
"196",2007,"MEI",-0.292416666666667,0.208311594202899,0.779767929118876,-0.642150365731737
"197",2008,"MEI",-0.639166666666667,0.208311594202899,0.779767929118876,-1.08683395305473
"198",2009,"MEI",0.403416666666667,0.208311594202899,0.779767929118876,0.250209152207932
"199",2010,"MEI",-0.336333333333333,0.208311594202899,0.779767929118876,-0.698470541295114
"200",2011,"MEI",-0.89175,0.208311594202899,0.779767929118876,-1.41075511459666
"201",2012,"MEI",0.176416666666667,0.208311594202899,0.779767929118876,-0.0409031025067577
"202",2013,"MEI",-0.06925,0.208311594202899,0.779767929118876,-0.355954103570967
"203",2014,"MEI",0.51075,0.208311594202899,0.779767929118876,0.387856943717667
"204",2015,"MEI",1.64216666666667,0.208311594202899,0.779767929118876,1.83882283294724
"205",2016,"MEI",0.926833333333334,0.208311594202899,0.779767929118876,0.921455874624585
"206",2017,"MEI",0.143166666666667,0.208311594202899,0.779767929118876,-0.0835439944418388
"207",2018,"MEI",NA,0.208311594202899,0.779767929118876,NA
"208",1950,"MEIw",-1.12,-0.0684782608695652,1.15685006690352,-0.908952481582151
"209",1951,"MEIw",-1.09,-0.0684782608695652,1.15685006690352,-0.883019993995148
"210",1952,"MEIw",0.55,-0.0684782608695652,1.15685006690352,0.534622660761054
"211",1953,"MEIw",-0.1,-0.0684782608695652,1.15685006690352,-0.0272479036240256
"212",1954,"MEIw",0.27,-0.0684782608695652,1.15685006690352,0.29258610994902
"213",1955,"MEIw",-0.73,-0.0684782608695652,1.15685006690352,-0.571830142951103
"214",1956,"MEIw",-1.38,-0.0684782608695652,1.15685006690352,-1.13370070733618
"215",1957,"MEIw",-0.57,-0.0684782608695652,1.15685006690352,-0.433523542487083
"216",1958,"MEIw",1.36,-0.0684782608695652,1.15685006690352,1.23479982561015
"217",1959,"MEIw",0.37,-0.0684782608695652,1.15685006690352,0.379027735239032
"218",1960,"MEIw",-0.02,-0.0684782608695652,1.15685006690352,0.0419053966079842
"219",1961,"MEIw",-0.07,-0.0684782608695652,1.15685006690352,-0.00131541603702194
"220",1962,"MEIw",-0.27,-0.0684782608695652,1.15685006690352,-0.174198666617047
"221",1963,"MEIw",-0.41,-0.0684782608695652,1.15685006690352,-0.295216942023064
"222",1964,"MEIw",0.91,-0.0684782608695652,1.15685006690352,0.845812511805099
"223",1965,"MEIw",-0.82,-0.0684782608695652,1.15685006690352,-0.649627605712114
"224",1966,"MEIw",1.29,-0.0684782608695652,1.15685006690352,1.17429068790715
"225",1967,"MEIw",-0.41,-0.0684782608695652,1.15685006690352,-0.295216942023064
"226",1968,"MEIw",-0.48,-0.0684782608695652,1.15685006690352,-0.355726079726072
"227",1969,"MEIw",0.83,-0.0684782608695652,1.15685006690352,0.776659211573089
"228",1970,"MEIw",0.62,-0.0684782608695652,1.15685006690352,0.595131798464063
"229",1971,"MEIw",-1.29,-0.0684782608695652,1.15685006690352,-1.05590324457517
"230",1972,"MEIw",-0.74,-0.0684782608695652,1.15685006690352,-0.580474305480104
"231",1973,"MEIw",1.9,-0.0684782608695652,1.15685006690352,1.70158460217622
"232",1974,"MEIw",-2.1,-0.0684782608695652,1.15685006690352,-1.75608040942427
"233",1975,"MEIw",-0.62,-0.0684782608695652,1.15685006690352,-0.47674435513209
"234",1976,"MEIw",-1.72,-0.0684782608695652,1.15685006690352,-1.42760223332222
"235",1977,"MEIw",0.74,-0.0684782608695652,1.15685006690352,0.698861748812078
"236",1978,"MEIw",0.91,-0.0684782608695652,1.15685006690352,0.845812511805099
"237",1979,"MEIw",0.06,-0.0684782608695652,1.15685006690352,0.111058696839994
"238",1980,"MEIw",0.62,-0.0684782608695652,1.15685006690352,0.595131798464063
"239",1981,"MEIw",-0.05,-0.0684782608695652,1.15685006690352,0.0159729090209805
"240",1982,"MEIw",0.02,-0.0684782608695652,1.15685006690352,0.0764820467239891
"241",1983,"MEIw",2.38,-0.0684782608695652,1.15685006690352,2.11650440356828
"242",1984,"MEIw",-0.88,-0.0684782608695652,1.15685006690352,-0.701492580886122
"243",1985,"MEIw",-1.21,-0.0684782608695652,1.15685006690352,-0.986749944343162
"244",1986,"MEIw",-0.6,-0.0684782608695652,1.15685006690352,-0.459456030074087
"245",1987,"MEIw",1.09,-0.0684782608695652,1.15685006690352,1.00140743732712
"246",1988,"MEIw",0.87,-0.0684782608695652,1.15685006690352,0.811235861689094
"247",1989,"MEIw",-1.97,-0.0684782608695652,1.15685006690352,-1.64370629654726
"248",1990,"MEIw",-0.06,-0.0684782608695652,1.15685006690352,0.0073287464919793
"249",1991,"MEIw",0.42,-0.0684782608695652,1.15685006690352,0.422248547884038
"250",1992,"MEIw",1.62,-0.0684782608695652,1.15685006690352,1.45954805136419
"251",1993,"MEIw",0.16,-0.0684782608695652,1.15685006690352,0.197500322130006
"252",1994,"MEIw",0.11,-0.0684782608695652,1.15685006690352,0.154279509485
"253",1995,"MEIw",1.16,-0.0684782608695652,1.15685006690352,1.06191657503013
"254",1996,"MEIw",-0.69,-0.0684782608695652,1.15685006690352,-0.537253492835098
"255",1997,"MEIw",-0.43,-0.0684782608695652,1.15685006690352,-0.312505267081066
"256",1998,"MEIw",2.36,-0.0684782608695652,1.15685006690352,2.09921607851028
"257",1999,"MEIw",-1.52,-0.0684782608695652,1.15685006690352,-1.2547189827422
"258",2000,"MEIw",-1.67,-0.0684782608695652,1.15685006690352,-1.38438142067722
"259",2001,"MEIw",-0.9,-0.0684782608695652,1.15685006690352,-0.718780905944124
"260",2002,"MEIw",-0.3,-0.0684782608695652,1.15685006690352,-0.20013115420405
"261",2003,"MEIw",1.2,-0.0684782608695652,1.15685006690352,1.09649322514613
"262",2004,"MEIw",0.29,-0.0684782608695652,1.15685006690352,0.309874435007022
"263",2005,"MEIw",0.64,-0.0684782608695652,1.15685006690352,0.612420123522065
"264",2006,"MEIw",-0.87,-0.0684782608695652,1.15685006690352,-0.69284841835712
"265",2007,"MEIw",0.85,-0.0684782608695652,1.15685006690352,0.793947536631091
"266",2008,"MEIw",-1.7,-0.0684782608695652,1.15685006690352,-1.41031390826422
"267",2009,"MEIw",-0.95,-0.0684782608695652,1.15685006690352,-0.76200171858913
"268",2010,"MEIw",1.62,-0.0684782608695652,1.15685006690352,1.45954805136419
"269",2011,"MEIw",-1.67,-0.0684782608695652,1.15685006690352,-1.38438142067722
"270",2012,"MEIw",-0.99,-0.0684782608695652,1.15685006690352,-0.796578368705135
"271",2013,"MEIw",-0.28,-0.0684782608695652,1.15685006690352,-0.182842829146048
"272",2014,"MEIw",-0.26,-0.0684782608695652,1.15685006690352,-0.165554504088045
"273",2015,"MEIw",0.68,-0.0684782608695652,1.15685006690352,0.64699677363807
"274",2016,"MEIw",2.56,-0.0684782608695652,1.15685006690352,2.2720993290903
"275",2017,"MEIw",1.59,-0.0684782608695652,1.15685006690352,1.43361556377718
"276",2018,"MEIw",NA,-0.0684782608695652,1.15685006690352,NA
"277",1950,"icecov",NA,0.0664864864864865,1.14039519518507,NA
"278",1951,"icecov",NA,0.0664864864864865,1.14039519518507,NA
"279",1952,"icecov",NA,0.0664864864864865,1.14039519518507,NA
"280",1953,"icecov",NA,0.0664864864864865,1.14039519518507,NA
"281",1954,"icecov",NA,0.0664864864864865,1.14039519518507,NA
"282",1955,"icecov",NA,0.0664864864864865,1.14039519518507,NA
"283",1956,"icecov",NA,0.0664864864864865,1.14039519518507,NA
"284",1957,"icecov",NA,0.0664864864864865,1.14039519518507,NA
"285",1958,"icecov",NA,0.0664864864864865,1.14039519518507,NA
"286",1959,"icecov",NA,0.0664864864864865,1.14039519518507,NA
"287",1960,"icecov",NA,0.0664864864864865,1.14039519518507,NA
"288",1961,"icecov",NA,0.0664864864864865,1.14039519518507,NA
"289",1962,"icecov",NA,0.0664864864864865,1.14039519518507,NA
"290",1963,"icecov",NA,0.0664864864864865,1.14039519518507,NA
"291",1964,"icecov",NA,0.0664864864864865,1.14039519518507,NA
"292",1965,"icecov",NA,0.0664864864864865,1.14039519518507,NA
"293",1966,"icecov",NA,0.0664864864864865,1.14039519518507,NA
"294",1967,"icecov",NA,0.0664864864864865,1.14039519518507,NA
"295",1968,"icecov",NA,0.0664864864864865,1.14039519518507,NA
"296",1969,"icecov",NA,0.0664864864864865,1.14039519518507,NA
"297",1970,"icecov",NA,0.0664864864864865,1.14039519518507,NA
"298",1971,"icecov",NA,0.0664864864864865,1.14039519518507,NA
"299",1972,"icecov",NA,0.0664864864864865,1.14039519518507,NA
"300",1973,"icecov",NA,0.0664864864864865,1.14039519518507,NA
"301",1974,"icecov",NA,0.0664864864864865,1.14039519518507,NA
"302",1975,"icecov",NA,0.0664864864864865,1.14039519518507,NA
"303",1976,"icecov",NA,0.0664864864864865,1.14039519518507,NA
"304",1977,"icecov",NA,0.0664864864864865,1.14039519518507,NA
"305",1978,"icecov",NA,0.0664864864864865,1.14039519518507,NA
"306",1979,"icecov",-1.23,0.0664864864864865,1.14039519518507,-1.13687473602174
"307",1980,"icecov",1.06,0.0664864864864865,1.14039519518507,0.871201069338316
"308",1981,"icecov",-1.16,0.0664864864864865,1.14039519518507,-1.07549250616357
"309",1982,"icecov",0.01,0.0664864864864865,1.14039519518507,-0.049532378534197
"310",1983,"icecov",-0.48,0.0664864864864865,1.14039519518507,-0.47920798754137
"311",1984,"icecov",0.01,0.0664864864864865,1.14039519518507,-0.049532378534197
"312",1985,"icecov",-0.15,0.0664864864864865,1.14039519518507,-0.189834618210008
"313",1986,"icecov",-0.15,0.0664864864864865,1.14039519518507,-0.189834618210008
"314",1987,"icecov",-1.26,0.0664864864864865,1.14039519518507,-1.16318140596095
"315",1988,"icecov",0.04,0.0664864864864865,1.14039519518507,-0.0232257085949823
"316",1989,"icecov",-0.38,0.0664864864864865,1.14039519518507,-0.391519087743988
"317",1990,"icecov",-0.36,0.0664864864864865,1.14039519518507,-0.373981307784511
"318",1991,"icecov",0.03,0.0664864864864865,1.14039519518507,-0.0319945985747205
"319",1992,"icecov",0.83,0.0664864864864865,1.14039519518507,0.669516599804337
"320",1993,"icecov",-0.52,0.0664864864864865,1.14039519518507,-0.514283547460323
"321",1994,"icecov",-0.5,0.0664864864864865,1.14039519518507,-0.496745767500846
"322",1995,"icecov",0.57,0.0664864864864865,1.14039519518507,0.441525460331143
"323",1996,"icecov",-1.04,0.0664864864864865,1.14039519518507,-0.97026582640671
"324",1997,"icecov",0.47,0.0664864864864865,1.14039519518507,0.353836560533761
"325",1998,"icecov",0.85,0.0664864864864865,1.14039519518507,0.687054379763813
"326",1999,"icecov",1.03,0.0664864864864865,1.14039519518507,0.844894399399101
"327",2000,"icecov",0.76,0.0664864864864865,1.14039519518507,0.60813436994617
"328",2001,"icecov",-1.26,0.0664864864864865,1.14039519518507,-1.16318140596095
"329",2002,"icecov",-0.42,0.0664864864864865,1.14039519518507,-0.42659464766294
"330",2003,"icecov",-1.22,0.0664864864864865,1.14039519518507,-1.128105846042
"331",2004,"icecov",-1.06,0.0664864864864865,1.14039519518507,-0.987803606366186
"332",2005,"icecov",-1.26,0.0664864864864865,1.14039519518507,-1.16318140596095
"333",2006,"icecov",-0.31,0.0664864864864865,1.14039519518507,-0.33013685788582
"334",2007,"icecov",0.44,0.0664864864864865,1.14039519518507,0.327529890594546
"335",2008,"icecov",2.04,0.0664864864864865,1.14039519518507,1.73055228735266
"336",2009,"icecov",2.31,0.0664864864864865,1.14039519518507,1.96731231680559
"337",2010,"icecov",2.13,0.0664864864864865,1.14039519518507,1.80947229717031
"338",2011,"icecov",0.48,0.0664864864864865,1.14039519518507,0.362605450513499
"339",2012,"icecov",3.11,0.0664864864864865,1.14039519518507,2.66882351518465
"340",2013,"icecov",1.54,0.0664864864864865,1.14039519518507,1.29210778836575
"341",2014,"icecov",-1.24,0.0664864864864865,1.14039519518507,-1.14564362600147
"342",2015,"icecov",-1.25,0.0664864864864865,1.14039519518507,-1.15441251598121
"343",2016,"icecov",-1.26,0.0664864864864865,1.14039519518507,-1.16318140596095
"344",2017,"icecov",-0.49,0.0664864864864865,1.14039519518507,-0.487976877521108
"345",2018,"icecov",NA,0.0664864864864865,1.14039519518507,NA
"346",1950,"orcaCombined",NA,169.09766326087,69.77070338394,NA
"347",1951,"orcaCombined",NA,169.09766326087,69.77070338394,NA
"348",1952,"orcaCombined",NA,169.09766326087,69.77070338394,NA
"349",1953,"orcaCombined",NA,169.09766326087,69.77070338394,NA
"350",1954,"orcaCombined",NA,169.09766326087,69.77070338394,NA
"351",1955,"orcaCombined",NA,169.09766326087,69.77070338394,NA
"352",1956,"orcaCombined",NA,169.09766326087,69.77070338394,NA
"353",1957,"orcaCombined",NA,169.09766326087,69.77070338394,NA
"354",1958,"orcaCombined",NA,169.09766326087,69.77070338394,NA
"355",1959,"orcaCombined",NA,169.09766326087,69.77070338394,NA
"356",1960,"orcaCombined",NA,169.09766326087,69.77070338394,NA
"357",1961,"orcaCombined",NA,169.09766326087,69.77070338394,NA
"358",1962,"orcaCombined",NA,169.09766326087,69.77070338394,NA
"359",1963,"orcaCombined",NA,169.09766326087,69.77070338394,NA
"360",1964,"orcaCombined",NA,169.09766326087,69.77070338394,NA
"361",1965,"orcaCombined",NA,169.09766326087,69.77070338394,NA
"362",1966,"orcaCombined",NA,169.09766326087,69.77070338394,NA
"363",1967,"orcaCombined",NA,169.09766326087,69.77070338394,NA
"364",1968,"orcaCombined",NA,169.09766326087,69.77070338394,NA
"365",1969,"orcaCombined",NA,169.09766326087,69.77070338394,NA
"366",1970,"orcaCombined",71.47537,169.09766326087,69.77070338394,-1.39918746015309
"367",1971,"orcaCombined",74.84794,169.09766326087,69.77070338394,-1.35084954987804
"368",1972,"orcaCombined",78.25542,169.09766326087,69.77070338394,-1.30201128632709
"369",1973,"orcaCombined",81.69866,169.09766326087,69.77070338394,-1.25266048673643
"370",1974,"orcaCombined",85.17854,169.09766326087,69.77070338394,-1.20278453836236
"371",1975,"orcaCombined",88.69593,169.09766326087,69.77070338394,-1.1523709717878
"372",1976,"orcaCombined",92.25176,169.09766326087,69.77070338394,-1.10140645763589
"373",1977,"orcaCombined",95.84696,169.09766326087,69.77070338394,-1.04987766652974
"374",1978,"orcaCombined",99.48247,169.09766326087,69.77070338394,-0.997771125765858
"375",1979,"orcaCombined",103.15929,169.09766326087,69.77070338394,-0.945072502680938
"376",1980,"orcaCombined",106.87842,169.09766326087,69.77070338394,-0.891767464611677
"377",1981,"orcaCombined",110.64088,169.09766326087,69.77070338394,-0.837841392241508
"378",1982,"orcaCombined",114.44773,169.09766326087,69.77070338394,-0.783279092947327
"379",1983,"orcaCombined",118.30005,169.09766326087,69.77070338394,-0.72806508745277
"380",1984,"orcaCombined",122.468,169.09766326087,69.77070338394,-0.668327263439957
"381",1985,"orcaCombined",126.445,169.09766326087,69.77070338394,-0.611326261484809
"382",1986,"orcaCombined",123.191,169.09766326087,69.77070338394,-0.657964747872048
"383",1987,"orcaCombined",126.679,169.09766326087,69.77070338394,-0.607972418271959
"384",1988,"orcaCombined",128.425,169.09766326087,69.77070338394,-0.582947588145309
"385",1989,"orcaCombined",136.148,169.09766326087,69.77070338394,-0.472256429457955
"386",1990,"orcaCombined",140.126,169.09766326087,69.77070338394,-0.415241094839504
"387",1991,"orcaCombined",142.381,169.09766326087,69.77070338394,-0.38292093909174
"388",1992,"orcaCombined",151.594,169.09766326087,69.77070338394,-0.250874112083247
"389",1993,"orcaCombined",159.573,169.09766326087,69.77070338394,-0.136513791590382
"390",1994,"orcaCombined",164.063,169.09766326087,69.77070338394,-0.0721601333609094
"391",1995,"orcaCombined",169.041,169.09766326087,69.77070338394,-0.000812135439680812
"392",1996,"orcaCombined",177.998,169.09766326087,69.77070338394,0.127565529763301
"393",1997,"orcaCombined",184.956,169.09766326087,69.77070338394,0.22729220102403
"394",1998,"orcaCombined",191.7,169.09766326087,69.77070338394,0.323951682337964
"395",1999,"orcaCombined",186.679,169.09766326087,69.77070338394,0.251987379894716
"396",2000,"orcaCombined",192.913,169.09766326087,69.77070338394,0.341337202924234
"397",2001,"orcaCombined",206.637,169.09766326087,69.77070338394,0.538038674091558
"398",2002,"orcaCombined",215.849,169.09766326087,69.77070338394,0.670071168436748
"399",2003,"orcaCombined",226.551,169.09766326087,69.77070338394,0.823459331103077
"400",2004,"orcaCombined",237.786,169.09766326087,69.77070338394,0.984486803309787
"401",2005,"orcaCombined",241.509,169.09766326087,69.77070338394,1.03784730878603
"402",2006,"orcaCombined",245.8817,169.09766326087,69.77070338394,1.10051974561009
"403",2007,"orcaCombined",246.7121,169.09766326087,69.77070338394,1.11242158921671
"404",2008,"orcaCombined",249.5424,169.09766326087,69.77070338394,1.15298732616257
"405",2009,"orcaCombined",257,169.09766326087,69.77070338394,1.25987459600936
"406",2010,"orcaCombined",265,169.09766326087,69.77070338394,1.37453590243159
"407",2011,"orcaCombined",272.49077,169.09766326087,69.77070338394,1.48189858672014
"408",2012,"orcaCombined",280.20413,169.09766326087,69.77070338394,1.59245157853325
"409",2013,"orcaCombined",288.00617,169.09766326087,69.77070338394,1.70427559092806
"410",2014,"orcaCombined",295.89901,169.09766326087,69.77070338394,1.81740100915075
"411",2015,"orcaCombined",303.88481,169.09766326087,69.77070338394,1.93185879175408
"412",2016,"orcaCombined",NA,169.09766326087,69.77070338394,NA
"413",2017,"orcaCombined",NA,169.09766326087,69.77070338394,NA
"414",2018,"orcaCombined",NA,169.09766326087,69.77070338394,NA
"415",1950,"chascoSEAK",NA,0.0287804878048781,0.0187343430564324,NA
"416",1951,"chascoSEAK",NA,0.0287804878048781,0.0187343430564324,NA
"417",1952,"chascoSEAK",NA,0.0287804878048781,0.0187343430564324,NA
"418",1953,"chascoSEAK",NA,0.0287804878048781,0.0187343430564324,NA
"419",1954,"chascoSEAK",NA,0.0287804878048781,0.0187343430564324,NA
"420",1955,"chascoSEAK",NA,0.0287804878048781,0.0187343430564324,NA
"421",1956,"chascoSEAK",NA,0.0287804878048781,0.0187343430564324,NA
"422",1957,"chascoSEAK",NA,0.0287804878048781,0.0187343430564324,NA
"423",1958,"chascoSEAK",NA,0.0287804878048781,0.0187343430564324,NA
"424",1959,"chascoSEAK",NA,0.0287804878048781,0.0187343430564324,NA
"425",1960,"chascoSEAK",NA,0.0287804878048781,0.0187343430564324,NA
"426",1961,"chascoSEAK",NA,0.0287804878048781,0.0187343430564324,NA
"427",1962,"chascoSEAK",NA,0.0287804878048781,0.0187343430564324,NA
"428",1963,"chascoSEAK",NA,0.0287804878048781,0.0187343430564324,NA
"429",1964,"chascoSEAK",NA,0.0287804878048781,0.0187343430564324,NA
"430",1965,"chascoSEAK",NA,0.0287804878048781,0.0187343430564324,NA
"431",1966,"chascoSEAK",NA,0.0287804878048781,0.0187343430564324,NA
"432",1967,"chascoSEAK",NA,0.0287804878048781,0.0187343430564324,NA
"433",1968,"chascoSEAK",NA,0.0287804878048781,0.0187343430564324,NA
"434",1969,"chascoSEAK",NA,0.0287804878048781,0.0187343430564324,NA
"435",1970,"chascoSEAK",NA,0.0287804878048781,0.0187343430564324,NA
"436",1971,"chascoSEAK",NA,0.0287804878048781,0.0187343430564324,NA
"437",1972,"chascoSEAK",NA,0.0287804878048781,0.0187343430564324,NA
"438",1973,"chascoSEAK",NA,0.0287804878048781,0.0187343430564324,NA
"439",1974,"chascoSEAK",NA,0.0287804878048781,0.0187343430564324,NA
"440",1975,"chascoSEAK",0.01,0.0287804878048781,0.0187343430564324,-1.00246311003843
"441",1976,"chascoSEAK",0.01,0.0287804878048781,0.0187343430564324,-1.00246311003843
"442",1977,"chascoSEAK",0.01,0.0287804878048781,0.0187343430564324,-1.00246311003843
"443",1978,"chascoSEAK",0.01,0.0287804878048781,0.0187343430564324,-1.00246311003843
"444",1979,"chascoSEAK",0.01,0.0287804878048781,0.0187343430564324,-1.00246311003843
"445",1980,"chascoSEAK",0.01,0.0287804878048781,0.0187343430564324,-1.00246311003843
"446",1981,"chascoSEAK",0.01,0.0287804878048781,0.0187343430564324,-1.00246311003843
"447",1982,"chascoSEAK",0.01,0.0287804878048781,0.0187343430564324,-1.00246311003843
"448",1983,"chascoSEAK",0.01,0.0287804878048781,0.0187343430564324,-1.00246311003843
"449",1984,"chascoSEAK",0.01,0.0287804878048781,0.0187343430564324,-1.00246311003843
"450",1985,"chascoSEAK",0.01,0.0287804878048781,0.0187343430564324,-1.00246311003843
"451",1986,"chascoSEAK",0.01,0.0287804878048781,0.0187343430564324,-1.00246311003843
"452",1987,"chascoSEAK",0.01,0.0287804878048781,0.0187343430564324,-1.00246311003843
"453",1988,"chascoSEAK",0.01,0.0287804878048781,0.0187343430564324,-1.00246311003843
"454",1989,"chascoSEAK",0.02,0.0287804878048781,0.0187343430564324,-0.468684051446537
"455",1990,"chascoSEAK",0.02,0.0287804878048781,0.0187343430564324,-0.468684051446537
"456",1991,"chascoSEAK",0.02,0.0287804878048781,0.0187343430564324,-0.468684051446537
"457",1992,"chascoSEAK",0.02,0.0287804878048781,0.0187343430564324,-0.468684051446537
"458",1993,"chascoSEAK",0.02,0.0287804878048781,0.0187343430564324,-0.468684051446537
"459",1994,"chascoSEAK",0.02,0.0287804878048781,0.0187343430564324,-0.468684051446537
"460",1995,"chascoSEAK",0.03,0.0287804878048781,0.0187343430564324,0.0650950071453523
"461",1996,"chascoSEAK",0.03,0.0287804878048781,0.0187343430564324,0.0650950071453523
"462",1997,"chascoSEAK",0.03,0.0287804878048781,0.0187343430564324,0.0650950071453523
"463",1998,"chascoSEAK",0.03,0.0287804878048781,0.0187343430564324,0.0650950071453523
"464",1999,"chascoSEAK",0.03,0.0287804878048781,0.0187343430564324,0.0650950071453523
"465",2000,"chascoSEAK",0.03,0.0287804878048781,0.0187343430564324,0.0650950071453523
"466",2001,"chascoSEAK",0.03,0.0287804878048781,0.0187343430564324,0.0650950071453523
"467",2002,"chascoSEAK",0.04,0.0287804878048781,0.0187343430564324,0.598874065737242
"468",2003,"chascoSEAK",0.04,0.0287804878048781,0.0187343430564324,0.598874065737242
"469",2004,"chascoSEAK",0.04,0.0287804878048781,0.0187343430564324,0.598874065737242
"470",2005,"chascoSEAK",0.04,0.0287804878048781,0.0187343430564324,0.598874065737242
"471",2006,"chascoSEAK",0.04,0.0287804878048781,0.0187343430564324,0.598874065737242
"472",2007,"chascoSEAK",0.04,0.0287804878048781,0.0187343430564324,0.598874065737242
"473",2008,"chascoSEAK",0.04,0.0287804878048781,0.0187343430564324,0.598874065737242
"474",2009,"chascoSEAK",0.06,0.0287804878048781,0.0187343430564324,1.66643218292102
"475",2010,"chascoSEAK",0.07,0.0287804878048781,0.0187343430564324,2.20021124151291
"476",2011,"chascoSEAK",0.07,0.0287804878048781,0.0187343430564324,2.20021124151291
"477",2012,"chascoSEAK",0.06,0.0287804878048781,0.0187343430564324,1.66643218292102
"478",2013,"chascoSEAK",0.06,0.0287804878048781,0.0187343430564324,1.66643218292102
"479",2014,"chascoSEAK",0.05,0.0287804878048781,0.0187343430564324,1.13265312432913
"480",2015,"chascoSEAK",0.06,0.0287804878048781,0.0187343430564324,1.66643218292102
"481",2016,"chascoSEAK",NA,0.0287804878048781,0.0187343430564324,NA
"482",2017,"chascoSEAK",NA,0.0287804878048781,0.0187343430564324,NA
"483",2018,"chascoSEAK",NA,0.0287804878048781,0.0187343430564324,NA
"484",1950,"chascoGOA",NA,0.21609756097561,0.0668908831149839,NA
"485",1951,"chascoGOA",NA,0.21609756097561,0.0668908831149839,NA
"486",1952,"chascoGOA",NA,0.21609756097561,0.0668908831149839,NA
"487",1953,"chascoGOA",NA,0.21609756097561,0.0668908831149839,NA
"488",1954,"chascoGOA",NA,0.21609756097561,0.0668908831149839,NA
"489",1955,"chascoGOA",NA,0.21609756097561,0.0668908831149839,NA
"490",1956,"chascoGOA",NA,0.21609756097561,0.0668908831149839,NA
"491",1957,"chascoGOA",NA,0.21609756097561,0.0668908831149839,NA
"492",1958,"chascoGOA",NA,0.21609756097561,0.0668908831149839,NA
"493",1959,"chascoGOA",NA,0.21609756097561,0.0668908831149839,NA
"494",1960,"chascoGOA",NA,0.21609756097561,0.0668908831149839,NA
"495",1961,"chascoGOA",NA,0.21609756097561,0.0668908831149839,NA
"496",1962,"chascoGOA",NA,0.21609756097561,0.0668908831149839,NA
"497",1963,"chascoGOA",NA,0.21609756097561,0.0668908831149839,NA
"498",1964,"chascoGOA",NA,0.21609756097561,0.0668908831149839,NA
"499",1965,"chascoGOA",NA,0.21609756097561,0.0668908831149839,NA
"500",1966,"chascoGOA",NA,0.21609756097561,0.0668908831149839,NA
"501",1967,"chascoGOA",NA,0.21609756097561,0.0668908831149839,NA
"502",1968,"chascoGOA",NA,0.21609756097561,0.0668908831149839,NA
"503",1969,"chascoGOA",NA,0.21609756097561,0.0668908831149839,NA
"504",1970,"chascoGOA",NA,0.21609756097561,0.0668908831149839,NA
"505",1971,"chascoGOA",NA,0.21609756097561,0.0668908831149839,NA
"506",1972,"chascoGOA",NA,0.21609756097561,0.0668908831149839,NA
"507",1973,"chascoGOA",NA,0.21609756097561,0.0668908831149839,NA
"508",1974,"chascoGOA",NA,0.21609756097561,0.0668908831149839,NA
"509",1975,"chascoGOA",0.16,0.21609756097561,0.0668908831149839,-0.838642851809556
"510",1976,"chascoGOA",0.16,0.21609756097561,0.0668908831149839,-0.838642851809556
"511",1977,"chascoGOA",0.16,0.21609756097561,0.0668908831149839,-0.838642851809556
"512",1978,"chascoGOA",0.16,0.21609756097561,0.0668908831149839,-0.838642851809556
"513",1979,"chascoGOA",0.16,0.21609756097561,0.0668908831149839,-0.838642851809556
"514",1980,"chascoGOA",0.16,0.21609756097561,0.0668908831149839,-0.838642851809556
"515",1981,"chascoGOA",0.16,0.21609756097561,0.0668908831149839,-0.838642851809556
"516",1982,"chascoGOA",0.16,0.21609756097561,0.0668908831149839,-0.838642851809556
"517",1983,"chascoGOA",0.15,0.21609756097561,0.0668908831149839,-0.988140055827781
"518",1984,"chascoGOA",0.15,0.21609756097561,0.0668908831149839,-0.988140055827781
"519",1985,"chascoGOA",0.17,0.21609756097561,0.0668908831149839,-0.68914564779133
"520",1986,"chascoGOA",0.16,0.21609756097561,0.0668908831149839,-0.838642851809556
"521",1987,"chascoGOA",0.16,0.21609756097561,0.0668908831149839,-0.838642851809556
"522",1988,"chascoGOA",0.17,0.21609756097561,0.0668908831149839,-0.68914564779133
"523",1989,"chascoGOA",0.17,0.21609756097561,0.0668908831149839,-0.68914564779133
"524",1990,"chascoGOA",0.17,0.21609756097561,0.0668908831149839,-0.68914564779133
"525",1991,"chascoGOA",0.16,0.21609756097561,0.0668908831149839,-0.838642851809556
"526",1992,"chascoGOA",0.15,0.21609756097561,0.0668908831149839,-0.988140055827781
"527",1993,"chascoGOA",0.16,0.21609756097561,0.0668908831149839,-0.838642851809556
"528",1994,"chascoGOA",0.17,0.21609756097561,0.0668908831149839,-0.68914564779133
"529",1995,"chascoGOA",0.19,0.21609756097561,0.0668908831149839,-0.39015123975488
"530",1996,"chascoGOA",0.19,0.21609756097561,0.0668908831149839,-0.39015123975488
"531",1997,"chascoGOA",0.18,0.21609756097561,0.0668908831149839,-0.539648443773105
"532",1998,"chascoGOA",0.19,0.21609756097561,0.0668908831149839,-0.39015123975488
"533",1999,"chascoGOA",0.21,0.21609756097561,0.0668908831149839,-0.09115683171843
"534",2000,"chascoGOA",0.25,0.21609756097561,0.0668908831149839,0.506831984354471
"535",2001,"chascoGOA",0.28,0.21609756097561,0.0668908831149839,0.955323596409146
"536",2002,"chascoGOA",0.29,0.21609756097561,0.0668908831149839,1.10482080042737
"537",2003,"chascoGOA",0.29,0.21609756097561,0.0668908831149839,1.10482080042737
"538",2004,"chascoGOA",0.28,0.21609756097561,0.0668908831149839,0.955323596409146
"539",2005,"chascoGOA",0.29,0.21609756097561,0.0668908831149839,1.10482080042737
"540",2006,"chascoGOA",0.33,0.21609756097561,0.0668908831149839,1.70280961650027
"541",2007,"chascoGOA",0.35,0.21609756097561,0.0668908831149839,2.00180402453672
"542",2008,"chascoGOA",0.34,0.21609756097561,0.0668908831149839,1.8523068205185
"543",2009,"chascoGOA",0.33,0.21609756097561,0.0668908831149839,1.70280961650027
"544",2010,"chascoGOA",0.28,0.21609756097561,0.0668908831149839,0.955323596409146
"545",2011,"chascoGOA",0.24,0.21609756097561,0.0668908831149839,0.357334780336245
"546",2012,"chascoGOA",0.23,0.21609756097561,0.0668908831149839,0.20783757631802
"547",2013,"chascoGOA",0.26,0.21609756097561,0.0668908831149839,0.656329188372696
"548",2014,"chascoGOA",0.3,0.21609756097561,0.0668908831149839,1.2543180044456
"549",2015,"chascoGOA",0.34,0.21609756097561,0.0668908831149839,1.8523068205185
"550",2016,"chascoGOA",NA,0.21609756097561,0.0668908831149839,NA
"551",2017,"chascoGOA",NA,0.21609756097561,0.0668908831149839,NA
"552",2018,"chascoGOA",NA,0.21609756097561,0.0668908831149839,NA
"553",1950,"sealionSEAK",NA,8871.32126086956,1531.32594040683,NA
"554",1951,"sealionSEAK",NA,8871.32126086956,1531.32594040683,NA
"555",1952,"sealionSEAK",NA,8871.32126086956,1531.32594040683,NA
"556",1953,"sealionSEAK",NA,8871.32126086956,1531.32594040683,NA
"557",1954,"sealionSEAK",NA,8871.32126086956,1531.32594040683,NA
"558",1955,"sealionSEAK",NA,8871.32126086956,1531.32594040683,NA
"559",1956,"sealionSEAK",NA,8871.32126086956,1531.32594040683,NA
"560",1957,"sealionSEAK",NA,8871.32126086956,1531.32594040683,NA
"561",1958,"sealionSEAK",NA,8871.32126086956,1531.32594040683,NA
"562",1959,"sealionSEAK",NA,8871.32126086956,1531.32594040683,NA
"563",1960,"sealionSEAK",NA,8871.32126086956,1531.32594040683,NA
"564",1961,"sealionSEAK",NA,8871.32126086956,1531.32594040683,NA
"565",1962,"sealionSEAK",NA,8871.32126086956,1531.32594040683,NA
"566",1963,"sealionSEAK",NA,8871.32126086956,1531.32594040683,NA
"567",1964,"sealionSEAK",NA,8871.32126086956,1531.32594040683,NA
"568",1965,"sealionSEAK",NA,8871.32126086956,1531.32594040683,NA
"569",1966,"sealionSEAK",NA,8871.32126086956,1531.32594040683,NA
"570",1967,"sealionSEAK",NA,8871.32126086956,1531.32594040683,NA
"571",1968,"sealionSEAK",NA,8871.32126086956,1531.32594040683,NA
"572",1969,"sealionSEAK",NA,8871.32126086956,1531.32594040683,NA
"573",1970,"sealionSEAK",6539.437,8871.32126086956,1531.32594040683,-1.52278767004368
"574",1971,"sealionSEAK",6625.442,8871.32126086956,1531.32594040683,-1.46662392480134
"575",1972,"sealionSEAK",6711.446,8871.32126086956,1531.32594040683,-1.41046083258783
"576",1973,"sealionSEAK",6798.566,8871.32126086956,1531.32594040683,-1.35356896019073
"577",1974,"sealionSEAK",6886.818,8871.32126086956,1531.32594040683,-1.29593785914861
"578",1975,"sealionSEAK",6976.215,8871.32126086956,1531.32594040683,-1.23755904008659
"579",1976,"sealionSEAK",7066.772,8871.32126086956,1531.32594040683,-1.17842270757207
"580",1977,"sealionSEAK",7158.505,8871.32126086956,1531.32594040683,-1.11851841314366
"581",1978,"sealionSEAK",7251.429,8871.32126086956,1531.32594040683,-1.05783636136877
"582",1979,"sealionSEAK",7345.559,8871.32126086956,1531.32594040683,-0.996366756814824
"583",1980,"sealionSEAK",7440.911,8871.32126086956,1531.32594040683,-0.934099151020419
"584",1981,"sealionSEAK",7537.501,8871.32126086956,1531.32594040683,-0.871023095524135
"585",1982,"sealionSEAK",7635.344,8871.32126086956,1531.32594040683,-0.807128794893398
"586",1983,"sealionSEAK",7734.458,8871.32126086956,1531.32594040683,-0.742404494609118
"587",1984,"sealionSEAK",7834.858,8871.32126086956,1531.32594040683,-0.676840399238718
"588",1985,"sealionSEAK",7936.561,8871.32126086956,1531.32594040683,-0.610425407291948
"589",1986,"sealionSEAK",8039.585,8871.32126086956,1531.32594040683,-0.543147764249717
"590",1987,"sealionSEAK",8143.946,8871.32126086956,1531.32594040683,-0.474997021650611
"591",1988,"sealionSEAK",8249.662,8871.32126086956,1531.32594040683,-0.405961424975539
"592",1989,"sealionSEAK",8356.75,8871.32126086956,1531.32594040683,-0.336029872734251
"593",1990,"sealionSEAK",8465.228,8871.32126086956,1531.32594040683,-0.265190610407656
"594",1991,"sealionSEAK",8575.114,8871.32126086956,1531.32594040683,-0.193431883476663
"595",1992,"sealionSEAK",8686.427,8871.32126086956,1531.32594040683,-0.120741284393343
"596",1993,"sealionSEAK",8799.184,8871.32126086956,1531.32594040683,-0.047107711667446
"597",1994,"sealionSEAK",8913.406,8871.32126086956,1531.32594040683,0.0274825483066363
"598",1995,"sealionSEAK",9029.11,8871.32126086956,1531.32594040683,0.103040597019153
"599",1996,"sealionSEAK",9146.315,8871.32126086956,1531.32594040683,0.179578842018034
"600",1997,"sealionSEAK",9265.043,8871.32126086956,1531.32594040683,0.257111649937723
"601",1998,"sealionSEAK",9385.311,8871.32126086956,1531.32594040683,0.335650122268472
"602",1999,"sealionSEAK",9507.141,8871.32126086956,1531.32594040683,0.415208625644724
"603",2000,"sealionSEAK",9630.552,8871.32126086956,1531.32594040683,0.495799567614409
"604",2001,"sealionSEAK",9755.565,8871.32126086956,1531.32594040683,0.577436661783132
"605",2002,"sealionSEAK",9882.201,8871.32126086956,1531.32594040683,0.660133621756497
"606",2003,"sealionSEAK",10010.481,8871.32126086956,1531.32594040683,0.743904161140111
"607",2004,"sealionSEAK",10140.426,8871.32126086956,1531.32594040683,0.828761993539578
"608",2005,"sealionSEAK",10272.058,8871.32126086956,1531.32594040683,0.914721485589345
"609",2006,"sealionSEAK",10405.398,8871.32126086956,1531.32594040683,1.00179635089501
"610",2007,"sealionSEAK",10540.47,8871.32126086956,1531.32594040683,1.0900022621487
"611",2008,"sealionSEAK",10677.294,8871.32126086956,1531.32594040683,1.17935227992718
"612",2009,"sealionSEAK",10815.895,8871.32126086956,1531.32594040683,1.26986272995141
"613",2010,"sealionSEAK",10956.295,8871.32126086956,1531.32594040683,1.36154797885584
"614",2011,"sealionSEAK",11098.518,8871.32126086956,1531.32594040683,1.45442369933257
"615",2012,"sealionSEAK",11242.586,8871.32126086956,1531.32594040683,1.54850425801607
"616",2013,"sealionSEAK",11388.525,8871.32126086956,1531.32594040683,1.64380663365611
"617",2014,"sealionSEAK",11536.359,8871.32126086956,1531.32594040683,1.74034649894484
"618",2015,"sealionSEAK",11686.111,8871.32126086956,1531.32594040683,1.83813887354551
"619",2016,"sealionSEAK",NA,8871.32126086956,1531.32594040683,NA
"620",2017,"sealionSEAK",NA,8871.32126086956,1531.32594040683,NA
"621",2018,"sealionSEAK",NA,8871.32126086956,1531.32594040683,NA
"622",1950,"sealionWAK",NA,29550.0289130435,17899.7811010104,NA
"623",1951,"sealionWAK",NA,29550.0289130435,17899.7811010104,NA
"624",1952,"sealionWAK",NA,29550.0289130435,17899.7811010104,NA
"625",1953,"sealionWAK",NA,29550.0289130435,17899.7811010104,NA
"626",1954,"sealionWAK",NA,29550.0289130435,17899.7811010104,NA
"627",1955,"sealionWAK",NA,29550.0289130435,17899.7811010104,NA
"628",1956,"sealionWAK",NA,29550.0289130435,17899.7811010104,NA
"629",1957,"sealionWAK",NA,29550.0289130435,17899.7811010104,NA
"630",1958,"sealionWAK",NA,29550.0289130435,17899.7811010104,NA
"631",1959,"sealionWAK",NA,29550.0289130435,17899.7811010104,NA
"632",1960,"sealionWAK",NA,29550.0289130435,17899.7811010104,NA
"633",1961,"sealionWAK",NA,29550.0289130435,17899.7811010104,NA
"634",1962,"sealionWAK",NA,29550.0289130435,17899.7811010104,NA
"635",1963,"sealionWAK",NA,29550.0289130435,17899.7811010104,NA
"636",1964,"sealionWAK",NA,29550.0289130435,17899.7811010104,NA
"637",1965,"sealionWAK",NA,29550.0289130435,17899.7811010104,NA
"638",1966,"sealionWAK",NA,29550.0289130435,17899.7811010104,NA
"639",1967,"sealionWAK",NA,29550.0289130435,17899.7811010104,NA
"640",1968,"sealionWAK",NA,29550.0289130435,17899.7811010104,NA
"641",1969,"sealionWAK",NA,29550.0289130435,17899.7811010104,NA
"642",1970,"sealionWAK",60764.71,29550.0289130435,17899.7811010104,1.74385825786409
"643",1971,"sealionWAK",59941.18,29550.0289130435,17899.7811010104,1.69785043266484
"644",1972,"sealionWAK",59117.65,29550.0289130435,17899.7811010104,1.6518426074656
"645",1973,"sealionWAK",58294.12,29550.0289130435,17899.7811010104,1.60583478226636
"646",1974,"sealionWAK",57470.59,29550.0289130435,17899.7811010104,1.55982695706711
"647",1975,"sealionWAK",56647.06,29550.0289130435,17899.7811010104,1.51381913186787
"648",1976,"sealionWAK",55823.53,29550.0289130435,17899.7811010104,1.46781130666863
"649",1977,"sealionWAK",55000,29550.0289130435,17899.7811010104,1.42180348146938
"650",1978,"sealionWAK",52875,29550.0289130435,17899.7811010104,1.30308694588672
"651",1979,"sealionWAK",50750,29550.0289130435,17899.7811010104,1.18437041030406
"652",1980,"sealionWAK",48625,29550.0289130435,17899.7811010104,1.06565387472139
"653",1981,"sealionWAK",46500,29550.0289130435,17899.7811010104,0.946937339138729
"654",1982,"sealionWAK",44375,29550.0289130435,17899.7811010104,0.828220803556065
"655",1983,"sealionWAK",42250,29550.0289130435,17899.7811010104,0.709504267973401
"656",1984,"sealionWAK",40125,29550.0289130435,17899.7811010104,0.590787732390737
"657",1985,"sealionWAK",38000,29550.0289130435,17899.7811010104,0.472071196808073
"658",1986,"sealionWAK",36400,29550.0289130435,17899.7811010104,0.38268462883995
"659",1987,"sealionWAK",34800,29550.0289130435,17899.7811010104,0.293298060871826
"660",1988,"sealionWAK",33200,29550.0289130435,17899.7811010104,0.203911492903703
"661",1989,"sealionWAK",31600,29550.0289130435,17899.7811010104,0.114524924935579
"662",1990,"sealionWAK",24689.69,29550.0289130435,17899.7811010104,-0.271530634124298
"663",1991,"sealionWAK",21271.28,29550.0289130435,17899.7811010104,-0.462505595254243
"664",1992,"sealionWAK",18670.44,29550.0289130435,17899.7811010104,-0.607805696150627
"665",1993,"sealionWAK",17056.79,29550.0289130435,17899.7811010104,-0.697954843276728
"666",1994,"sealionWAK",15443.14,29550.0289130435,17899.7811010104,-0.78810399040283
"667",1995,"sealionWAK",13647.64,29550.0289130435,17899.7811010104,-0.888412479644559
"668",1996,"sealionWAK",11852.15,29550.0289130435,17899.7811010104,-0.988720410220237
"669",1997,"sealionWAK",11399.02,29550.0289130435,17899.7811010104,-1.01403524493486
"670",1998,"sealionWAK",10945.9,29550.0289130435,17899.7811010104,-1.03934952098343
"671",1999,"sealionWAK",10548.29,29550.0289130435,17899.7811010104,-1.06156264178956
"672",2000,"sealionWAK",10150.68,29550.0289130435,17899.7811010104,-1.08377576259569
"673",2001,"sealionWAK",10807.4,29550.0289130435,17899.7811010104,-1.04708704577317
"674",2002,"sealionWAK",11464.13,29550.0289130435,17899.7811010104,-1.01039777028461
"675",2003,"sealionWAK",12120.86,29550.0289130435,17899.7811010104,-0.973708494796041
"676",2004,"sealionWAK",12777.59,29550.0289130435,17899.7811010104,-0.937019219307475
"677",2005,"sealionWAK",13434.31,29550.0289130435,17899.7811010104,-0.900330502484958
"678",2006,"sealionWAK",14091.04,29550.0289130435,17899.7811010104,-0.863641226996392
"679",2007,"sealionWAK",14747.77,29550.0289130435,17899.7811010104,-0.826951951507826
"680",2008,"sealionWAK",15404.5,29550.0289130435,17899.7811010104,-0.79026267601926
"681",2009,"sealionWAK",16061.23,29550.0289130435,17899.7811010104,-0.753573400530694
"682",2010,"sealionWAK",16717.95,29550.0289130435,17899.7811010104,-0.716884683708178
"683",2011,"sealionWAK",17374.68,29550.0289130435,17899.7811010104,-0.680195408219612
"684",2012,"sealionWAK",18031.41,29550.0289130435,17899.7811010104,-0.643506132731046
"685",2013,"sealionWAK",18688.14,29550.0289130435,17899.7811010104,-0.60681685724248
"686",2014,"sealionWAK",19344.87,29550.0289130435,17899.7811010104,-0.570127581753914
"687",2015,"sealionWAK",20001.59,29550.0289130435,17899.7811010104,-0.533438864931397
"688",2016,"sealionWAK",NA,29550.0289130435,17899.7811010104,NA
"689",2017,"sealionWAK",NA,29550.0289130435,17899.7811010104,NA
"690",2018,"sealionWAK",NA,29550.0289130435,17899.7811010104,NA
"691",1950,"chumTotalAK",NA,25.1389884309029,6.87131495057667,NA
"692",1951,"chumTotalAK",NA,25.1389884309029,6.87131495057667,NA
"693",1952,"chumTotalAK",16.9457843450795,25.1389884309029,6.87131495057667,-1.19237789924559
"694",1953,"chumTotalAK",16.0174970709223,25.1389884309029,6.87131495057667,-1.3274739151951
"695",1954,"chumTotalAK",18.4861442522568,25.1389884309029,6.87131495057667,-0.96820539103477
"696",1955,"chumTotalAK",11.7903463253561,25.1389884309029,6.87131495057667,-1.94266195066878
"697",1956,"chumTotalAK",16.582909496582,25.1389884309029,6.87131495057667,-1.2451880019854
"698",1957,"chumTotalAK",18.0657110926774,25.1389884309029,6.87131495057667,-1.02939210167217
"699",1958,"chumTotalAK",15.3638893263661,25.1389884309029,6.87131495057667,-1.42259511823374
"700",1959,"chumTotalAK",12.765451855672,25.1389884309029,6.87131495057667,-1.80075235442272
"701",1960,"chumTotalAK",15.3681687930611,25.1389884309029,6.87131495057667,-1.42197231652463
"702",1961,"chumTotalAK",12.9068665790206,25.1389884309029,6.87131495057667,-1.78017190885069
"703",1962,"chumTotalAK",15.6739622526652,25.1389884309029,6.87131495057667,-1.37746941397926
"704",1963,"chumTotalAK",11.3828611021648,25.1389884309029,6.87131495057667,-2.00196431508116
"705",1964,"chumTotalAK",15.9565318227947,25.1389884309029,6.87131495057667,-1.33634634333529
"706",1965,"chumTotalAK",10.2598068687849,25.1389884309029,6.87131495057667,-2.16540526364162
"707",1966,"chumTotalAK",14.6507265777811,25.1389884309029,6.87131495057667,-1.52638351298999
"708",1967,"chumTotalAK",11.0464542234077,25.1389884309029,6.87131495057667,-2.05092246663974
"709",1968,"chumTotalAK",13.6247094076172,25.1389884309029,6.87131495057667,-1.67570241010702
"710",1969,"chumTotalAK",8.70126478803244,25.1389884309029,6.87131495057667,-2.3922238699728
"711",1970,"chumTotalAK",16.7804756062899,25.1389884309029,6.87131495057667,-1.21643570186105
"712",1971,"chumTotalAK",16.440568657668,25.1389884309029,6.87131495057667,-1.26590322751906
"713",1972,"chumTotalAK",15.6681728324069,25.1389884309029,6.87131495057667,-1.37831196308375
"714",1973,"chumTotalAK",16.5685507449982,25.1389884309029,6.87131495057667,-1.24727766774618
"715",1974,"chumTotalAK",15.3971670596072,25.1389884309029,6.87131495057667,-1.41775212479209
"716",1975,"chumTotalAK",15.818693700436,25.1389884309029,6.87131495057667,-1.35640627703796
"717",1976,"chumTotalAK",17.6792067471909,25.1389884309029,6.87131495057667,-1.08564106541005
"718",1977,"chumTotalAK",19.4398411440734,25.1389884309029,6.87131495057667,-0.829411448583251
"719",1978,"chumTotalAK",16.3074321185891,25.1389884309029,6.87131495057667,-1.28527892780881
"720",1979,"chumTotalAK",16.5402116256365,25.1389884309029,6.87131495057667,-1.25140193210687
"721",1980,"chumTotalAK",22.2681233823152,25.1389884309029,6.87131495057667,-0.41780431682102
"722",1981,"chumTotalAK",25.1464332440085,25.1389884309029,6.87131495057667,0.00108346265003167
"723",1982,"chumTotalAK",20.9234406028416,25.1389884309029,6.87131495057667,-0.613499433279152
"724",1983,"chumTotalAK",19.0194928597406,25.1389884309029,6.87131495057667,-0.89058580710942
"725",1984,"chumTotalAK",27.5442308371194,25.1389884309029,6.87131495057667,0.350041065431675
"726",1985,"chumTotalAK",23.421875963992,25.1389884309029,6.87131495057667,-0.249895759292308
"727",1986,"chumTotalAK",23.7252792322018,25.1389884309029,6.87131495057667,-0.20574070740019
"728",1987,"chumTotalAK",22.8141271634782,25.1389884309029,6.87131495057667,-0.338342993174783
"729",1988,"chumTotalAK",29.081383989438,25.1389884309029,6.87131495057667,0.573746886424438
"730",1989,"chumTotalAK",17.772189028973,25.1389884309029,6.87131495057667,-1.0721091166563
"731",1990,"chumTotalAK",15.8434960223487,25.1389884309029,6.87131495057667,-1.35279673183575
"732",1991,"chumTotalAK",18.7974507092594,25.1389884309029,6.87131495057667,-0.922900167909104
"733",1992,"chumTotalAK",20.005089944343,25.1389884309029,6.87131495057667,-0.747149348194131
"734",1993,"chumTotalAK",19.9668637164014,25.1389884309029,6.87131495057667,-0.752712508697841
"735",1994,"chumTotalAK",29.7555850103427,25.1389884309029,6.87131495057667,0.671865081523051
"736",1995,"chumTotalAK",33.9898664915867,25.1389884309029,6.87131495057667,1.2880908711572
"737",1996,"chumTotalAK",37.7695412992446,25.1389884309029,6.87131495057667,1.83815659145149
"738",1997,"chumTotalAK",28.2433370724749,25.1389884309029,6.87131495057667,0.451783779946141
"739",1998,"chumTotalAK",33.290869260043,25.1389884309029,6.87131495057667,1.18636402024563
"740",1999,"chumTotalAK",35.1684858739617,25.1389884309029,6.87131495057667,1.45961835765031
"741",2000,"chumTotalAK",38.0245472990618,25.1389884309029,6.87131495057667,1.87526826536709
"742",2001,"chumTotalAK",28.1002501408701,25.1389884309029,6.87131495057667,0.430959973639199
"743",2002,"chumTotalAK",27.8513457660941,25.1389884309029,6.87131495057667,0.394736284786877
"744",2003,"chumTotalAK",31.9577592633273,25.1389884309029,6.87131495057667,0.992353120395405
"745",2004,"chumTotalAK",29.9225474813597,25.1389884309029,6.87131495057667,0.6961635560098
"746",2005,"chumTotalAK",31.1995806666275,25.1389884309029,6.87131495057667,0.882013454384874
"747",2006,"chumTotalAK",31.8880241670057,25.1389884309029,6.87131495057667,0.982204393867341
"748",2007,"chumTotalAK",29.0961092482933,25.1389884309029,6.87131495057667,0.575889890923754
"749",2008,"chumTotalAK",27.2580563118571,25.1389884309029,6.87131495057667,0.308393356467573
"750",2009,"chumTotalAK",26.8867199731695,25.1389884309029,6.87131495057667,0.254351831467117
"751",2010,"chumTotalAK",29.1443864742019,25.1389884309029,6.87131495057667,0.582915798811232
"752",2011,"chumTotalAK",31.0634065232057,25.1389884309029,6.87131495057667,0.862195683783285
"753",2012,"chumTotalAK",33.3077875092552,25.1389884309029,6.87131495057667,1.18882617622799
"754",2013,"chumTotalAK",34.9386286018152,25.1389884309029,6.87131495057667,1.42616664225089
"755",2014,"chumTotalAK",22.3319901665714,25.1389884309029,6.87131495057667,-0.408509620723464
"756",2015,"chumTotalAK",32.2348462878095,25.1389884309029,6.87131495057667,1.03267830218015
"757",2016,"chumTotalAK",NA,25.1389884309029,6.87131495057667,NA
"758",2017,"chumTotalAK",NA,25.1389884309029,6.87131495057667,NA
"759",2018,"chumTotalAK",NA,25.1389884309029,6.87131495057667,NA
"760",1950,"pinkTotalAK",NA,132.932066749822,65.3721448817866,NA
"761",1951,"pinkTotalAK",NA,132.932066749822,65.3721448817866,NA
"762",1952,"pinkTotalAK",40.9109896915509,132.932066749822,65.3721448817866,-1.40764965299325
"763",1953,"pinkTotalAK",29.4866406394053,132.932066749822,65.3721448817866,-1.58240832234401
"764",1954,"pinkTotalAK",47.0515148042901,132.932066749822,65.3721448817866,-1.31371782432459
"765",1955,"pinkTotalAK",45.3751550830581,132.932066749822,65.3721448817866,-1.33936115795336
"766",1956,"pinkTotalAK",50.8074912286108,132.932066749822,65.3721448817866,-1.2562625208293
"767",1957,"pinkTotalAK",26.8456584525943,132.932066749822,65.3721448817866,-1.62280751976344
"768",1958,"pinkTotalAK",45.6726958301921,132.932066749822,65.3721448817866,-1.33480966667719
"769",1959,"pinkTotalAK",27.5285618178681,132.932066749822,65.3721448817866,-1.61236112296081
"770",1960,"pinkTotalAK",34.1511325923688,132.932066749822,65.3721448817866,-1.51105542484617
"771",1961,"pinkTotalAK",35.6721150679042,132.932066749822,65.3721448817866,-1.48778890241088
"772",1962,"pinkTotalAK",64.832708928201,132.932066749822,65.3721448817866,-1.04171827228197
"773",1963,"pinkTotalAK",54.6980994324759,132.932066749822,65.3721448817866,-1.19674775026608
"774",1964,"pinkTotalAK",70.7803583114288,132.932066749822,65.3721448817866,-0.950736870432866
"775",1965,"pinkTotalAK",33.7059641729786,132.932066749822,65.3721448817866,-1.51786518181828
"776",1966,"pinkTotalAK",64.26861644736,132.932066749822,65.3721448817866,-1.05034721480575
"777",1967,"pinkTotalAK",14.4097137458416,132.932066749822,65.3721448817866,-1.8130406034299
"778",1968,"pinkTotalAK",70.6681713394495,132.932066749822,65.3721448817866,-0.952452998489888
"779",1969,"pinkTotalAK",39.591732570568,132.932066749822,65.3721448817866,-1.42783037558341
"780",1970,"pinkTotalAK",48.7542287889908,132.932066749822,65.3721448817866,-1.28767134860041
"781",1971,"pinkTotalAK",39.5707341248131,132.932066749822,65.3721448817866,-1.42815158954683
"782",1972,"pinkTotalAK",29.037232412844,132.932066749822,65.3721448817866,-1.58928293579556
"783",1973,"pinkTotalAK",23.606972673072,132.932066749822,65.3721448817866,-1.67234981006734
"784",1974,"pinkTotalAK",26.2658326697248,132.932066749822,65.3721448817866,-1.63167713516183
"785",1975,"pinkTotalAK",29.561104796587,132.932066749822,65.3721448817866,-1.581269241512
"786",1976,"pinkTotalAK",61.2176860480703,132.932066749822,65.3721448817866,-1.09701740445314
"787",1977,"pinkTotalAK",52.0607748735558,132.932066749822,65.3721448817866,-1.237090996823
"788",1978,"pinkTotalAK",101.921095882232,132.932066749822,65.3721448817866,-0.474375912304363
"789",1979,"pinkTotalAK",89.147576224782,132.932066749822,65.3721448817866,-0.669772891867272
"790",1980,"pinkTotalAK",102.109699099656,132.932066749822,65.3721448817866,-0.471490842252507
"791",1981,"pinkTotalAK",95.2446768809672,132.932066749822,65.3721448817866,-0.576505328638152
"792",1982,"pinkTotalAK",101.43719028975,132.932066749822,65.3721448817866,-0.481778233175997
"793",1983,"pinkTotalAK",96.2686463876606,132.932066749822,65.3721448817866,-0.56084163107178
"794",1984,"pinkTotalAK",129.676917421046,132.932066749822,65.3721448817866,-0.0497941337960198
"795",1985,"pinkTotalAK",150.799737476913,132.932066749822,65.3721448817866,0.273322387683637
"796",1986,"pinkTotalAK",129.565059447808,132.932066749822,65.3721448817866,-0.0515052291477214
"797",1987,"pinkTotalAK",79.5318413362357,132.932066749822,65.3721448817866,-0.816865126731748
"798",1988,"pinkTotalAK",83.5944651774878,132.932066749822,65.3721448817866,-0.754719026912037
"799",1989,"pinkTotalAK",154.173349490354,132.932066749822,65.3721448817866,0.324928649334399
"800",1990,"pinkTotalAK",131.230370767895,132.932066749822,65.3721448817866,-0.0260309032999401
"801",1991,"pinkTotalAK",168.955602072201,132.932066749822,65.3721448817866,0.551053287107535
"802",1992,"pinkTotalAK",102.476916756881,132.932066749822,65.3721448817866,-0.465873500831493
"803",1993,"pinkTotalAK",154.770828270642,132.932066749822,65.3721448817866,0.334068303255322
"804",1994,"pinkTotalAK",166.146785633028,132.932066749822,65.3721448817866,0.508086723225438
"805",1995,"pinkTotalAK",194.739811270642,132.932066749822,65.3721448817866,0.945475242285341
"806",1996,"pinkTotalAK",175.732427986239,132.932066749822,65.3721448817866,0.654718631518257
"807",1997,"pinkTotalAK",128.63443033945,132.932066749822,65.3721448817866,-0.0657410953571119
"808",1998,"pinkTotalAK",170.236881949541,132.932066749822,65.3721448817866,0.570653070465676
"809",1999,"pinkTotalAK",247.46503787156,132.932066749822,65.3721448817866,1.75201488843374
"810",2000,"pinkTotalAK",124.028068114679,132.932066749822,65.3721448817866,-0.136204780357822
"811",2001,"pinkTotalAK",195.560988586309,132.932066749822,65.3721448817866,0.958036820571504
"812",2002,"pinkTotalAK",163.950027810203,132.932066749822,65.3721448817866,0.474482841529382
"813",2003,"pinkTotalAK",196.470683361838,132.932066749822,65.3721448817866,0.971952453555155
"814",2004,"pinkTotalAK",178.271584453204,132.932066749822,65.3721448817866,0.693560197319052
"815",2005,"pinkTotalAK",246.668731050062,132.932066749822,65.3721448817866,1.7398337549718
"816",2006,"pinkTotalAK",117.706655663172,132.932066749822,65.3721448817866,-0.232903649011101
"817",2007,"pinkTotalAK",202.447652507128,132.932066749822,65.3721448817866,1.06338236083597
"818",2008,"pinkTotalAK",122.843642588921,132.932066749822,65.3721448817866,-0.154322979292549
"819",2009,"pinkTotalAK",145.410400635231,132.932066749822,65.3721448817866,0.190881512423576
"820",2010,"pinkTotalAK",151.2099612334,132.932066749822,65.3721448817866,0.279597594917984
"821",2011,"pinkTotalAK",178.704224174783,132.932066749822,65.3721448817866,0.700178302359989
"822",2012,"pinkTotalAK",109.036827261178,132.932066749822,65.3721448817866,-0.365526319074502
"823",2013,"pinkTotalAK",315.369479391029,132.932066749822,65.3721448817866,2.79075151918468
"824",2014,"pinkTotalAK",141.113057040067,132.932066749822,65.3721448817866,0.125144896271009
"825",2015,"pinkTotalAK",262.1491722,132.932066749822,65.3721448817866,1.97663860783278
"826",2016,"pinkTotalAK",NA,132.932066749822,65.3721448817866,NA
"827",2017,"pinkTotalAK",NA,132.932066749822,65.3721448817866,NA
"828",2018,"pinkTotalAK",NA,132.932066749822,65.3721448817866,NA
"829",1950,"sockTotalAK",NA,53.2379598580712,18.648972110297,NA
"830",1951,"sockTotalAK",NA,53.2379598580712,18.648972110297,NA
"831",1952,"sockTotalAK",32.1723136730846,53.2379598580712,18.648972110297,-1.1295875215211
"832",1953,"sockTotalAK",19.8630964705768,53.2379598580712,18.648972110297,-1.78963554613642
"833",1954,"sockTotalAK",17.6841522436196,53.2379598580712,18.648972110297,-1.90647545635078
"834",1955,"sockTotalAK",15.9950204576241,53.2379598580712,18.648972110297,-1.99705051732494
"835",1956,"sockTotalAK",34.2621776856567,53.2379598580712,18.648972110297,-1.01752429357417
"836",1957,"sockTotalAK",25.8894310079549,53.2379598580712,18.648972110297,-1.46648987881835
"837",1958,"sockTotalAK",12.6291009006163,53.2379598580712,18.648972110297,-2.17753872531305
"838",1959,"sockTotalAK",20.1666347267325,53.2379598580712,18.648972110297,-1.77335913935323
"839",1960,"sockTotalAK",47.6917735621056,53.2379598580712,18.648972110297,-0.297399034282606
"840",1961,"sockTotalAK",31.9136574616359,53.2379598580712,18.648972110297,-1.14345725170885
"841",1962,"sockTotalAK",20.0670640023017,53.2379598580712,18.648972110297,-1.77869834646029
"842",1963,"sockTotalAK",14.7860248849186,53.2379598580712,18.648972110297,-2.06187959023872
"843",1964,"sockTotalAK",19.4038791032499,53.2379598580712,18.648972110297,-1.8142598184347
"844",1965,"sockTotalAK",69.3633389482076,53.2379598580712,18.648972110297,0.864679243164976
"845",1966,"sockTotalAK",29.6805526958722,53.2379598580712,18.648972110297,-1.26320137232613
"846",1967,"sockTotalAK",19.4737880151351,53.2379598580712,18.648972110297,-1.81051114470235
"847",1968,"sockTotalAK",18.4244246159649,53.2379598580712,18.648972110297,-1.86678037996979
"848",1969,"sockTotalAK",30.0887899990683,53.2379598580712,18.648972110297,-1.24131076619612
"849",1970,"sockTotalAK",54.892869226043,53.2379598580712,18.648972110297,0.0887399776343729
"850",1971,"sockTotalAK",26.7441241329354,53.2379598580712,18.648972110297,-1.42065930328177
"851",1972,"sockTotalAK",14.1614032734276,53.2379598580712,18.648972110297,-2.09537321164567
"852",1973,"sockTotalAK",10.2213319224425,53.2379598580712,18.648972110297,-2.30664873544837
"853",1974,"sockTotalAK",18.8954909784169,53.2379598580712,18.648972110297,-1.84152073779402
"854",1975,"sockTotalAK",32.2255091238031,53.2379598580712,18.648972110297,-1.12673506132094
"855",1976,"sockTotalAK",24.1670919979262,53.2379598580712,18.648972110297,-1.55884558613788
"856",1977,"sockTotalAK",23.7375641940231,53.2379598580712,18.648972110297,-1.58187783699668
"857",1978,"sockTotalAK",34.3999185825221,53.2379598580712,18.648972110297,-1.0101383156205
"858",1979,"sockTotalAK",54.1793396575206,53.2379598580712,18.648972110297,0.0504789107883122
"859",1980,"sockTotalAK",78.8989006347169,53.2379598580712,18.648972110297,1.37599759519598
"860",1981,"sockTotalAK",52.1000349932021,53.2379598580712,18.648972110297,-0.0610181010588131
"861",1982,"sockTotalAK",42.7540589482745,53.2379598580712,18.648972110297,-0.562170442842155
"862",1983,"sockTotalAK",67.0612282927951,53.2379598580712,18.648972110297,0.741234870906981
"863",1984,"sockTotalAK",61.0665119562505,53.2379598580712,18.648972110297,0.419784642921781
"864",1985,"sockTotalAK",60.347390312697,53.2379598580712,18.648972110297,0.381223716383828
"865",1986,"sockTotalAK",45.9873358076158,53.2379598580712,18.648972110297,-0.388794835853283
"866",1987,"sockTotalAK",52.5946398127587,53.2379598580712,18.648972110297,-0.0344962736556018
"867",1988,"sockTotalAK",43.9848325831471,53.2379598580712,18.648972110297,-0.496173581053026
"868",1989,"sockTotalAK",65.5544026689338,53.2379598580712,18.648972110297,0.660435478053081
"869",1990,"sockTotalAK",72.4922574671493,53.2379598580712,18.648972110297,1.03245892026654
"870",1991,"sockTotalAK",69.1940533017403,53.2379598580712,18.648972110297,0.855601764499338
"871",1992,"sockTotalAK",77.1868491284117,53.2379598580712,18.648972110297,1.28419352705864
"872",1993,"sockTotalAK",82.2947823668257,53.2379598580712,18.648972110297,1.55809244267735
"873",1994,"sockTotalAK",76.4455837384913,53.2379598580712,18.648972110297,1.24444520283271
"874",1995,"sockTotalAK",87.4983805439674,53.2379598580712,18.648972110297,1.8371211283532
"875",1996,"sockTotalAK",66.0271303189462,53.2379598580712,18.648972110297,0.685784202219567
"876",1997,"sockTotalAK",44.3538829379467,53.2379598580712,18.648972110297,-0.476384267592911
"877",1998,"sockTotalAK",36.9847496173674,53.2379598580712,18.648972110297,-0.871533838142724
"878",1999,"sockTotalAK",67.9528129215785,53.2379598580712,18.648972110297,0.789043652190486
"879",2000,"sockTotalAK",49.8822182298871,53.2379598580712,18.648972110297,-0.179942444459511
"880",2001,"sockTotalAK",43.9108031395256,53.2379598580712,18.648972110297,-0.500143207002578
"881",2002,"sockTotalAK",36.9036190234187,53.2379598580712,18.648972110297,-0.875884243809527
"882",2003,"sockTotalAK",52.5219124621773,53.2379598580712,18.648972110297,-0.0383960784357937
"883",2004,"sockTotalAK",69.9149721025743,53.2379598580712,18.648972110297,0.894259058669238
"884",2005,"sockTotalAK",64.9423655435959,53.2379598580712,18.648972110297,0.627616665213527
"885",2006,"sockTotalAK",58.986053056052,53.2379598580712,18.648972110297,0.30822573834013
"886",2007,"sockTotalAK",62.1585826498218,53.2379598580712,18.648972110297,0.478343939761971
"887",2008,"sockTotalAK",54.9332126410816,53.2379598580712,18.648972110297,0.0909032826572986
"888",2009,"sockTotalAK",56.3887701438901,53.2379598580712,18.648972110297,0.168953563080251
"889",2010,"sockTotalAK",56.0673845140705,53.2379598580712,18.648972110297,0.151720139816019
"890",2011,"sockTotalAK",54.3770722693279,53.2379598580712,18.648972110297,0.0610817799779829
"891",2012,"sockTotalAK",50.9240066948281,53.2379598580712,18.648972110297,-0.124079394272108
"892",2013,"sockTotalAK",45.1089611546501,53.2379598580712,18.648972110297,-0.435895268401021
"893",2014,"sockTotalAK",63.6298114433864,53.2379598580712,18.648972110297,0.557234550186138
"894",2015,"sockTotalAK",83.8919469611111,53.2379598580712,18.648972110297,1.64373601514017
"895",2016,"sockTotalAK",NA,53.2379598580712,18.648972110297,NA
"896",2017,"sockTotalAK",NA,53.2379598580712,18.648972110297,NA
"897",2018,"sockTotalAK",NA,53.2379598580712,18.648972110297,NA
"898",1950,"chumTotal",NA,108.06446346157,31.7078307215288,NA
"899",1951,"chumTotal",NA,108.06446346157,31.7078307215288,NA
"900",1952,"chumTotal",52.8845153968726,108.06446346157,31.7078307215288,-1.74026247803928
"901",1953,"chumTotal",51.8134199295402,108.06446346157,31.7078307215288,-1.77404263401208
"902",1954,"chumTotal",72.1051569433064,108.06446346157,31.7078307215288,-1.13408283379817
"903",1955,"chumTotal",76.7984874361277,108.06446346157,31.7078307215288,-0.98606480840753
"904",1956,"chumTotal",83.503018474063,108.06446346157,31.7078307215288,-0.774617639510444
"905",1957,"chumTotal",65.2101537394968,108.06446346157,31.7078307215288,-1.35153710445971
"906",1958,"chumTotal",71.3882501392722,108.06446346157,31.7078307215288,-1.15669260519282
"907",1959,"chumTotal",64.6914934804088,108.06446346157,31.7078307215288,-1.36789458610653
"908",1960,"chumTotal",66.6642341008187,108.06446346157,31.7078307215288,-1.30567838980678
"909",1961,"chumTotal",55.6349310086669,108.06446346157,31.7078307215288,-1.65352000625212
"910",1962,"chumTotal",59.7283597102388,108.06446346157,31.7078307215288,-1.52442165393903
"911",1963,"chumTotal",56.9062524067649,108.06446346157,31.7078307215288,-1.61342513475923
"912",1964,"chumTotal",62.4736778341618,108.06446346157,31.7078307215288,-1.43783994647271
"913",1965,"chumTotal",54.1967670988086,108.06446346157,31.7078307215288,-1.69887674864452
"914",1966,"chumTotal",65.7663505368729,108.06446346157,31.7078307215288,-1.33399579732139
"915",1967,"chumTotal",53.3691984757006,108.06446346157,31.7078307215288,-1.72497656702617
"916",1968,"chumTotal",52.5662668184246,108.06446346157,31.7078307215288,-1.75029938599565
"917",1969,"chumTotal",37.7598407714738,108.06446346157,31.7078307215288,-2.21726371972718
"918",1970,"chumTotal",61.5971248973192,108.06446346157,31.7078307215288,-1.46548462972275
"919",1971,"chumTotal",56.7268426676968,108.06446346157,31.7078307215288,-1.61908335025318
"920",1972,"chumTotal",67.0538439354696,108.06446346157,31.7078307215288,-1.29339089407512
"921",1973,"chumTotal",64.4653742755778,108.06446346157,31.7078307215288,-1.37502592242584
"922",1974,"chumTotal",63.3528240612153,108.06446346157,31.7078307215288,-1.41011347616401
"923",1975,"chumTotal",65.0994814869378,108.06446346157,31.7078307215288,-1.35502748049744
"924",1976,"chumTotal",67.687767904416,108.06446346157,31.7078307215288,-1.27339823123692
"925",1977,"chumTotal",60.2937337180368,108.06446346157,31.7078307215288,-1.50659091639147
"926",1978,"chumTotal",61.7898802168532,108.06446346157,31.7078307215288,-1.45940552197089
"927",1979,"chumTotal",63.7915951907912,108.06446346157,31.7078307215288,-1.39627553393992
"928",1980,"chumTotal",70.9620690383058,108.06446346157,31.7078307215288,-1.17013348371615
"929",1981,"chumTotal",79.9316625339586,108.06446346157,31.7078307215288,-0.887250886845133
"930",1982,"chumTotal",77.903968899367,108.06446346157,31.7078307215288,-0.951200188593324
"931",1983,"chumTotal",80.1533323083504,108.06446346157,31.7078307215288,-0.880259876443362
"932",1984,"chumTotal",91.5535057471852,108.06446346157,31.7078307215288,-0.520721769312798
"933",1985,"chumTotal",107.143352613752,108.06446346157,31.7078307215288,-0.0290499484467387
"934",1986,"chumTotal",108.417498189828,108.06446346157,31.7078307215288,0.0111339918318022
"935",1987,"chumTotal",93.3236423626024,108.06446346157,31.7078307215288,-0.464895288120714
"936",1988,"chumTotal",111.955426068568,108.06446346157,31.7078307215288,0.122712986617398
"937",1989,"chumTotal",99.0824594025983,108.06446346157,31.7078307215288,-0.28327400060432
"938",1990,"chumTotal",113.607858427307,108.06446346157,31.7078307215288,0.174827316772978
"939",1991,"chumTotal",105.296214010897,108.06446346157,31.7078307215288,-0.087304914517339
"940",1992,"chumTotal",92.4122934884269,108.06446346157,31.7078307215288,-0.493637363924617
"941",1993,"chumTotal",122.819088118137,108.06446346157,31.7078307215288,0.465330624038834
"942",1994,"chumTotal",137.418870402459,108.06446346157,31.7078307215288,0.925777836985796
"943",1995,"chumTotal",146.23179726747,108.06446346157,31.7078307215288,1.20371948939368
"944",1996,"chumTotal",161.89542538809,108.06446346157,31.7078307215288,1.69771821980776
"945",1997,"chumTotal",132.952967663943,108.06446346157,31.7078307215288,0.784932416883192
"946",1998,"chumTotal",134.46867153908,108.06446346157,31.7078307215288,0.832734610872699
"947",1999,"chumTotal",115.165048638806,108.06446346157,31.7078307215288,0.223937904790647
"948",2000,"chumTotal",113.950668419532,108.06446346157,31.7078307215288,0.185638841384538
"949",2001,"chumTotal",133.719550234561,108.06446346157,31.7078307215288,0.809108860152063
"950",2002,"chumTotal",120.615243311949,108.06446346157,31.7078307215288,0.395825875336752
"951",2003,"chumTotal",135.535260678539,108.06446346157,31.7078307215288,0.866372646499489
"952",2004,"chumTotal",143.17877865715,108.06446346157,31.7078307215288,1.10743353917737
"953",2005,"chumTotal",131.305706775265,108.06446346157,31.7078307215288,0.7329811842951
"954",2006,"chumTotal",143.56149286429,108.06446346157,31.7078307215288,1.119503560949
"955",2007,"chumTotal",130.884869529245,108.06446346157,31.7078307215288,0.719708840005262
"956",2008,"chumTotal",118.174249120872,108.06446346157,31.7078307215288,0.318841921041209
"957",2009,"chumTotal",145.495918427156,108.06446346157,31.7078307215288,1.1805113788554
"958",2010,"chumTotal",131.827785134737,108.06446346157,31.7078307215288,0.749446465823095
"959",2011,"chumTotal",123.904235035187,108.06446346157,31.7078307215288,0.499553933939161
"960",2012,"chumTotal",136.25271789662,108.06446346157,31.7078307215288,0.888999776825181
"961",2013,"chumTotal",146.606252899658,108.06446346157,31.7078307215288,1.21552905263616
"962",2014,"chumTotal",144.186358969352,108.06446346157,31.7078307215288,1.13921055732318
"963",2015,"chumTotal",157.212610814677,108.06446346157,31.7078307215288,1.55003184496429
"964",2016,"chumTotal",NA,108.06446346157,31.7078307215288,NA
"965",2017,"chumTotal",NA,108.06446346157,31.7078307215288,NA
"966",2018,"chumTotal",NA,108.06446346157,31.7078307215288,NA
"967",1950,"pinkTotal",NA,359.243270828341,135.063862928523,NA
"968",1951,"pinkTotal",NA,359.243270828341,135.063862928523,NA
"969",1952,"pinkTotal",198.029801492337,359.243270828341,135.063862928523,-1.19360919968148
"970",1953,"pinkTotal",336.529086883147,359.243270828341,135.063862928523,-0.168173658391619
"971",1954,"pinkTotal",179.794978158333,359.243270828341,135.063862928523,-1.3286180979806
"972",1955,"pinkTotal",294.413003999135,359.243270828341,135.063862928523,-0.479997131901332
"973",1956,"pinkTotal",260.813520760938,359.243270828341,135.063862928523,-0.728764511344478
"974",1957,"pinkTotal",362.033995284624,359.243270828341,135.063862928523,0.0206622585477206
"975",1958,"pinkTotal",187.029916547117,359.243270828341,135.063862928523,-1.27505130200785
"976",1959,"pinkTotal",240.002093816939,359.243270828341,135.063862928523,-0.882850337802829
"977",1960,"pinkTotal",125.062974764498,359.243270828341,135.063862928523,-1.73384864749332
"978",1961,"pinkTotal",182.123678377805,359.243270828341,135.063862928523,-1.31137662295553
"979",1962,"pinkTotal",162.859114015246,359.243270828341,135.063862928523,-1.45400962592801
"980",1963,"pinkTotal",224.237581724228,359.243270828341,135.063862928523,-0.999569286534909
"981",1964,"pinkTotal",146.201532372443,359.243270828341,135.063862928523,-1.57734077670088
"982",1965,"pinkTotal",205.103642948628,359.243270828341,135.063862928523,-1.1412351500807
"983",1966,"pinkTotal",161.115101276499,359.243270828341,135.063862928523,-1.46692213043464
"984",1967,"pinkTotal",175.244766497823,359.243270828341,135.063862928523,-1.36230743250614
"985",1968,"pinkTotal",172.048206260047,359.243270828341,135.063862928523,-1.38597446059542
"986",1969,"pinkTotal",220.779286692979,359.243270828341,135.063862928523,-1.02517417415077
"987",1970,"pinkTotal",132.202934192255,359.243270828341,135.063862928523,-1.68098506671793
"988",1971,"pinkTotal",202.788030045121,359.243270828341,135.063862928523,-1.15837972786264
"989",1972,"pinkTotal",126.227642460573,359.243270828341,135.063862928523,-1.72522555860172
"990",1973,"pinkTotal",158.626903445562,359.243270828341,135.063862928523,-1.48534451061085
"991",1974,"pinkTotal",133.936077370008,359.243270828341,135.063862928523,-1.66815303940749
"992",1975,"pinkTotal",228.267337299033,359.243270828341,135.063862928523,-0.969733359385857
"993",1976,"pinkTotal",199.008022571678,359.243270828341,135.063862928523,-1.18636654381387
"994",1977,"pinkTotal",279.120432093405,359.243270828341,135.063862928523,-0.59322188035846
"995",1978,"pinkTotal",234.09684145941,359.243270828341,135.063862928523,-0.92657226481934
"996",1979,"pinkTotal",319.90237658078,359.243270828341,135.063862928523,-0.291276240694969
"997",1980,"pinkTotal",244.485205899697,359.243270828341,135.063862928523,-0.849657802171514
"998",1981,"pinkTotal",297.883814988944,359.243270828341,135.063862928523,-0.45429957731824
"999",1982,"pinkTotal",223.204303591336,359.243270828341,135.063862928523,-1.00721957959249
"1000",1983,"pinkTotal",431.007991503607,359.243270828341,135.063862928523,0.53133916888816
"1001",1984,"pinkTotal",308.773151604173,359.243270828341,135.063862928523,-0.373675964316799
"1002",1985,"pinkTotal",326.290137638936,359.243270828341,135.063862928523,-0.243981865133266
"1003",1986,"pinkTotal",261.761615175004,359.243270828341,135.063862928523,-0.72174491044229
"1004",1987,"pinkTotal",270.331046214991,359.243270828341,135.063862928523,-0.658297657756189
"1005",1988,"pinkTotal",212.157901450756,359.243270828341,135.063862928523,-1.08900609081071
"1006",1989,"pinkTotal",364.385904752731,359.243270828341,135.063862928523,0.0380755726430804
"1007",1990,"pinkTotal",303.035596626506,359.243270828341,135.063862928523,-0.416156275876549
"1008",1991,"pinkTotal",486.019323650747,359.243270828341,135.063862928523,0.938637841933313
"1009",1992,"pinkTotal",277.234168824538,359.243270828341,135.063862928523,-0.607187594265704
"1010",1993,"pinkTotal",398.592467943665,359.243270828341,135.063862928523,0.291337714338497
"1011",1994,"pinkTotal",453.748658999147,359.243270828341,135.063862928523,0.699708908968632
"1012",1995,"pinkTotal",434.867605035767,359.243270828341,135.063862928523,0.55991538052963
"1013",1996,"pinkTotal",424.251328128068,359.243270828341,135.063862928523,0.481313475641739
"1014",1997,"pinkTotal",401.96957610092,359.243270828341,135.063862928523,0.316341502058105
"1015",1998,"pinkTotal",443.571579620393,359.243270828341,135.063862928523,0.624358780828585
"1016",1999,"pinkTotal",501.073972616185,359.243270828341,135.063862928523,1.05010103156091
"1017",2000,"pinkTotal",381.81925682972,359.243270828341,135.063862928523,0.167150453954707
"1018",2001,"pinkTotal",401.819641168744,359.243270828341,135.063862928523,0.315231398075255
"1019",2002,"pinkTotal",382.885715843917,359.243270828341,135.063862928523,0.175046415102815
"1020",2003,"pinkTotal",466.32833914592,359.243270828341,135.063862928523,0.79284766476914
"1021",2004,"pinkTotal",361.270560709835,359.243270828341,135.063862928523,0.0150098615391072
"1022",2005,"pinkTotal",594.466170899573,359.243270828341,135.063862928523,1.74156798843902
"1023",2006,"pinkTotal",344.028357241129,359.243270828341,135.063862928523,-0.112649773650142
"1024",2007,"pinkTotal",548.774049667506,359.243270828341,135.063862928523,1.40326786699019
"1025",2008,"pinkTotal",328.171662374383,359.243270828341,135.063862928523,-0.23005123487695
"1026",2009,"pinkTotal",657.162796888144,359.243270828341,135.063862928523,2.20576784641103
"1027",2010,"pinkTotal",407.214270707983,359.243270828341,135.063862928523,0.355172722292332
"1028",2011,"pinkTotal",653.762542958358,359.243270828341,135.063862928523,2.18059268959217
"1029",2012,"pinkTotal",435.574775470095,359.243270828341,135.063862928523,0.565151203191553
"1030",2013,"pinkTotal",577.822428830146,359.243270828341,135.063862928523,1.61833930455164
"1031",2014,"pinkTotal",355.847081597455,359.243270828341,135.063862928523,-0.0251450621746488
"1032",2015,"pinkTotal",549.420859886839,359.243270828341,135.063862928523,1.40805678835901
"1033",2016,"pinkTotal",NA,359.243270828341,135.063862928523,NA
"1034",2017,"pinkTotal",NA,359.243270828341,135.063862928523,NA
"1035",2018,"pinkTotal",NA,359.243270828341,135.063862928523,NA
"1036",1950,"sockTotal",NA,77.7260491093807,21.7111562508078,NA
"1037",1951,"sockTotal",NA,77.7260491093807,21.7111562508078,NA
"1038",1952,"sockTotal",43.3688376581929,77.7260491093807,21.7111562508078,-1.58246806638451
"1039",1953,"sockTotal",37.4606469509087,77.7260491093807,21.7111562508078,-1.85459501526889
"1040",1954,"sockTotal",41.4186565106533,77.7260491093807,21.7111562508078,-1.67229198571019
"1041",1955,"sockTotal",36.1279812282926,77.7260491093807,21.7111562508078,-1.91597662512979
"1042",1956,"sockTotal",52.7973939454054,77.7260491093807,21.7111562508078,-1.14819565001509
"1043",1957,"sockTotal",49.6155937912032,77.7260491093807,21.7111562508078,-1.29474704126509
"1044",1958,"sockTotal",48.671687522229,77.7260491093807,21.7111562508078,-1.33822267462475
"1045",1959,"sockTotal",44.534273785407,77.7260491093807,21.7111562508078,-1.52878892955039
"1046",1960,"sockTotal",70.6312337258174,77.7260491093807,21.7111562508078,-0.326782014813208
"1047",1961,"sockTotal",57.1567885289069,77.7260491093807,21.7111562508078,-0.947405119416823
"1048",1962,"sockTotal",42.6529751437842,77.7260491093807,21.7111562508078,-1.61544017096241
"1049",1963,"sockTotal",36.7264538512376,77.7260491093807,21.7111562508078,-1.88841141321608
"1050",1964,"sockTotal",36.8453353699317,77.7260491093807,21.7111562508078,-1.88293581729108
"1051",1965,"sockTotal",85.0032181186419,77.7260491093807,21.7111562508078,0.335181089629458
"1052",1966,"sockTotal",48.5243085829162,77.7260491093807,21.7111562508078,-1.34501084093014
"1053",1967,"sockTotal",43.8119756434753,77.7260491093807,21.7111562508078,-1.56205745443169
"1054",1968,"sockTotal",45.2193149228439,77.7260491093807,21.7111562508078,-1.49723643508518
"1055",1969,"sockTotal",46.9913756730067,77.7260491093807,21.7111562508078,-1.41561661117107
"1056",1970,"sockTotal",74.0458433256958,77.7260491093807,21.7111562508078,-0.169507590529547
"1057",1971,"sockTotal",64.6898423192444,77.7260491093807,21.7111562508078,-0.600438163658433
"1058",1972,"sockTotal",30.8649834065886,77.7260491093807,21.7111562508078,-2.15838646092599
"1059",1973,"sockTotal",34.3899133068536,77.7260491093807,21.7111562508078,-1.99603076417981
"1060",1974,"sockTotal",40.7892516578845,77.7260491093807,21.7111562508078,-1.70128191353798
"1061",1975,"sockTotal",45.628596307303,77.7260491093807,21.7111562508078,-1.47838523343885
"1062",1976,"sockTotal",38.0750226542592,77.7260491093807,21.7111562508078,-1.82629731908665
"1063",1977,"sockTotal",41.1555824723653,77.7260491093807,21.7111562508078,-1.68440898377556
"1064",1978,"sockTotal",53.2971267859492,77.7260491093807,21.7111562508078,-1.12517832036341
"1065",1979,"sockTotal",72.962258490387,77.7260491093807,21.7111562508078,-0.219416716639239
"1066",1980,"sockTotal",91.817470143189,77.7260491093807,21.7111562508078,0.649040561038014
"1067",1981,"sockTotal",75.3911831755587,77.7260491093807,21.7111562508078,-0.107542219624308
"1068",1982,"sockTotal",71.5291873712893,77.7260491093807,21.7111562508078,-0.285422925730217
"1069",1983,"sockTotal",85.6719270253651,77.7260491093807,21.7111562508078,0.365981333476365
"1070",1984,"sockTotal",78.418927703628,77.7260491093807,21.7111562508078,0.0319134820017466
"1071",1985,"sockTotal",90.1285162172856,77.7260491093807,21.7111562508078,0.571248576751568
"1072",1986,"sockTotal",72.1891326793692,77.7260491093807,21.7111562508078,-0.255026326836257
"1073",1987,"sockTotal",73.5048942072363,77.7260491093807,21.7111562508078,-0.194423311839386
"1074",1988,"sockTotal",59.8148343115308,77.7260491093807,21.7111562508078,-0.824977471993623
"1075",1989,"sockTotal",93.9746335088946,77.7260491093807,21.7111562508078,0.748397930161335
"1076",1990,"sockTotal",106.135416838253,77.7260491093807,21.7111562508078,1.30851472858868
"1077",1991,"sockTotal",97.3394622927846,77.7260491093807,21.7111562508078,0.903379486418377
"1078",1992,"sockTotal",102.309996817403,77.7260491093807,21.7111562508078,1.13231867635367
"1079",1993,"sockTotal",128.422491266024,77.7260491093807,21.7111562508078,2.33504109919328
"1080",1994,"sockTotal",107.185621440335,77.7260491093807,21.7111562508078,1.35688638553546
"1081",1995,"sockTotal",109.306456231461,77.7260491093807,21.7111562508078,1.45457048704651
"1082",1996,"sockTotal",90.3505403608721,77.7260491093807,21.7111562508078,0.581474846648099
"1083",1997,"sockTotal",74.4277208465165,77.7260491093807,21.7111562508078,-0.15191859082777
"1084",1998,"sockTotal",57.9093587247981,77.7260491093807,21.7111562508078,-0.912742285839583
"1085",1999,"sockTotal",82.8405230912407,77.7260491093807,21.7111562508078,0.23556893620853
"1086",2000,"sockTotal",71.5736666101011,77.7260491093807,21.7111562508078,-0.283374244476304
"1087",2001,"sockTotal",65.2097074531599,77.7260491093807,21.7111562508078,-0.576493555277839
"1088",2002,"sockTotal",70.1472542426525,77.7260491093807,21.7111562508078,-0.349073756329595
"1089",2003,"sockTotal",73.2248003361156,77.7260491093807,21.7111562508078,-0.207324230974463
"1090",2004,"sockTotal",89.2264499455169,77.7260491093807,21.7111562508078,0.529700063105036
"1091",2005,"sockTotal",87.0033285442495,77.7260491093807,21.7111562508078,0.427304715036704
"1092",2006,"sockTotal",88.4448435242923,77.7260491093807,21.7111562508078,0.493699842195773
"1093",2007,"sockTotal",84.625352607777,77.7260491093807,21.7111562508078,0.317776880176042
"1094",2008,"sockTotal",74.5554914494557,77.7260491093807,21.7111562508078,-0.146033570174646
"1095",2009,"sockTotal",75.1788572819927,77.7260491093807,21.7111562508078,-0.117321795208086
"1096",2010,"sockTotal",104.393197383702,77.7260491093807,21.7111562508078,1.22826937295563
"1097",2011,"sockTotal",82.3595777036676,77.7260491093807,21.7111562508078,0.213416942919126
"1098",2012,"sockTotal",77.8634846763405,77.7260491093807,21.7111562508078,0.00633018183702919
"1099",2013,"sockTotal",73.4163578556882,77.7260491093807,21.7111562508078,-0.198501231528477
"1100",2014,"sockTotal",105.208107543863,77.7260491093807,21.7111562508078,1.26580353975665
"1101",2015,"sockTotal",108.401066893374,77.7260491093807,21.7111562508078,1.41286891539238
"1102",2016,"sockTotal",NA,77.7260491093807,21.7111562508078,NA
"1103",2017,"sockTotal",NA,77.7260491093807,21.7111562508078,NA
"1104",2018,"sockTotal",NA,77.7260491093807,21.7111562508078,NA
