Population,BroodYear,EscapeIndex,EscapementMethod,WeirRemovals,Spawners1,Spawners2.min,Spawners2.nom,Spawners2.max,Recruits1,Recruits2.min,Recruits2.nom,Recruits2.max,NumAgeClasses,CoreRecruits1,CoreRecruits2.min,CoreRecruits2.nom,CoreRecruits2.max,NumCoreAgeClasses,RecruitsPerSpawner,CoreRecruitsPerSpawner
Alexander,1980,NA,NA,NA,NA,NA,NA,NA,5388,8105,8105,8105,5,5371,8070,8070,8070,3,NA,NA
Alexander,1981,NA,NA,NA,NA,NA,NA,NA,3946,6494,6494,6494,5,3901,6414,6414,6414,3,NA,NA
Alexander,1982,2546,Aerial survey,NA,2546,2546,2546,2546,4380,7774,7774,7774,5,4352,7708,7708,7708,3,3.0534171249018067,3.0274941084053415
Alexander,1983,3755,Aerial survey,NA,3755,3755,3755,3755,4279,8658,8658,8658,5,4258,8598,8598,8598,3,2.3057256990679096,2.2897470039946737
Alexander,1984,4620,Aerial survey,NA,4620,4620,4620,4620,3552,8429,8429,8429,5,3533,8364,8364,8364,3,1.8244588744588746,1.8103896103896104
Alexander,1985,6241,Aerial survey,NA,6241,6241,6241,6241,2772,8347,8347,8347,5,2742,8284,8284,8284,3,1.337445922127864,1.327351385995834
Alexander,1986,5225,Aerial survey,NA,5225,5225,5225,5225,3019,8285,8285,8285,5,2999,8224,8224,8224,3,1.585645933014354,1.5739712918660287
Alexander,1987,2152,Aerial survey,NA,2152,2152,2152,2152,3086,7902,7902,7902,5,3074,7862,7862,7862,3,3.6719330855018586,3.653345724907063
Alexander,1988,6273,Aerial survey,NA,6273,6273,6273,6273,2457,6565,6565,6565,5,2441,6528,6528,6528,3,1.0465487007811254,1.0406504065040652
Alexander,1989,3497,Aerial survey,NA,3497,3497,3497,3497,1950,4608,4608,4608,5,1930,4572,4572,4572,3,1.3177008864741206,1.3074063482985416
Alexander,1990,2596,Aerial survey,NA,2596,2596,2596,2596,2018,3450,3450,3450,5,1984,3394,3394,3394,3,1.3289676425269645,1.3073959938366717
Alexander,1991,2727,Aerial survey,NA,2727,2727,2727,2727,3260,4448,4448,4448,5,3242,4414,4414,4414,3,1.6310964429776311,1.6186285295196186
Alexander,1992,3710,Aerial survey,NA,3710,3710,3710,3710,3863,5164,5164,5164,5,3838,5123,5123,5123,3,1.3919137466307279,1.3808625336927223
Alexander,1993,2763,Aerial survey,NA,2763,2763,2763,2763,3748,5348,5348,5348,5,3728,5310,5310,5310,3,1.935577271082157,1.9218241042345277
Alexander,1994,1514,Aerial survey,NA,1514,1514,1514,1514,3149,5315,5315,5315,5,3110,5258,5258,5258,3,3.510568031704095,3.472919418758256
Alexander,1995,2090,Aerial survey,NA,2090,2090,2090,2090,2682,5130,5130,5130,5,2658,5090,5090,5090,3,2.4545454545454546,2.4354066985645932
Alexander,1996,2319,Aerial survey,NA,2319,2319,2319,2319,2170,4427,4427,4427,5,2134,4368,4368,4368,3,1.9090125053902545,1.8835705045278137
Alexander,1997,5598,Aerial survey,NA,5598,5598,5598,5598,2011,4115,4115,4115,5,1985,4064,4064,4064,3,0.7350839585566273,0.7259735619864237
Alexander,1998,2807,Aerial survey,NA,2807,2807,2807,2807,2003,3922,3922,3922,5,1975,3870,3870,3870,3,1.397221232632704,1.3786961168507303
Alexander,1999,3974,Aerial survey,NA,3974,3974,3974,3974,2090,3517,3517,3517,5,2066,3469,3469,3469,3,0.8850025163563161,0.8729240060392551
Alexander,2e3,2331,Aerial survey,NA,2331,2331,2331,2331,1833,3013,3013,3013,5,1807,2959,2959,2959,3,1.2925782925782925,1.2694122694122694
Alexander,2001,2282,Aerial survey,NA,2282,2282,2282,2282,1161,2217,2217,2217,5,1129,2169,2169,2169,3,0.9715162138475022,0.9504820333041192
Alexander,2002,1936,Aerial survey,NA,1936,1936,1936,1936,549,1094,1094,1094,5,514,1043,1043,1043,3,0.5650826446280992,0.5387396694214877
Alexander,2003,2012,Aerial survey,NA,2012,2012,2012,2012,284,404,404,404,5,268,364,364,364,3,0.20079522862823063,0.18091451292246521
Alexander,2004,2215,Aerial survey,NA,2215,2215,2215,2215,217,225,225,225,5,206,206,206,206,3,0.10158013544018059,0.09300225733634311
Alexander,2005,2140,Aerial survey,NA,2140,2140,2140,2140,233,233,233,233,5,229,229,229,229,3,0.1088785046728972,0.10700934579439253
Alexander,2006,885,Aerial survey,NA,885,885,885,885,254,254,254,254,5,245,245,245,245,3,0.28700564971751413,0.2768361581920904
Alexander,2007,480,Aerial survey,NA,480,480,480,480,296,296,296,296,5,288,288,288,288,3,0.6166666666666667,0.6
Alexander,2008,150,Aerial survey,NA,150,150,150,150,479,479,479,479,5,466,466,466,466,3,3.1933333333333334,3.1066666666666665
Alexander,2009,275,Aerial survey,NA,275,275,275,275,NA,NA,NA,NA,NA,654,654,654,654,3,NA,2.3781818181818184
Anchor,2003,13273,Weir,NA,13273,13273,13273,13273,6822,8316,8316,8316,5,6250,7700,7700,7700,3,0.6265350711971672,0.5801250659233029
Anchor,2004,12016,Weir,NA,12016,12016,12016,12016,2832,3743,3743,3743,5,2784,3619,3619,3619,3,0.31150133155792276,0.30118175765645805
Anchor,2005,11156,Weir,NA,11156,11156,11156,11156,4506,5026,5026,5026,5,4250,4708,4708,4708,3,0.4505198996055934,0.4220150591609896
Anchor,2006,8945,Weir,NA,8945,8945,8945,8945,3535,3987,3987,3987,5,3266,3682,3682,3682,3,0.4457238680827278,0.4116266070430408
Anchor,2007,9622,Weir,NA,9622,9622,9622,9622,4563,4773,4773,4773,5,4252,4441,4441,4441,3,0.4960507171066306,0.4615464560382457
Anchor,2008,5806,Weir,NA,5806,5806,5806,5806,3804,3921,3921,3921,5,3691,3770,3770,3770,3,0.6753358594557355,0.6493282810885291
Anchor,2009,3455,Weir,NA,3455,3455,3455,3455,NA,NA,NA,NA,NA,2660,2820,2820,2820,3,NA,0.8162083936324168
Campbell,1982,68,Foot survey,NA,68,68,68,68,NA,NA,NA,NA,NA,NA,NA,NA,NA,NA,NA,NA
Campbell,1983,NA,NA,NA,NA,NA,NA,NA,NA,NA,NA,NA,NA,NA,NA,NA,NA,NA,NA,NA
Campbell,1984,423,Foot survey,NA,423,423,423,423,NA,NA,NA,NA,NA,NA,NA,NA,NA,NA,NA,NA
Campbell,1985,NA,NA,NA,NA,NA,NA,NA,NA,NA,NA,NA,NA,453,455,455,455,3,NA,NA
Campbell,1986,733,Foot survey,NA,733,733,733,733,683,683,683,683,5,677,677,677,677,3,0.931787175989086,0.9236016371077762
Campbell,1987,571,Foot survey,NA,571,571,571,571,848,864,864,864,5,841,857,857,857,3,1.5131348511383538,1.500875656742557
Campbell,1988,NA,NA,NA,NA,NA,NA,NA,964,983,983,983,5,959,978,978,978,3,NA,NA
Campbell,1989,218,Foot survey,NA,218,218,218,218,906,912,912,912,5,902,908,908,908,3,4.18348623853211,4.165137614678899
Campbell,1990,458,Foot survey,NA,458,458,458,458,676,676,676,676,5,668,668,668,668,3,1.4759825327510918,1.4585152838427948
Campbell,1991,590,Foot survey,NA,590,590,590,590,684,684,684,684,5,677,677,677,677,3,1.159322033898305,1.147457627118644
Campbell,1992,931,Foot survey,NA,931,931,931,931,814,814,814,814,5,807,807,807,807,3,0.874328678839957,0.8668098818474759
Campbell,1993,937,Foot survey,NA,937,937,937,937,908,919,919,919,5,904,915,915,915,3,0.9807897545357525,0.9765208110992529
Campbell,1994,1076,Foot survey,NA,1076,1076,1076,1076,821,837,837,837,5,813,829,829,829,3,0.7778810408921933,0.7704460966542751
Campbell,1995,734,Foot survey,NA,734,734,734,734,726,732,732,732,5,718,725,725,725,3,0.997275204359673,0.9877384196185286
Campbell,1996,369,Foot survey,NA,369,369,369,369,680,682,682,682,5,670,672,672,672,3,1.848238482384824,1.8211382113821137
Campbell,1997,1119,Foot survey,NA,1119,1119,1119,1119,722,726,726,726,5,714,717,717,717,3,0.6487935656836461,0.6407506702412868
Campbell,1998,761,Foot survey,NA,761,761,761,761,783,861,861,861,5,773,850,850,850,3,1.1314060446780552,1.1169513797634691
Campbell,1999,1035,Foot survey,NA,1035,1035,1035,1035,913,1086,1086,1086,5,901,1075,1075,1075,3,1.0492753623188407,1.038647342995169
Campbell,2e3,591,Foot survey,NA,591,591,591,591,1021,1145,1145,1145,5,1010,1134,1134,1134,3,1.9373942470389172,1.9187817258883249
Campbell,2001,717,Foot survey,NA,717,717,717,717,942,996,996,996,5,927,978,978,978,3,1.389121338912134,1.3640167364016735
Campbell,2002,744,Foot survey,NA,744,744,744,744,691,739,739,739,5,672,718,718,718,3,0.9932795698924731,0.9650537634408602
Campbell,2003,745,Foot survey,NA,745,745,745,745,508,534,534,534,5,488,514,514,514,3,0.7167785234899329,0.6899328859060403
Campbell,2004,964,Foot survey,NA,964,964,964,964,458,470,470,470,5,445,456,456,456,3,0.487551867219917,0.4730290456431535
Campbell,2005,1097,Foot survey,NA,1097,1097,1097,1097,NA,NA,NA,NA,NA,354,372,372,372,3,NA,0.3391066545123063
Campbell,2006,1052,Foot survey,NA,1052,1052,1052,1052,NA,NA,NA,NA,NA,NA,NA,NA,NA,NA,NA,NA
Campbell,2007,588,Foot survey,NA,588,588,588,588,NA,NA,NA,NA,NA,NA,NA,NA,NA,NA,NA,NA
Campbell,2008,439,Foot survey,NA,439,439,439,439,NA,NA,NA,NA,NA,NA,NA,NA,NA,NA,NA,NA
Campbell,2009,554,Foot survey,NA,554,554,554,554,NA,NA,NA,NA,NA,NA,NA,NA,NA,NA,NA,NA
Chuitna,1980,NA,NA,NA,NA,NA,NA,NA,NA,NA,NA,NA,NA,2804,3624,3624,3624,3,NA,NA
Chuitna,1981,1362,Aerial survey,NA,1362,1362,1362,1362,NA,NA,NA,NA,NA,NA,NA,NA,NA,NA,NA,NA
Chuitna,1982,3438,Aerial survey,NA,3438,3438,3438,3438,NA,NA,NA,NA,NA,NA,NA,NA,NA,NA,NA,NA
Chuitna,1983,4043,Aerial survey,NA,4043,4043,4043,4043,NA,NA,NA,NA,NA,NA,NA,NA,NA,NA,NA,NA
Chuitna,1984,2845,Aerial survey,NA,2845,2845,2845,2845,NA,NA,NA,NA,NA,1119,1854,1854,1854,3,NA,0.6516695957820738
Chuitna,1985,1600,Aerial survey,NA,1600,1600,1600,1600,594,1286,1286,1286,5,583,1271,1271,1271,3,0.80375,0.794375
Chuitna,1986,3946,Aerial survey,NA,3946,3946,3946,3946,825,1351,1351,1351,5,812,1332,1332,1332,3,0.3423720223010644,0.3375570197668525
Chuitna,1987,NA,NA,NA,NA,NA,NA,NA,1423,2056,2056,2056,5,1417,2045,2045,2045,3,NA,NA
Chuitna,1988,3024,Aerial survey,NA,3024,3024,3024,3024,1507,2185,2185,2185,5,1500,2176,2176,2176,3,0.72255291005291,0.7195767195767195
Chuitna,1989,990,Aerial survey,NA,990,990,990,990,1270,1729,1729,1729,5,1260,1713,1713,1713,3,1.7464646464646465,1.7303030303030302
Chuitna,1990,480,Aerial survey,NA,480,480,480,480,1174,1655,1655,1655,5,1157,1632,1632,1632,3,3.4479166666666665,3.4
Chuitna,1991,537,Aerial survey,NA,537,537,537,537,1559,2238,2238,2238,5,1547,2221,2221,2221,3,4.167597765363128,4.1359404096834265
Chuitna,1992,1337,Aerial survey,NA,1337,1337,1337,1337,1875,2549,2549,2549,5,1855,2525,2525,2525,3,1.9065071054599851,1.8885564697083022
Chuitna,1993,2085,Aerial survey,NA,2085,2085,2085,2085,2458,3034,3034,3034,5,2446,3016,3016,3016,3,1.4551558752997602,1.4465227817745803
Chuitna,1994,1012,Aerial survey,NA,1012,1012,1012,1012,2540,3073,3073,3073,5,2522,3050,3050,3050,3,3.0365612648221343,3.013833992094862
Chuitna,1995,1162,Aerial survey,NA,1162,1162,1162,1162,2006,2502,2502,2502,5,1990,2480,2480,2480,3,2.153184165232358,2.134251290877797
Chuitna,1996,1343,Aerial survey,NA,1343,1343,1343,1343,1450,1959,1959,1959,5,1416,1919,1919,1919,3,1.45867460908414,1.4288905435591959
Chuitna,1997,2232,Aerial survey,NA,2232,2232,2232,2232,1637,2208,2208,2208,5,1616,2181,2181,2181,3,0.989247311827957,0.9771505376344086
Chuitna,1998,1869,Aerial survey,NA,1869,1869,1869,1869,2170,2688,2688,2688,5,2152,2665,2665,2665,3,1.4382022471910112,1.4258962011771001
Chuitna,1999,3721,Aerial survey,NA,3721,3721,3721,3721,2316,2691,2691,2691,5,2295,2663,2663,2663,3,0.7231926901370599,0.7156678312281645
Chuitna,2e3,1456,Aerial survey,NA,1456,1456,1456,1456,1888,2227,2227,2227,5,1856,2185,2185,2185,3,1.529532967032967,1.5006868131868132
Chuitna,2001,1501,Aerial survey,NA,1501,1501,1501,1501,1553,2078,2078,2078,5,1510,2031,2031,2031,3,1.3844103930712859,1.3530979347101932
Chuitna,2002,1394,Aerial survey,NA,1394,1394,1394,1394,1253,1871,1871,1871,5,1229,1843,1843,1843,3,1.342180774748924,1.3220946915351506
Chuitna,2003,2339,Aerial survey,NA,2339,2339,2339,2339,866,1151,1151,1151,5,829,1106,1106,1106,3,0.4920906370243694,0.4728516460025652
Chuitna,2004,2938,Aerial survey,NA,2938,2938,2938,2938,824,909,909,909,5,797,864,864,864,3,0.30939414567733153,0.29407760381211706
Chuitna,2005,1307,Aerial survey,NA,1307,1307,1307,1307,808,836,836,836,5,793,819,819,819,3,0.6396327467482785,0.6266258607498087
Chuitna,2006,1911,Aerial survey,NA,1911,1911,1911,1911,683,685,685,685,5,650,650,650,650,3,0.358451072736787,0.3401360544217687
Chuitna,2007,1180,Aerial survey,NA,1180,1180,1180,1180,760,760,760,760,5,734,734,734,734,3,0.6440677966101694,0.6220338983050847
Chuitna,2008,586,Aerial survey,NA,586,586,586,586,1179,1179,1179,1179,5,1150,1150,1150,1150,3,2.0119453924914676,1.9624573378839592
Chuitna,2009,1040,Aerial survey,NA,1040,1040,1040,1040,NA,NA,NA,NA,NA,1485,1485,1485,1485,3,NA,1.4278846153846154
Chulitna,1982,863,Aerial survey,NA,863,863,863,863,NA,NA,NA,NA,NA,NA,NA,NA,NA,NA,NA,NA
Chulitna,1983,4058,Aerial survey,NA,4058,4058,4058,4058,NA,NA,NA,NA,NA,NA,NA,NA,NA,NA,NA,NA
Chulitna,1984,4191,Aerial survey,NA,4191,4191,4191,4191,NA,NA,NA,NA,NA,NA,NA,NA,NA,NA,NA,NA
Chulitna,1985,783,Aerial survey,NA,783,783,783,783,NA,NA,NA,NA,NA,NA,NA,NA,NA,NA,NA,NA
Chulitna,1986,NA,NA,NA,NA,NA,NA,NA,NA,NA,NA,NA,NA,3257,3257,3257,3257,3,NA,NA
Chulitna,1987,5252,Aerial survey,NA,5252,5252,5252,5252,2676,2676,2676,2676,5,2662,2662,2662,2662,3,0.5095201827875095,0.5068545316070069
Chulitna,1988,NA,NA,NA,NA,NA,NA,NA,2041,2041,2041,2041,5,2014,2014,2014,2014,3,NA,NA
Chulitna,1989,NA,NA,NA,NA,NA,NA,NA,2401,2401,2401,2401,5,2374,2374,2374,2374,3,NA,NA
Chulitna,1990,2681,Aerial survey,NA,2681,2681,2681,2681,3274,3274,3274,3274,5,3242,3242,3242,3242,3,1.2211861245803806,1.2092502797463633
Chulitna,1991,4410,Aerial survey,NA,4410,4410,4410,4410,4374,4374,4374,4374,5,4356,4356,4356,4356,3,0.9918367346938776,0.9877551020408163
Chulitna,1992,2527,Aerial survey,NA,2527,2527,2527,2527,4240,4240,4240,4240,5,4204,4204,4204,4204,3,1.6778789077958054,1.663632766125841
Chulitna,1993,2070,Aerial survey,NA,2070,2070,2070,2070,4107,4107,4107,4107,5,4071,4071,4071,4071,3,1.9840579710144928,1.9666666666666666
Chulitna,1994,1806,Aerial survey,NA,1806,1806,1806,1806,4289,4289,4289,4289,5,4250,4250,4250,4250,3,2.374861572535991,2.353266888150609
Chulitna,1995,3460,Aerial survey,NA,3460,3460,3460,3460,3942,3942,3942,3942,5,3893,3893,3893,3893,3,1.1393063583815028,1.1251445086705203
Chulitna,1996,4172,Aerial survey,NA,4172,4172,4172,4172,NA,NA,NA,NA,NA,4499,4499,4499,4499,3,NA,1.078379674017258
Chulitna,1997,5618,Aerial survey,NA,5618,5618,5618,5618,NA,NA,NA,NA,NA,NA,NA,NA,NA,NA,NA,NA
Chulitna,1998,2586,Aerial survey,NA,2586,2586,2586,2586,NA,NA,NA,NA,NA,NA,NA,NA,NA,NA,NA,NA
Chulitna,1999,5455,Aerial survey,NA,5455,5455,5455,5455,NA,NA,NA,NA,NA,NA,NA,NA,NA,NA,NA,NA
Chulitna,2e3,4218,Aerial survey,NA,4218,4218,4218,4218,NA,NA,NA,NA,NA,2551,2551,2551,2551,3,NA,0.6047889995258416
Chulitna,2001,2353,Aerial survey,NA,2353,2353,2353,2353,3274,3274,3274,3274,5,3236,3236,3236,3236,3,1.3914152146196346,1.375265618359541
Chulitna,2002,9002,Aerial survey,NA,9002,9002,9002,9002,3794,3794,3794,3794,5,3742,3742,3742,3742,3,0.4214618973561431,0.4156854032437236
Chulitna,2003,NA,NA,NA,NA,NA,NA,NA,3184,3184,3184,3184,5,3128,3128,3128,3128,3,NA,NA
Chulitna,2004,2162,Aerial survey,NA,2162,2162,2162,2162,2050,2050,2050,2050,5,1936,1936,1936,1936,3,0.9481961147086031,0.8954671600370028
Chulitna,2005,2838,Aerial survey,NA,2838,2838,2838,2838,1536,1536,1536,1536,5,1473,1473,1473,1473,3,0.5412262156448203,0.5190274841437632
Chulitna,2006,2862,Aerial survey,NA,2862,2862,2862,2862,1372,1372,1372,1372,5,1312,1312,1312,1312,3,0.47938504542278126,0.4584206848357792
Chulitna,2007,5166,Aerial survey,NA,5166,5166,5166,5166,1153,1153,1153,1153,5,1118,1118,1118,1118,3,0.22319008904374757,0.21641502129307008
Chulitna,2008,2514,Aerial survey,NA,2514,2514,2514,2514,1023,1023,1023,1023,5,950,950,950,950,3,0.40692124105011934,0.37788385043754974
Chulitna,2009,2093,Aerial survey,NA,2093,2093,2093,2093,NA,NA,NA,NA,NA,1334,1334,1334,1334,3,NA,0.6373626373626373
Crooked,2004,2196,Weir,445,2196,2196,2196,2196,738,738,738,738,5,738,738,738,738,3,0.3360655737704918,0.3360655737704918
Crooked,2005,1909,Weir,199,1909,1909,1909,1909,911,911,911,911,5,911,911,911,911,3,0.47721320062860134,0.47721320062860134
Crooked,2006,1516,Weir,73,1516,1516,1516,1516,789,789,789,789,5,789,789,789,789,3,0.5204485488126649,0.5204485488126649
Crooked,2007,965,Weir,73,965,965,965,965,651,651,651,651,5,651,651,651,651,3,0.6746113989637306,0.6746113989637306
Crooked,2008,879,Weir,139,879,879,879,879,958,958,958,958,5,958,958,958,958,3,1.0898748577929465,1.0898748577929465
Crooked,2009,617,Weir,57,617,617,617,617,NA,NA,NA,NA,NA,1689,1689,1689,1689,3,NA,2.7374392220421395
Deep,1980,NA,NA,NA,NA,NA,NA,NA,732,1291,1291,1291,5,731,1290,1290,1290,3,NA,NA
Deep,1981,427,Aerial survey,NA,427,427,427,427,915,1655,1655,1655,5,915,1654,1654,1654,3,3.8758782201405153,3.873536299765808
Deep,1982,977,Aerial survey,NA,977,977,977,977,747,1431,1431,1431,5,747,1430,1430,1430,3,1.4646878198567042,1.4636642784032754
Deep,1983,550,Aerial survey,NA,550,550,550,550,520,1290,1290,1290,5,519,1287,1287,1287,3,2.3454545454545452,2.34
Deep,1984,380,Aerial survey,NA,380,380,380,380,459,1472,1472,1472,5,458,1470,1470,1470,3,3.873684210526316,3.8684210526315788
Deep,1985,644,Aerial survey,NA,644,644,644,644,352,1795,1795,1795,5,351,1793,1793,1793,3,2.7872670807453415,2.7841614906832297
Deep,1986,976,Aerial survey,NA,976,976,976,976,226,1800,1800,1800,5,225,1797,1797,1797,3,1.8442622950819672,1.841188524590164
Deep,1987,968,Aerial survey,NA,968,968,968,968,218,1951,1951,1951,5,217,1947,1947,1947,3,2.0154958677685952,2.0113636363636362
Deep,1988,409,Aerial survey,NA,409,409,409,409,372,2650,2650,2650,5,372,2645,2645,2645,3,6.47921760391198,6.466992665036675
Deep,1989,561,Aerial survey,NA,561,561,561,561,340,2346,2346,2346,5,340,2341,2341,2341,3,4.181818181818182,4.172905525846702
Deep,1990,347,Aerial survey,NA,347,347,347,347,240,1472,1472,1472,5,238,1460,1460,1460,3,4.24207492795389,4.207492795389049
Deep,1991,294,Aerial survey,NA,294,294,294,294,183,1186,1186,1186,5,181,1173,1173,1173,3,4.034013605442177,3.989795918367347
Deep,1992,63,Aerial survey,NA,63,63,63,63,264,1263,1263,1263,5,263,1255,1255,1255,3,20.047619047619047,19.92063492063492
Deep,1993,486,Aerial survey,NA,486,486,486,486,651,1337,1337,1337,5,650,1330,1330,1330,3,2.751028806584362,2.736625514403292
Deep,1994,364,Aerial survey,NA,364,364,364,364,913,1649,1649,1649,5,912,1638,1638,1638,3,4.53021978021978,4.5
Deep,1995,229,Aerial survey,NA,229,229,229,229,687,1494,1494,1494,5,681,1483,1483,1483,3,6.524017467248909,6.475982532751091
Deep,1996,193,Aerial survey,NA,193,193,193,193,571,1197,1197,1197,5,557,1176,1176,1176,3,6.2020725388601035,6.0932642487046635
Deep,1997,136,Aerial survey,NA,136,136,136,136,692,1257,1257,1257,5,684,1238,1238,1238,3,9.242647058823529,9.102941176470589
Deep,1998,676,Aerial survey,NA,676,676,676,676,903,1611,1611,1611,5,894,1594,1594,1594,3,2.383136094674556,2.3579881656804735
Deep,1999,1190,Aerial survey,NA,1190,1190,1190,1190,1021,1779,1779,1779,5,1008,1757,1757,1757,3,1.4949579831932773,1.4764705882352942
Deep,2e3,556,Aerial survey,NA,556,556,556,556,967,1605,1605,1605,5,945,1568,1568,1568,3,2.8866906474820144,2.820143884892086
Deep,2001,551,Aerial survey,NA,551,551,551,551,679,1195,1195,1195,5,652,1149,1149,1149,3,2.1687840290381124,2.0852994555353903
Deep,2002,696,Aerial survey,NA,696,696,696,696,497,1063,1063,1063,5,465,1014,1014,1014,3,1.5272988505747127,1.456896551724138
Deep,2003,1008,Aerial survey,NA,1008,1008,1008,1008,349,876,876,876,5,332,845,845,845,3,0.8690476190476191,0.8382936507936508
Deep,2004,1075,Aerial survey,NA,1075,1075,1075,1075,371,646,646,646,5,349,601,601,601,3,0.6009302325581395,0.5590697674418604
Deep,2005,1076,Aerial survey,NA,1076,1076,1076,1076,428,652,652,652,5,419,617,617,617,3,0.6059479553903345,0.5734200743494424
Deep,2006,507,Aerial survey,NA,507,507,507,507,534,748,748,748,5,509,717,717,717,3,1.47534516765286,1.4142011834319526
Deep,2007,553,Aerial survey,NA,553,553,553,553,518,632,632,632,5,495,595,595,595,3,1.1428571428571428,1.0759493670886076
Deep,2008,205,Aerial survey,NA,205,205,205,205,473,576,576,576,5,425,511,511,511,3,2.8097560975609754,2.4926829268292683
Deep,2009,483,Aerial survey,NA,483,483,483,483,NA,NA,NA,NA,NA,480,594,594,594,3,NA,1.2298136645962734
Deshka,1980,NA,NA,NA,NA,NA,NA,NA,43115,48328,48328,48328,5,42849,48062,48062,48062,3,NA,NA
Deshka,1981,NA,NA,NA,NA,NA,NA,NA,40309,45364,45364,45364,5,39996,44941,44941,44941,3,NA,NA
Deshka,1982,37222,Aerial survey,NA,37222,37222,37222,37222,NA,NA,NA,NA,NA,39975,48541,48541,48541,3,NA,1.3040943528021063
Deshka,1983,43871,Aerial survey,NA,43871,43871,43871,43871,NA,NA,NA,NA,NA,NA,NA,NA,NA,NA,NA,NA
Deshka,1984,39054,Aerial survey,NA,39054,39054,39054,39054,NA,NA,NA,NA,NA,NA,NA,NA,NA,NA,NA,NA
Deshka,1985,41640,Aerial survey,NA,41640,41640,41640,41640,NA,NA,NA,NA,NA,NA,NA,NA,NA,NA,NA,NA
Deshka,1986,47657,Aerial survey,NA,47657,47657,47657,47657,NA,NA,NA,NA,NA,24076,31693,31693,31693,3,NA,0.66502297668758
Deshka,1987,35226,Aerial survey,NA,35226,35226,35226,35226,18518,24004,24004,24004,5,18386,23855,23855,23855,3,0.6814284903196502,0.6771986600806222
Deshka,1988,43795,Aerial survey,NA,43795,43795,43795,43795,14473,18849,18849,18849,5,14345,18703,18703,18703,3,0.4303915972142939,0.4270578833200137
Deshka,1989,NA,NA,NA,NA,NA,NA,NA,10610,12889,12889,12889,5,10556,12030,12030,12030,3,NA,NA
Deshka,1990,41671,Aerial survey,NA,41671,41671,41671,41671,7718,7821,7821,7821,5,7669,7772,7772,7772,3,0.18768448081399536,0.18650860310527706
Deshka,1991,21020,Aerial survey,NA,21020,21020,21020,21020,14991,15062,15062,15062,5,14957,14976,14976,14976,3,0.7165556612749762,0.712464319695528
Deshka,1992,20248,Aerial survey,NA,20248,20248,20248,20248,40577,42239,42239,42239,5,40449,42093,42093,42093,3,2.0860825760568944,2.078871987356776
Deshka,1993,16207,Aerial survey,NA,16207,16207,16207,16207,28945,31471,31471,31471,5,28902,31394,31394,31394,3,1.9418152650089469,1.9370642315049054
Deshka,1994,9832,Aerial survey,NA,9832,9832,9832,9832,26850,31059,31059,31059,5,26779,30965,30965,30965,3,3.1589707078925957,3.1494100895036614
Deshka,1995,10048,Weir,NA,10048,10048,10048,10048,43331,48933,48933,48933,5,43331,48913,48913,48913,3,4.869924363057325,4.867933917197452
Deshka,1996,14349,Weir,NA,14349,14349,14349,14349,21006,26178,26178,26178,5,21006,26128,26128,26128,3,1.8243780054359189,1.8208934420517109
Deshka,1997,35587,Weir,NA,35587,35587,35587,35587,28570,33704,33704,33704,5,28570,33615,33615,33615,3,0.9470874195633237,0.9445865063084834
Deshka,1998,36310,Aerial survey,NA,36310,36310,36310,36310,35317,41996,41996,41996,5,34898,41506,41506,41506,3,1.156595979069127,1.1431010740842744
Deshka,1999,29088,Weir,NA,29088,29088,29088,29088,56606,64479,64479,64479,5,56149,63950,63950,63950,3,2.216687293729373,2.198501100110011
Deshka,2e3,33965,Weir,NA,33965,33965,33965,33965,38374,46026,46026,46026,5,37980,45538,45538,45538,3,1.3551008390990726,1.3407331076107758
Deshka,2001,27966,Weir,NA,27966,27966,27966,27966,31020,38044,38044,38044,5,30511,37411,37411,37411,3,1.3603661589072444,1.3377315311449618
Deshka,2002,28535,Weir,NA,28535,28535,28535,28535,23163,28405,28405,28405,5,22726,27858,27858,27858,3,0.9954441913439636,0.976274750306641
Deshka,2003,39257,Weir,NA,39257,39257,39257,39257,5566,8238,8238,8238,5,5566,8097,8097,8097,3,0.20984792521079043,0.2062562090837303
Deshka,2004,56659,Weir,NA,56659,56659,56659,56659,5517,7187,7187,7187,5,5517,7068,7068,7068,3,0.12684657335992516,0.12474628920383346
Deshka,2005,36433,Weir,NA,36433,36433,36433,36433,21752,24328,24328,24328,5,21752,24279,24279,24279,3,0.6677462739823786,0.6664013394450087
Deshka,2006,29922,Weir,NA,29922,29922,29922,29922,17805,20592,20592,20592,5,17805,20571,20571,20571,3,0.688189292159615,0.6874874674152798
Deshka,2007,17594,Weir,NA,17594,17594,17594,17594,11756,13697,13697,13697,5,11592,13433,13433,13433,3,0.7785040354666364,0.7634989200863931
Deshka,2008,7284,Weir,NA,7284,7284,7284,7284,20695,22014,22014,22014,5,20268,21480,21480,21480,3,3.0222405271828667,2.9489291598023066
Deshka,2009,11641,Weir,NA,11641,11641,11641,11641,NA,NA,NA,NA,NA,13342,14619,14619,14619,3,NA,1.2558199467399709
Kenai.Late,1986,52868,Sonar,NA,52868,52868,52868,52868,36007,42244,42244,42244,5,33652,39414,39414,39414,3,0.7990466823030945,0.7455171370205039
Kenai.Late,1987,50450,Sonar,NA,50450,50450,50450,50450,31392,40674,40674,40674,5,30307,38907,38907,38907,3,0.8062239841427156,0.771199207135778
Kenai.Late,1988,42065,Sonar,NA,42065,42065,42065,42065,31933,42502,42502,42502,5,29366,39408,39408,39408,3,1.0103886841792464,0.9368358492808748
Kenai.Late,1989,26679,Sonar,NA,26679,26679,26679,26679,22038,28363,28363,28363,5,21775,27790,27790,27790,3,1.063120806626935,1.0416432400014992
Kenai.Late,1990,27303,Sonar,NA,27303,27303,27303,27303,28974,37037,37037,37037,5,27541,35212,35212,35212,3,1.3565175987986668,1.289675127275391
Kenai.Late,1991,31037,Sonar,NA,31037,31037,31037,31037,40801,49760,49760,49760,5,38517,47013,47013,47013,3,1.603247736572478,1.5147404710506815
Kenai.Late,1992,34734,Sonar,NA,34734,34734,34734,34734,36978,42647,42647,42647,5,34832,40082,40082,40082,3,1.227817124431393,1.1539701733172107
Kenai.Late,1993,32435,Sonar,NA,32435,32435,32435,32435,26144,31198,31198,31198,5,24982,29749,29749,29749,3,0.961862185910282,0.9171882225990442
Kenai.Late,1994,29603,Sonar,NA,29603,29603,29603,29603,34031,38072,38072,38072,5,32564,36034,36034,36034,3,1.2860858696753708,1.2172414957943452
Kenai.Late,1995,32161,Sonar,NA,32161,32161,32161,32161,40111,44716,44716,44716,5,38613,42738,42738,42738,3,1.3903796523739933,1.3288765896582817
Kenai.Late,1996,34678,Sonar,NA,34678,34678,34678,34678,36945,39708,39708,39708,5,35287,37713,37713,37713,3,1.1450487340677087,1.087519464790357
Kenai.Late,1997,28365,Sonar,NA,28365,28365,28365,28365,48212,54609,54609,54609,5,47371,53427,53427,53427,3,1.9252247488101533,1.883553675304072
Kenai.Late,1998,39595,Sonar,NA,39595,39595,39595,39595,62304,71628,71628,71628,5,59723,68304,68304,68304,3,1.809016289935598,1.7250662962495265
Kenai.Late,1999,31245,Sonar,NA,31245,31245,31245,31245,84017,104803,104803,104803,5,79592,99501,99501,99501,3,3.3542326772283566,3.184541526644263
Kenai.Late,2e3,33049,Sonar,NA,33049,33049,33049,33049,49245,58561,58561,58561,5,45113,53073,53073,53073,3,1.771944688190263,1.6058882265726648
Kenai.Late,2001,38466,Sonar,NA,38466,38466,38466,38466,31025,47545,47545,47545,5,27708,42538,42538,42538,3,1.2360266209119741,1.1058597202724485
Kenai.Late,2002,46122,Sonar,NA,46122,46122,46122,46122,45249,63741,63741,63741,5,44321,62101,62101,62101,3,1.3820085859242877,1.3464507176618534
Kenai.Late,2003,68990,Sonar,NA,68990,68990,68990,68990,27858,46318,46318,46318,5,26494,43687,43687,43687,3,0.6713726627047398,0.6332367009711553
Kenai.Late,2004,64702,Sonar,NA,64702,64702,64702,64702,9618,18587,18587,18587,5,9106,17304,17304,17304,3,0.2872708726159933,0.26744150103551667
Kenai.Late,2005,61513,Sonar,NA,61513,61513,61513,61513,19751,35649,35649,35649,5,18255,33606,33606,33606,3,0.5795360330336676,0.5463235413652399
Kenai.Late,2006,49780,Sonar,NA,49780,49780,49780,49780,15670,21862,21862,21862,5,15122,20758,20758,20758,3,0.4391723583768582,0.4169947770188831
Kenai.Late,2007,37680,Sonar,NA,37680,37680,37680,37680,23005,28152,28152,28152,5,22177,26166,26166,26166,3,0.7471337579617834,0.6944267515923567
Kenai.Late,2008,32712,Sonar,NA,32712,32712,32712,32712,15022,16393,16393,16393,5,14229,15216,15216,15216,3,0.501131083394473,0.46515040352164344
Kenai.Late,2009,22036,Sonar,NA,22036,22036,22036,22036,NA,NA,NA,NA,NA,16591,20360,20360,20360,3,NA,0.9239426393174804
LittleSusitna,1983,2138,Aerial survey,NA,2138,2138,2138,2138,NA,NA,NA,NA,NA,5353,8636,8636,8636,3,NA,4.039289055191768
LittleSusitna,1984,1275,Aerial survey,NA,1275,1275,1275,1275,2034,5016,5016,5016,5,2018,4983,4983,4983,3,3.9341176470588235,3.908235294117647
LittleSusitna,1985,2315,Aerial survey,NA,2315,2315,2315,2315,1966,4270,4270,4270,5,1947,4222,4222,4222,3,1.8444924406047516,1.823758099352052
LittleSusitna,1986,NA,NA,NA,NA,NA,NA,NA,NA,NA,NA,NA,NA,2490,5244,5244,5244,3,NA,NA
LittleSusitna,1987,3201,Aerial survey,NA,3201,3201,3201,3201,NA,NA,NA,NA,NA,NA,NA,NA,NA,NA,NA,NA
LittleSusitna,1988,7712,Weir,NA,7712,7712,7712,7712,NA,NA,NA,NA,NA,NA,NA,NA,NA,NA,NA,NA
LittleSusitna,1989,4367,Weir,NA,4367,4367,4367,4367,NA,NA,NA,NA,NA,NA,NA,NA,NA,NA,NA,NA
LittleSusitna,1990,2122,Aerial survey,NA,2122,2122,2122,2122,NA,NA,NA,NA,NA,1824,3808,3808,3808,3,NA,1.7945334590009425
LittleSusitna,1991,2052,Aerial survey,NA,2052,2052,2052,2052,NA,NA,NA,NA,NA,NA,NA,NA,NA,NA,NA,NA
LittleSusitna,1992,3329,Aerial survey,NA,3329,3329,3329,3329,NA,NA,NA,NA,NA,NA,NA,NA,NA,NA,NA,NA
LittleSusitna,1993,NA,NA,NA,NA,NA,NA,NA,NA,NA,NA,NA,NA,NA,NA,NA,NA,NA,NA,NA
LittleSusitna,1994,2981,Weir,NA,2981,2981,2981,2981,NA,NA,NA,NA,NA,NA,NA,NA,NA,NA,NA,NA
LittleSusitna,1995,2893,Weir,NA,2893,2893,2893,2893,NA,NA,NA,NA,NA,NA,NA,NA,NA,NA,NA,NA
LittleSusitna,1996,2487,Aerial survey,NA,2487,2487,2487,2487,NA,NA,NA,NA,NA,2941,5484,5484,5484,3,NA,2.2050663449939685
LittleSusitna,1997,NA,NA,NA,NA,NA,NA,NA,3174,5796,5796,5796,5,3141,5733,5733,5733,3,NA,NA
LittleSusitna,1998,2515,Aerial survey,NA,2515,2515,2515,2515,3195,5562,5562,5562,5,3153,5491,5491,5491,3,2.211530815109344,2.183300198807157
LittleSusitna,1999,NA,NA,NA,NA,NA,NA,NA,3682,6053,6053,6053,5,3627,5956,5956,5956,3,NA,NA
LittleSusitna,2e3,2522,Aerial survey,NA,2522,2522,2522,2522,4333,7061,7061,7061,5,4290,6983,6983,6983,3,2.7997620935765264,2.76883425852498
LittleSusitna,2001,2857,Aerial survey,NA,2857,2857,2857,2857,4295,7366,7366,7366,5,4232,7265,7265,7265,3,2.578228911445572,2.5428771438571927
LittleSusitna,2002,3839,Aerial survey,NA,3839,3839,3839,3839,3811,6744,6744,6744,5,3726,6614,6614,6614,3,1.7567074759051837,1.7228444907528002
LittleSusitna,2003,2569,Aerial survey,NA,2569,2569,2569,2569,3135,5434,5434,5434,5,3052,5293,5293,5293,3,2.1152199299338266,2.06033476060724
LittleSusitna,2004,3918,Aerial survey,NA,3918,3918,3918,3918,2355,3981,3981,3981,5,2266,3827,3827,3827,3,1.0160796324655437,0.976773864216437
LittleSusitna,2005,4850,Aerial survey,NA,4850,4850,4850,4850,1803,2876,2876,2876,5,1725,2748,2748,2748,3,0.5929896907216495,0.5665979381443299
LittleSusitna,2006,4292,Aerial survey,NA,4292,4292,4292,4292,1882,2612,2612,2612,5,1817,2504,2504,2504,3,0.608574091332712,0.5834109972041006
LittleSusitna,2007,4004,Aerial survey,NA,4004,4004,4004,4004,2690,3099,3099,3099,5,2648,3030,3030,3030,3,0.7739760239760239,0.7567432567432567
LittleSusitna,2008,2994,Aerial survey,NA,2994,2994,2994,2994,2553,2884,2884,2884,5,2480,2782,2782,2782,3,0.9632598530394122,0.9291917167668671
LittleSusitna,2009,2368,Aerial survey,NA,2368,2368,2368,2368,NA,NA,NA,NA,NA,3997,4417,4417,4417,3,NA,1.865287162162162
LittleWillow,1980,NA,NA,NA,NA,NA,NA,NA,NA,NA,NA,NA,NA,NA,NA,NA,NA,NA,NA,NA
LittleWillow,1981,459,Aerial survey,NA,459,459,459,459,NA,NA,NA,NA,NA,1589,2266,2266,2266,3,NA,4.93681917211329
LittleWillow,1982,316,Aerial survey,NA,316,316,316,316,1511,2328,2328,2328,5,1501,2315,2315,2315,3,7.367088607594937,7.325949367088608
LittleWillow,1983,1042,Aerial survey,NA,1042,1042,1042,1042,1372,2072,2072,2072,5,1363,2060,2060,2060,3,1.9884836852207293,1.9769673704414588
LittleWillow,1984,NA,NA,NA,NA,NA,NA,NA,1244,1749,1749,1749,5,1239,1739,1739,1739,3,NA,NA
LittleWillow,1985,1305,Aerial survey,NA,1305,1305,1305,1305,890,1414,1414,1414,5,884,1400,1400,1400,3,1.0835249042145594,1.0727969348659003
LittleWillow,1986,2133,Aerial survey,NA,2133,2133,2133,2133,673,1441,1441,1441,5,667,1427,1427,1427,3,0.6755743084857009,0.6690107829348335
LittleWillow,1987,1320,Aerial survey,NA,1320,1320,1320,1320,638,1659,1659,1659,5,632,1648,1648,1648,3,1.2568181818181818,1.2484848484848485
LittleWillow,1988,1515,Aerial survey,NA,1515,1515,1515,1515,689,1664,1664,1664,5,682,1653,1653,1653,3,1.0983498349834984,1.0910891089108912
LittleWillow,1989,1325,Aerial survey,NA,1325,1325,1325,1325,867,1559,1559,1559,5,860,1545,1545,1545,3,1.1766037735849058,1.1660377358490566
LittleWillow,1990,1115,Aerial survey,NA,1115,1115,1115,1115,1039,1682,1682,1682,5,1026,1662,1662,1662,3,1.5085201793721974,1.4905829596412556
LittleWillow,1991,498,Aerial survey,NA,498,498,498,498,1503,2235,2235,2235,5,1492,2220,2220,2220,3,4.4879518072289155,4.457831325301205
LittleWillow,1992,673,Aerial survey,NA,673,673,673,673,1849,2521,2521,2521,5,1837,2500,2500,2500,3,3.7459138187221397,3.7147102526002973
LittleWillow,1993,705,Aerial survey,NA,705,705,705,705,1900,2719,2719,2719,5,1891,2703,2703,2703,3,3.856737588652482,3.8340425531914892
LittleWillow,1994,712,Aerial survey,NA,712,712,712,712,1588,2521,2521,2521,5,1568,2493,2493,2493,3,3.5407303370786516,3.5014044943820224
LittleWillow,1995,1210,Aerial survey,NA,1210,1210,1210,1210,1546,2365,2365,2365,5,1528,2342,2342,2342,3,1.9545454545454546,1.9355371900826446
LittleWillow,1996,1077,Aerial survey,NA,1077,1077,1077,1077,1684,2434,2434,2434,5,1668,2407,2407,2407,3,2.2599814298978647,2.2349117920148562
LittleWillow,1997,2390,Aerial survey,NA,2390,2390,2390,2390,1549,2170,2170,2170,5,1532,2148,2148,2148,3,0.9079497907949791,0.8987447698744769
LittleWillow,1998,1782,Aerial survey,NA,1782,1782,1782,1782,1417,1918,1918,1918,5,1391,1883,1883,1883,3,1.0763187429854097,1.0566778900112233
LittleWillow,1999,1837,Aerial survey,NA,1837,1837,1837,1837,1697,2193,2193,2193,5,1676,2165,2165,2165,3,1.1937942297223734,1.1785519869352206
LittleWillow,2e3,1121,Aerial survey,NA,1121,1121,1121,1121,1645,2174,2174,2174,5,1631,2151,2151,2151,3,1.9393398751115076,1.918822479928635
LittleWillow,2001,2084,Aerial survey,NA,2084,2084,2084,2084,NA,NA,NA,NA,NA,1127,1696,1696,1696,3,NA,0.8138195777351248
LittleWillow,2002,1680,Aerial survey,NA,1680,1680,1680,1680,NA,NA,NA,NA,NA,NA,NA,NA,NA,NA,NA,NA
LittleWillow,2003,879,Aerial survey,NA,879,879,879,879,NA,NA,NA,NA,NA,NA,NA,NA,NA,NA,NA,NA
LittleWillow,2004,2227,Aerial survey,NA,2227,2227,2227,2227,NA,NA,NA,NA,NA,NA,NA,NA,NA,NA,NA,NA
LittleWillow,2005,1784,Aerial survey,NA,1784,1784,1784,1784,NA,NA,NA,NA,NA,585,699,699,699,3,NA,0.39181614349775784
LittleWillow,2006,816,Aerial survey,NA,816,816,816,816,584,645,645,645,5,561,620,620,620,3,0.7904411764705882,0.7598039215686274
LittleWillow,2007,1103,Aerial survey,NA,1103,1103,1103,1103,612,625,625,625,5,596,604,604,604,3,0.5666364460562103,0.5475974614687217
LittleWillow,2008,NA,NA,NA,NA,NA,NA,NA,686,687,687,687,5,659,659,659,659,3,NA,NA
LittleWillow,2009,776,Aerial survey,NA,776,776,776,776,NA,NA,NA,NA,NA,712,712,712,712,3,NA,0.9175257731958762
Montana,1981,814,Aerial survey,NA,814,814,814,814,NA,NA,NA,NA,NA,NA,NA,NA,NA,NA,NA,NA
Montana,1982,NA,NA,NA,NA,NA,NA,NA,NA,NA,NA,NA,NA,NA,NA,NA,NA,NA,NA,NA
Montana,1983,NA,NA,NA,NA,NA,NA,NA,NA,NA,NA,NA,NA,NA,NA,NA,NA,NA,NA,NA
Montana,1984,NA,NA,NA,NA,NA,NA,NA,NA,NA,NA,NA,NA,NA,NA,NA,NA,NA,NA,NA
Montana,1985,NA,NA,NA,NA,NA,NA,NA,NA,NA,NA,NA,NA,NA,NA,NA,NA,NA,NA,NA
Montana,1986,NA,NA,NA,NA,NA,NA,NA,NA,NA,NA,NA,NA,1322,2868,2868,2868,3,NA,NA
Montana,1987,1320,Aerial survey,NA,1320,1320,1320,1320,1357,4387,4387,4387,5,1349,4359,4359,4359,3,3.3234848484848483,3.3022727272727272
Montana,1988,2016,Aerial survey,NA,2016,2016,2016,2016,1268,4721,4721,4721,5,1254,4700,4700,4700,3,2.341765873015873,2.3313492063492065
Montana,1989,NA,NA,NA,NA,NA,NA,NA,1482,3910,3910,3910,5,1469,3881,3881,3881,3,NA,NA
Montana,1990,1269,Aerial survey,NA,1269,1269,1269,1269,1773,3329,3329,3329,5,1755,3288,3288,3288,3,2.6233254531126873,2.591016548463357
Montana,1991,1215,Aerial survey,NA,1215,1215,1215,1215,2257,3934,3934,3934,5,2240,3900,3900,3900,3,3.2378600823045267,3.2098765432098766
Montana,1992,1560,Aerial survey,NA,1560,1560,1560,1560,2680,4490,4490,4490,5,2663,4453,4453,4453,3,2.878205128205128,2.8544871794871796
Montana,1993,1281,Aerial survey,NA,1281,1281,1281,1281,2649,4795,4795,4795,5,2635,4767,4767,4767,3,3.7431693989071038,3.721311475409836
Montana,1994,1143,Aerial survey,NA,1143,1143,1143,1143,2026,4428,4428,4428,5,2002,4382,4382,4382,3,3.874015748031496,3.8337707786526685
Montana,1995,2110,Aerial survey,NA,2110,2110,2110,2110,1643,3904,3904,3904,5,1616,3860,3860,3860,3,1.8502369668246446,1.8293838862559242
Montana,1996,1841,Aerial survey,NA,1841,1841,1841,1841,1838,4076,4076,4076,5,1814,4026,4026,4026,3,2.21401412275937,2.1868549701249322
Montana,1997,3073,Aerial survey,NA,3073,3073,3073,3073,2243,4134,4134,4134,5,2225,4100,4100,4100,3,1.3452652131467622,1.3342011064106736
Montana,1998,2936,Aerial survey,NA,2936,2936,2936,2936,2348,3696,3696,3696,5,2322,3642,3642,3642,3,1.2588555858310626,1.2404632152588555
Montana,1999,2088,Aerial survey,NA,2088,2088,2088,2088,2314,3478,3478,3478,5,2284,3421,3421,3421,3,1.6657088122605364,1.6384099616858236
Montana,2e3,1271,Aerial survey,NA,1271,1271,1271,1271,2242,3571,3571,3571,5,2205,3515,3515,3515,3,2.809598741148702,2.765538945712038
Montana,2001,1930,Aerial survey,NA,1930,1930,1930,1930,2050,3514,3514,3514,5,2016,3463,3463,3463,3,1.8207253886010362,1.794300518134715
Montana,2002,2357,Aerial survey,NA,2357,2357,2357,2357,1762,3090,3090,3090,5,1717,3024,3024,3024,3,1.3109885447602885,1.2829868476877386
Montana,2003,2576,Aerial survey,NA,2576,2576,2576,2576,1531,2526,2526,2526,5,1495,2460,2460,2460,3,0.9805900621118012,0.9549689440993789
Montana,2004,2117,Aerial survey,NA,2117,2117,2117,2117,1274,1793,1793,1793,5,1232,1725,1725,1725,3,0.8469532357109116,0.814832309872461
Montana,2005,2600,Aerial survey,NA,2600,2600,2600,2600,928,1278,1278,1278,5,894,1218,1218,1218,3,0.49153846153846154,0.4684615384615385
Montana,2006,1850,Aerial survey,NA,1850,1850,1850,1850,582,869,869,869,5,539,820,820,820,3,0.4697297297297297,0.44324324324324327
Montana,2007,1936,Aerial survey,NA,1936,1936,1936,1936,585,695,695,695,5,560,659,659,659,3,0.3589876033057851,0.34039256198347106
Montana,2008,1357,Aerial survey,NA,1357,1357,1357,1357,898,913,913,913,5,877,881,881,881,3,0.6728076639646279,0.6492262343404569
Montana,2009,1460,Aerial survey,NA,1460,1460,1460,1460,NA,NA,NA,NA,NA,1074,1074,1074,1074,3,NA,0.7356164383561644
Ninilchik,1999,1576,Weir,68,1576,1576,1576,1576,1317,1317,1317,1317,5,1271,1271,1271,1271,3,0.8356598984771574,0.8064720812182741
Ninilchik,2e3,1553,Weir,81,1553,1553,1553,1553,2179,2179,2179,2179,5,2165,2165,2165,2165,3,1.403090792015454,1.3940759819703799
Ninilchik,2001,1239,Weir,175,1239,1239,1239,1239,1165,1165,1165,1165,5,1165,1165,1165,1165,3,0.9402744148506861,0.9402744148506861
Ninilchik,2002,1340,Weir,176,1340,1340,1340,1340,1231,1231,1231,1231,5,1092,1092,1092,1092,3,0.9186567164179105,0.8149253731343283
Ninilchik,2003,1127,Weir,131,1127,1127,1127,1127,1046,1046,1046,1046,5,904,904,904,904,3,0.9281277728482697,0.8021295474711624
Ninilchik,2004,1393,Weir,132,1393,1393,1393,1393,569,569,569,569,5,511,511,511,511,3,0.40847092605886576,0.36683417085427134
Ninilchik,2005,2076,Weir,165,2076,2076,2076,2076,823,823,823,823,5,788,788,788,788,3,0.3964354527938343,0.37957610789980734
Ninilchik,2006,1429,Weir,101,1429,1429,1429,1429,1445,1445,1445,1445,5,1284,1284,1284,1284,3,1.0111966410076978,0.8985304408677397
Ninilchik,2007,825,Weir,129,825,825,825,825,592,592,592,592,5,557,557,557,557,3,0.7175757575757575,0.6751515151515152
Ninilchik,2008,879,Weir,140,879,879,879,879,553,553,553,553,5,553,553,553,553,3,0.6291240045506257,0.6291240045506257
Ninilchik,2009,740,Weir,41,740,740,740,740,NA,NA,NA,NA,NA,1095,1095,1095,1095,3,NA,1.4797297297297298
Theodore,1980,NA,NA,NA,NA,NA,NA,NA,1319,2588,2588,2588,5,1308,2568,2568,2568,3,NA,NA
Theodore,1981,535,Aerial survey,NA,535,535,535,535,1405,2644,2644,2644,5,1392,2622,2622,2622,3,4.942056074766355,4.9009345794392525
Theodore,1982,1368,Aerial survey,NA,1368,1368,1368,1368,1623,2779,2779,2779,5,1615,2761,2761,2761,3,2.0314327485380117,2.0182748538011697
Theodore,1983,1519,Aerial survey,NA,1519,1519,1519,1519,1436,2630,2630,2630,5,1431,2618,2618,2618,3,1.7314022383146808,1.7235023041474655
Theodore,1984,1251,Aerial survey,NA,1251,1251,1251,1251,1005,2027,2027,2027,5,1e3,2019,2019,2019,3,1.6203037569944045,1.6139088729016786
Theodore,1985,1458,Aerial survey,NA,1458,1458,1458,1458,652,1307,1307,1307,5,643,1293,1293,1293,3,0.8964334705075446,0.8868312757201646
Theodore,1986,1281,Aerial survey,NA,1281,1281,1281,1281,732,1211,1211,1211,5,725,1199,1199,1199,3,0.9453551912568307,0.9359875097580016
Theodore,1987,1548,Aerial survey,NA,1548,1548,1548,1548,943,1436,1436,1436,5,939,1427,1427,1427,3,0.9276485788113695,0.9218346253229974
Theodore,1988,1906,Aerial survey,NA,1906,1906,1906,1906,886,1421,1421,1421,5,881,1414,1414,1414,3,0.7455403987408185,0.7418677859391396
Theodore,1989,1026,Aerial survey,NA,1026,1026,1026,1026,717,1196,1196,1196,5,712,1189,1189,1189,3,1.165692007797271,1.158869395711501
Theodore,1990,642,Aerial survey,NA,642,642,642,642,553,879,879,879,5,543,867,867,867,3,1.3691588785046729,1.3504672897196262
Theodore,1991,508,Aerial survey,NA,508,508,508,508,833,980,980,980,5,823,968,968,968,3,1.9291338582677164,1.905511811023622
Theodore,1992,1053,Aerial survey,NA,1053,1053,1053,1053,1351,1384,1384,1384,5,1339,1371,1371,1371,3,1.3143399810066476,1.3019943019943019
Theodore,1993,1110,Aerial survey,NA,1110,1110,1110,1110,1837,1838,1838,1838,5,1830,1830,1830,1830,3,1.6558558558558558,1.6486486486486487
Theodore,1994,577,Aerial survey,NA,577,577,577,577,1800,1800,1800,1800,5,1787,1787,1787,1787,3,3.119584055459272,3.097053726169844
Theodore,1995,694,Aerial survey,NA,694,694,694,694,1475,1475,1475,1475,5,1461,1461,1461,1461,3,2.1253602305475505,2.105187319884726
Theodore,1996,368,Aerial survey,NA,368,368,368,368,1148,1148,1148,1148,5,1129,1129,1129,1129,3,3.119565217391304,3.067934782608696
Theodore,1997,1607,Aerial survey,NA,1607,1607,1607,1607,1028,1031,1031,1031,5,1016,1019,1019,1019,3,0.641568139390168,0.6341008089607966
Theodore,1998,1807,Aerial survey,NA,1807,1807,1807,1807,867,873,873,873,5,854,860,860,860,3,0.4831211953514112,0.4759269507470946
Theodore,1999,2221,Aerial survey,NA,2221,2221,2221,2221,641,644,644,644,5,628,631,631,631,3,0.289959477712742,0.28410625844214316
Theodore,2e3,1271,Aerial survey,NA,1271,1271,1271,1271,585,586,586,586,5,571,571,571,571,3,0.46105428796223447,0.4492525570416995
Theodore,2001,1237,Aerial survey,NA,1237,1237,1237,1237,691,691,691,691,5,683,683,683,683,3,0.5586095392077607,0.5521422797089733
Theodore,2002,934,Aerial survey,NA,934,934,934,934,586,586,586,586,5,578,578,578,578,3,0.6274089935760171,0.6188436830835118
Theodore,2003,1059,Aerial survey,NA,1059,1059,1059,1059,393,393,393,393,5,374,374,374,374,3,0.37110481586402266,0.35316336166194523
Theodore,2004,491,Aerial survey,NA,491,491,491,491,317,317,317,317,5,306,306,306,306,3,0.6456211812627292,0.6232179226069247
Theodore,2005,478,Aerial survey,NA,478,478,478,478,270,270,270,270,5,261,261,261,261,3,0.5648535564853556,0.5460251046025104
Theodore,2006,958,Aerial survey,NA,958,958,958,958,238,238,238,238,5,228,228,228,228,3,0.24843423799582465,0.23799582463465555
Theodore,2007,486,Aerial survey,NA,486,486,486,486,208,208,208,208,5,202,202,202,202,3,0.4279835390946502,0.4156378600823045
Theodore,2008,345,Aerial survey,NA,345,345,345,345,479,479,479,479,5,467,467,467,467,3,1.3884057971014492,1.3536231884057972
Theodore,2009,352,Aerial survey,NA,352,352,352,352,NA,NA,NA,NA,NA,346,346,346,346,3,NA,0.9829545454545454
Willow,1981,991,Aerial survey,NA,991,991,991,991,2301,2301,2301,2301,5,2283,2283,2283,2283,3,2.3218970736629667,2.3037336024217963
Willow,1982,592,Aerial survey,NA,592,592,592,592,2495,2495,2495,2495,5,2462,2462,2462,2462,3,4.214527027027027,4.158783783783784
Willow,1983,NA,NA,NA,NA,NA,NA,NA,3551,3551,3551,3551,5,3534,3534,3534,3534,3,NA,NA
Willow,1984,2789,Aerial survey,NA,2789,2789,2789,2789,3409,3409,3409,3409,5,3394,3394,3394,3394,3,1.2223019003226963,1.2169236285406957
Willow,1985,1856,Aerial survey,NA,1856,1856,1856,1856,2668,2668,2668,2668,5,2655,2655,2655,2655,3,1.4375,1.4304956896551724
Willow,1986,2059,Aerial survey,NA,2059,2059,2059,2059,1911,1911,1911,1911,5,1890,1890,1890,1890,3,0.9281204468188441,0.917921321029626
Willow,1987,2768,Aerial survey,NA,2768,2768,2768,2768,1902,1902,1902,1902,5,1889,1889,1889,1889,3,0.6871387283236994,0.682442196531792
Willow,1988,2496,Aerial survey,NA,2496,2496,2496,2496,1812,1812,1812,1812,5,1789,1789,1789,1789,3,0.7259615384615384,0.7167467948717948
Willow,1989,5060,Aerial survey,NA,5060,5060,5060,5060,2394,2394,2394,2394,5,2381,2381,2381,2381,3,0.47312252964426876,0.47055335968379447
Willow,1990,2365,Aerial survey,NA,2365,2365,2365,2365,2557,2557,2557,2557,5,2528,2528,2528,2528,3,1.081183932346723,1.06892177589852
Willow,1991,2006,Aerial survey,NA,2006,2006,2006,2006,3166,3166,3166,3166,5,3145,3145,3145,3145,3,1.5782652043868395,1.5677966101694916
Willow,1992,1660,Aerial survey,NA,1660,1660,1660,1660,3618,3618,3618,3618,5,3594,3594,3594,3594,3,2.1795180722891567,2.1650602409638555
Willow,1993,2227,Aerial survey,NA,2227,2227,2227,2227,3318,3318,3318,3318,5,3299,3299,3299,3299,3,1.4898967220475976,1.4813650651100134
Willow,1994,1479,Aerial survey,NA,1479,1479,1479,1479,2550,2550,2550,2550,5,2512,2512,2512,2512,3,1.7241379310344827,1.698444895199459
Willow,1995,3792,Aerial survey,NA,3792,3792,3792,3792,2586,2586,2586,2586,5,2554,2554,2554,2554,3,0.6819620253164557,0.6735232067510548
Willow,1996,1776,Aerial survey,NA,1776,1776,1776,1776,2856,2856,2856,2856,5,2828,2828,2828,2828,3,1.6081081081081081,1.5923423423423424
Willow,1997,4841,Aerial survey,NA,4841,4841,4841,4841,3118,3118,3118,3118,5,3087,3087,3087,3087,3,0.6440818012807271,0.6376781656682503
Willow,1998,3500,Aerial survey,NA,3500,3500,3500,3500,3311,3311,3311,3311,5,3273,3273,3273,3273,3,0.946,0.9351428571428572
Willow,1999,2081,Aerial survey,NA,2081,2081,2081,2081,3070,3070,3070,3070,5,3033,3033,3033,3033,3,1.4752522825564633,1.4574723690533398
Willow,2e3,2601,Aerial survey,NA,2601,2601,2601,2601,2521,2521,2521,2521,5,2469,2469,2469,2469,3,0.9692425990003845,0.9492502883506344
Willow,2001,3188,Aerial survey,NA,3188,3188,3188,3188,2072,2072,2072,2072,5,2026,2026,2026,2026,3,0.6499372647427855,0.6355081555834379
Willow,2002,2758,Aerial survey,NA,2758,2758,2758,2758,1587,1587,1587,1587,5,1544,1544,1544,1544,3,0.5754169688179841,0.5598259608411893
Willow,2003,3964,Aerial survey,NA,3964,3964,3964,3964,1258,1258,1258,1258,5,1214,1214,1214,1214,3,0.31735620585267404,0.30625630676084764
Willow,2004,2985,Aerial survey,NA,2985,2985,2985,2985,1159,1159,1159,1159,5,1127,1127,1127,1127,3,0.3882747068676717,0.3775544388609715
Willow,2005,2463,Aerial survey,NA,2463,2463,2463,2463,1116,1116,1116,1116,5,1084,1084,1084,1084,3,0.4531059683313033,0.440113682501015
Willow,2006,2217,Aerial survey,NA,2217,2217,2217,2217,1025,1025,1025,1025,5,991,991,991,991,3,0.46233649075327016,0.447000451059991
Willow,2007,1373,Aerial survey,NA,1373,1373,1373,1373,1011,1011,1011,1011,5,972,972,972,972,3,0.7363437727603788,0.7079388201019665
Willow,2008,1255,Aerial survey,NA,1255,1255,1255,1255,1294,1294,1294,1294,5,1252,1252,1252,1252,3,1.0310756972111554,0.9976095617529881
Willow,2009,1133,Aerial survey,NA,1133,1133,1133,1133,NA,NA,NA,NA,NA,1488,1488,1488,1488,3,NA,1.3133274492497793
