Group,Year,Source,Gear,Mesh,Age0.1,Age0.2,Age1.1,Age0.3,Age1.2,Age2.1,Age0.4,Age1.3,Age2.2,Age0.5,Age1.4,Age2.3,Age1.5,Age2.4,Age2.5,Age1.6,SumProportions,n
Alexander,2015,Escapement,Weir,NA,0,0,0.0577,0,0.4423,0,0,0.4615,0,0,0.0385,0,0,0,0,0,1,52
Anchor,2003,Escapement,Weir,NA,0,0,0.05,0,0.23,0,0,0.58,0,0,0.14,0,0,0,0,0,1,NA
Anchor,2004,Escapement,Weir,NA,0,0,0.08800000000000001,0,0.20700000000000002,0,0,0.48600000000000004,0,0,0.21900000000000003,0,0,0,0,0,1.0000000000000002,NA
Anchor,2005,Escapement,Weir,NA,0,0,0.05,0,0.239,0,0,0.522,0,0,0.189,0,0,0,0,0,1,NA
Anchor,2006,Escapement,Weir,NA,0,0,0.064,0,0.165,0,0,0.521,0,0,0.25,0,0,0,0,0,1,NA
Anchor,2007,Escapement,Weir,NA,0,0,0.005,0,0.22,0,0,0.534,0,0,0.241,0,0,0,0,0,1,NA
Anchor,2008,Escapement,Weir,NA,0,0,0.04404404404404404,0,0.21821821821821819,0,0,0.6856856856856857,0,0,0.052052052052052045,0,0,0,0,0,1,NA
Anchor,2009,Escapement,Weir,NA,0,0,0.078,0,0.511,0,0,0.367,0,0,0.044,0,0,0,0,0,1,NA
Anchor,2010,Escapement,Weir,NA,0,0,0.07,0,0.361,0,0,0.513,0,0,0.056,0,0,0,0,0,1,NA
Anchor,2011,Escapement,Weir,NA,0,0,0.032,0,0.5,0,0,0.411,0,0,0.057,0,0,0,0,0,1,NA
Anchor,2012,Escapement,Weir,NA,0,0,0.108,0,0.343,0,0,0.504,0,0,0.045,0,0,0,0,0,1,NA
Anchor,2013,Escapement,Weir,NA,0,0,0.20140280561122242,0,0.31462925851703405,0,0,0.4368737474949899,0,0,0.0470941883767535,0,0,0,0,0,1,NA
Anchor,2014,Escapement,Weir,NA,0,0,0.1358641358641359,0,0.3656343656343657,0,0,0.4075924075924076,0,0,0.09090909090909091,0,0,0,0,0,1,NA
Anchor,2015,Escapement,Weir,NA,0,0,0.135,0,0.393,0,0,0.446,0,0,0.026,0,0,0,0,0,1,NA
Anchor,2016,Escapement,Weir,NA,0,0,0.062,0,0.412,0,0,0.479,0,0,0.047,0,0,0,0,0,1,NA
Crooked,2004,Escapement,Weir,NA,0,0,0,0,0.4581105169,0,0,0.4331550802,0,0,0.1087344029,0,0,0,0,0,1,561
Crooked,2005,Escapement,Weir,NA,0,0,0,0,0.3092783505,0,0,0.5206185567,0,0,0.1701030928,0,0,0,0,0,1,194
Crooked,2006,Escapement,Weir,NA,0,0,0,0,0.2857142857,0,0,0.5494505495,0,0,0.1648351648,0,0,0,0,0,1,91
Crooked,2007,Escapement,Weir,NA,0,0,0,0,0.1842105263,0,0,0.5263157895,0,0,0.2894736842,0,0,0,0,0,1,76
Crooked,2008,Escapement,Weir,NA,0,0,0,0,0.2465753425,0,0,0.5890410959,0,0,0.1643835616,0,0,0,0,0,1,73
Crooked,2009,Escapement,Weir,NA,0,0,0,0,0.4114832535588517,0,0,0.44497607655550236,0,0,0.14354066988564593,0,0,0,0,0,1,209
Crooked,2010,Escapement,Weir,NA,0,0,0,0,0.3582089552358209,0,0,0.47014925374701494,0,0,0.17164179101716417,0,0,0,0,0,1,134
Crooked,2011,Escapement,Weir,NA,0,0,0,0,0.3486238532,0,0,0.4724770642,0,0,0.1788990826,0,0,0,0,0,1,218
Crooked,2012,Escapement,Weir,NA,0,0,0,0,0.3667953667633205,0,0,0.5096525096490347,0,0,0.12355212358764478,0,0,0,0,0,1,259
Crooked,2013,Escapement,Weir,NA,0,0,0,0,0.4201474201126044,0,0,0.5036855037151106,0,0,0.07616707617228502,0,0,0,0,0,1,407
Crooked,2014,Escapement,Weir,NA,0,0,0,0,0.2729306487945414,0,0,0.6510067113869799,0,0,0.07606263981847874,0,0,0,0,0,1,447
Crooked,2015,Escapement,Weir,NA,0,0,0,0,0.431372549,0,0,0.4531590414,0,0,0.1154684096,0,0,0,0,0,1,459
Crooked,2016,Escapement,Weir,NA,0,0,0,0,0.6143344710122867,0,0,0.34129692830682595,0,0,0.04436860068088737,0,0,0,0,0,0.9999999999999999,293
Crooked.Hatchery,2004,Escapement,Weir,NA,0,0,0,0,0.667613636353267,0,0,0.32291666667739577,0,0,0.009469696969337119,0,0,0,0,0,0.9999999999999998,1056
Crooked.Hatchery,2005,Escapement,Weir,NA,0,0,0,0,0.40764331211222926,0,0,0.5222929936156687,0,0,0.0700636942721019,0,0,0,0,0,0.9999999999999999,157
Crooked.Hatchery,2006,Escapement,Weir,NA,0,0,0,0,0.5729166666598958,0,0,0.3854166666730208,0,0,0.04166666666708333,0,0,0,0,0,1,96
Crooked.Hatchery,2007,Escapement,Weir,NA,0,0,0,0,0.4634146341463415,0,0,0.4878048780487805,0,0,0.04878048780487805,0,0,0,0,0,1,41
Crooked.Hatchery,2008,Escapement,Weir,NA,0,0,0,0,0.41935483868741935,0,0,0.5161290322845161,0,0,0.06451612902806451,0,0,0,0,0,1,31
Crooked.Hatchery,2009,Escapement,Weir,NA,0,0,0,0,0.4615384615230769,0,0,0.49230769232461535,0,0,0.04615384615230769,0,0,0,0,0,1,65
Crooked.Hatchery,2010,Escapement,Weir,NA,0,0,0,0,0.48,0,0,0.48,0,0,0.04,0,0,0,0,0,1,25
Crooked.Hatchery,2011,Escapement,Weir,NA,0,0,0,0,0.6891891891724324,0,0,0.2702702702891892,0,0,0.04054054053837838,0,0,0,0,0,1,74
Crooked.Hatchery,2012,Escapement,Weir,NA,0,0,0,0,0.30645161289080647,0,0,0.629032258081129,0,0,0.06451612902806451,0,0,0,0,0,0.9999999999999999,62
Crooked.Hatchery,2013,Escapement,Weir,NA,0,0,0,0,0.54,0,0,0.42,0,0,0.04,0,0,0,0,0,1,50
Crooked.Hatchery,2014,Escapement,Weir,NA,0,0,0,0,0.7894736841802631,0,0,0.20175438599495615,0,0,0.008771929824780702,0,0,0,0,0,0.9999999999999999,228
Crooked.Hatchery,2015,Escapement,Weir,NA,0,0,0,0,0,0,0,0.9763313609488166,0,0,0.02366863905118343,0,0,0,0,0,1,169
Crooked.Hatchery,2016,Escapement,Weir,NA,0,0,0,0,0.9905437352247637,0,0,0,0,0,0.009456264775236407,0,0,0,0,0,1,423
Deshka,1979,Sport Harvest,Angling,NA,0,0,0,0,0.07,0,0,0.6,0,0,0.33,0,0,0,0,0,1,297
Deshka,1980,Sport Harvest,Angling,NA,0,0,0,0,0.1,0,0,0.51,0,0,0.39,0,0,0,0,0,1,181
Deshka,1981,Sport Harvest,Angling,NA,0,0,0,0,0.1,0,0,0.57,0,0,0.33,0,0,0,0,0,1,159
Deshka,1982,Sport Harvest,Angling,NA,0,0,0,0,0.12871287128712872,0,0,0.44554455445544555,0,0,0.42574257425742573,0,0,0,0,0,1,298
Deshka,1983,Sport Harvest,Angling,NA,0,0,0,0,0.21,0,0,0.46,0,0,0.33,0,0,0,0,0,1,1329
Deshka,1984,Sport Harvest,Angling,NA,0,0,0,0,0.17,0,0,0.47,0,0,0.36,0,0,0,0,0,1,1463
Deshka,1986,Sport Harvest,Angling,NA,0,0,0,0,0.33266733266733267,0,0,0.3976023976023976,0,0,0.2697302697302697,0,0,0,0,0,1,382
Deshka,1987,Sport Harvest,Angling,NA,0,0,0,0,0.15841584158415842,0,0,0.5544554455445545,0,0,0.2871287128712871,0,0,0,0,0,1,192
Deshka,1988,Sport Harvest,Angling,NA,0,0,0.01,0,0.12,0,0,0.25,0,0,0.6,0,0.02,0,0,0,1,351
Deshka,1989,Sport Harvest,Angling,NA,0,0,0.016016016016016016,0,0.25425425425425424,0,0,0.25425425425425424,0,0,0.4624624624624625,0,0.013013013013013013,0,0,0,1,307
Deshka,1992,Sport Harvest,Angling,NA,0,0,0.11111111111111112,0,0.20202020202020204,0,0,0.31313131313131315,0,0,0.37373737373737376,0,0,0,0,0,1,105
Deshka,1993,Sport Harvest,Angling,NA,0,0,0,0,0.21212121212121213,0,0,0.4646464646464647,0,0,0.32323232323232326,0,0,0,0,0,1,152
Deshka,1994,Sport Harvest,Angling,NA,0,0,0,0,0.15768056968463887,0,0,0.42929806714140384,0,0,0.4038657171922686,0,0.009155645981688708,0,0,0,1,116
Deshka,1995,Escapement,Weir,NA,0,0,0.006993006993006994,0,0.32267732267732274,0,0,0.36363636363636365,0,0,0.29870129870129875,0,0.007992007992007994,0,0,0,1,338
Deshka,1996,Escapement,Weir,NA,0,9.990009990009992e-4,0.0029970029970029974,0,0.4625374625374626,0,0,0.4005994005994007,0,0,0.1318681318681319,9.990009990009992e-4,0,0,0,0,1.0000000000000002,383
Deshka,1997,Escapement,Weir,NA,0,0,0.002,0,0.169,0,0,0.66,0,0,0.167,0.002,0,0,0,0,1,491
Deshka,1998,Escapement,Weir,NA,0,0,0,0,0.2882882882882883,0,0,0.4204204204204204,0.006006006006006006,0,0.2792792792792793,0.003003003003003003,0,0.003003003003003003,0,0,1,319
Deshka,1998,Sport Harvest,Angling,NA,0,0,0,0,0.09929789368104314,0,0,0.40621865596790374,0,0,0.47943831494483446,0,0.015045135406218655,0,0,0,1,383
Deshka,1999,Escapement,Weir,NA,0,0,0,0,0.30369630369630374,0,0,0.4375624375624376,0,0,0.2547452547452548,0,0.0019980019980019984,0.0019980019980019984,0,0,1.0000000000000002,448
Deshka,2000,Escapement,Weir,NA,0,0,0,0,0.107,0,0,0.792,0,0,0.101,0,0,0,0,0,1,466
Deshka,2001,Escapement,Weir,NA,0,0,0.015,0,0.252,0,0,0.462,0,0,0.271,0,0,0,0,0,1,543
Deshka,2002,Escapement,Weir,NA,0,0,0.016,0,0.263,0,0,0.565,0,0,0.156,0,0,0,0,0,1,558
Deshka,2003,Escapement,Weir,NA,0,0,0.01,0,0.361,0,0,0.488,0,0,0.137,0.004,0,0,0,0,1,488
Deshka,2004,Escapement,Weir,NA,0,0,0.009,0,0.183,0,0,0.664,0,0,0.144,0,0,0,0,0,1,563
Deshka,2005,Escapement,Weir,NA,0,0,0.012000000000000002,0,0.29200000000000004,0,0,0.5780000000000001,0,0,0.11800000000000001,0,0,0,0,0,1.0000000000000002,490
Deshka,2006,Escapement,Weir,NA,0,0,0,0,0.228,0,0,0.553,0,0,0.219,0,0,0,0,0,1,488
Deshka,2007,Escapement,Weir,NA,0,0,0,0,0.099,0,0,0.712,0,0,0.189,0,0,0,0,0,1,232
Deshka,2008,Escapement,Weir,NA,0,0,0,0,0.15684315684315683,0,0,0.3796203796203796,0,0,0.4635364635364635,0,0,0,0,0,0.9999999999999999,266
Deshka,2009,Escapement,Weir,NA,0,0,0,0,0.668,0,0,0.241,0,0,0.091,0,0,0,0,0,1,386
Deshka,2010,Escapement,Weir,NA,0,0,0.009009009009009009,0,0.20820820820820823,0,0,0.6966966966966968,0,0,0.08608608608608609,0,0,0,0,0,1,336
Deshka,2011,Escapement,Weir,NA,0,0,0.023,0,0.267,0,0,0.641,0,0,0.069,0,0,0,0,0,1,348
Deshka,2012,Escapement,Weir,NA,0,0,0.04195804195804195,0,0.5464535464535464,0,0,0.2597402597402597,0,0,0.15184815184815184,0,0,0,0,0,0.9999999999999999,289
Deshka,2013,Escapement,Weir,NA,0,0,0.039,0,0.214,0,0,0.583,0,0,0.164,0,0,0,0,0,1,250
Deshka,2014,Escapement,Weir,NA,0,0,0.08691308691308691,0,0.39660339660339666,0,0,0.39660339660339666,0,0,0.11988011988011989,0,0,0,0,0,1,242
Deshka,2015,Escapement,Weir,NA,0,0,0.11,0,0.271,0,0,0.491,0,0,0.128,0,0,0,0,0,1,336
ESSN,1983,Commercial Harvest,Gill Net,< 6 in,0,6.666666666666666e-4,0.013,0,0.129,0,0.001,0.16566666666666668,0.0016666666666666668,0,0.6546666666666666,0.0033333333333333335,0.021666666666666667,0.009333333333333332,0,0,0.9999999999999999,857
ESSN,1984,Commercial Harvest,Gill Net,< 6 in,0,0.0026666666666666674,0.029333333333333336,0.005666666666666667,0.15633333333333335,0,0.013000000000000001,0.17300000000000001,0,0,0.532,0,0.085,0.0023333333333333335,6.666666666666669e-4,0,1,794
ESSN,1985,Commercial Harvest,Gill Net,< 6 in,0,0,0.06621052744933342,0,0.2481031273867095,3.3300033300033305e-4,0.0013333333333333333,0.17592478168597572,0.001659700167162854,0,0.47316159131084506,0,0.02927427133397283,0.003999666999666999,0,0,1,2370
ESSN,1986,Commercial Harvest,Gill Net,< 6 in,0,0.0013333333333333333,0.01,0.0033333333333333335,0.225,6.666666666666666e-4,6.666666666666666e-4,0.361,0.004,6.666666666666666e-4,0.344,0.009333333333333334,0.036000000000000004,0.0033333333333333335,0,6.666666666666666e-4,1,1324
ESSN,1987,Commercial Harvest,Gill Net,< 6 in,0,8.000800080008001e-4,0.020602060206020602,8.000800080008001e-4,0.14691469146914693,0,0,0.33013301330133016,0.0017001700170017002,0,0.485048504850485,0.0025002500250025004,0.0107010701070107,8.000800080008001e-4,0,0,1,1212
ESSN,1988,Commercial Harvest,Gill Net,< 6 in,0,0,0.0322,0,0.1081,0,0.0023,0.1425,0.0035,0,0.685,0.0012,0.0183,0.0069,0,0,1,870
ESSN,1989,Commercial Harvest,Gill Net,< 6 in,0,0,0.009399060093990599,0,0.1510848915108489,0,0,0.21077892210778917,0.0022997700229976997,0,0.5327467253274671,0,0.0936906309369063,0,0,0,0.9999999999999998,854
ESSN,1990,Commercial Harvest,Gill Net,< 6 in,0,0,0.011601160116011599,0.0024002400240023996,0.2906290629062906,0.009400940094009401,0.0024002400240023996,0.29312931293129313,0.0046004600460046,0,0.3322332233223322,0.004800480048004799,0.0326032603260326,0.0162016201620162,0,0,0.9999999999999998,429
ESSN,1991,Commercial Harvest,Gill Net,< 6 in,0,0.002200660198059418,0.006702010603180955,0,0.24907472241672504,0.002200660198059418,0.0045013504051215365,0.3206962088626588,0,0,0.38551565469640897,0.006702010603180955,0.020206061818545566,0.002200660198059418,0,0,1,446
ESSN,1992,Commercial Harvest,Gill Net,< 6 in,0,0,0.024600000000000004,0,0.14970000000000003,0,0,0.27620000000000006,0.0058000000000000005,0,0.49560000000000004,0.008800000000000002,0.03780000000000001,0.0015000000000000002,0,0,1.0000000000000002,688
ESSN,1993,Commercial Harvest,Gill Net,< 6 in,0,0,0.0333,0,0.1401,0,0,0.2076,0.001,0,0.5646,0.008,0.0404,0.005,0,0,1,992
ESSN,1994,Commercial Harvest,Gill Net,< 6 in,0,0,0.0353035303530353,0,0.12281228122812282,8.000800080008001e-4,0,0.1467146714671467,0.0025002500250025004,0,0.6128612861286129,0.0045004500450045,0.058105810581058105,0.0159015901590159,0,5.000500050005e-4,1,1502
ESSN,1995,Commercial Harvest,Gill Net,< 6 in,0,0,0.027297270272972705,0,0.22347765223477653,8.999100089991e-4,0,0.3287671232876712,0.007599240075992401,0,0.3494650534946505,0.0010998900109989002,0.058994100589941006,0.0018998100189981002,4.999500049995e-4,0,1,1508
ESSN,1996,Commercial Harvest,Gill Net,< 6 in,0,0,0.0325,0,0.1583,6e-4,0,0.3487,0.0015,0,0.4234,0.0155,0.0149,0.0046,0,0,1,2186
ESSN,1997,Commercial Harvest,Gill Net,< 6 in,0,0,0.0638,0,0.1351,0.0027,0,0.3108,0.0027,0,0.4564,0.0072,0.0073,0.014,0,0,1,1691
ESSN,1998,Commercial Harvest,Gill Net,< 6 in,0,0.0045986204138758376,0.11746476057182845,0.002199340197940618,0.2317304808557433,0.0033989803059082274,9.99700089973008e-4,0.2105368389483155,0.015695291412576227,0,0.3836848945316405,0.005398380485854244,0.018694391682495252,0.005598320503848846,0,0,1,911
ESSN,1999,Commercial Harvest,Gill Net,< 6 in,0,5.000500050005e-4,0.0232023202320232,0,0.26302630263026305,0.0016001600160016002,0,0.24522452245224521,0,0,0.43464346434643464,0.004000400040004,0.0278027802780278,0,0,0,1,1818
ESSN,2000,Commercial Harvest,Gill Net,< 6 in,0,0,0.09149085091490851,7.999200079992001e-4,0.12188781121887811,0.008799120087991202,0,0.38646135386461355,0.0032996700329967,0,0.37606239376062395,0.0026997300269973002,0.007699230076992301,7.999200079992001e-4,0,0,0.9999999999999999,991
ESSN,2001,Commercial Harvest,Gill Net,< 6 in,0,0,0.1168,0,0.4004,0,0,0.1453,0,0,0.3252,0,0.0123,0,0,0,1,989
ESSN,2002,Commercial Harvest,Gill Net,< 6 in,0,0,0.106,4e-4,0.2928,0,0,0.3668,0,0,0.2257,0,0.0071,0.0012,0,0,1,1224
ESSN,2003,Commercial Harvest,Gill Net,< 6 in,0,0,0.0383,0,0.5177,0,0,0.236,0.003,0,0.1873,0,0.0177,0,0,0,1,678
ESSN,2004,Commercial Harvest,Gill Net,< 6 in,0,0,0.035396460353964605,0,0.19828017198280173,6.999300069993001e-4,0,0.4821517848215179,0,0,0.2763723627637236,3.9996000399960006e-4,0.006699330066993301,0,0,0,0.9999999999999999,1409
ESSN,2005,Commercial Harvest,Gill Net,< 6 in,0,0.0021000000000000003,0.029000000000000005,0,0.26970000000000005,0,0,0.20130000000000003,0.004200000000000001,0,0.47500000000000003,0,0.016600000000000004,0.0021000000000000003,0,0,1,482
ESSN,2006,Commercial Harvest,Gill Net,< 6 in,0,0,0.12861286128612862,0,0.35353535353535354,0,0,0.2196219621962196,0.0018001800180018,0,0.2714271427142714,0,0.025002500250025005,0,0,0,1,560
ESSN,2007,Commercial Harvest,Gill Net,< 6 in,0,0,0.0481951804819518,0,0.42705729427057293,0,0,0.2243775622437756,0.0012998700129987,0,0.2850714928507149,0,0.012698730126987301,0.0012998700129987,0,0,0.9999999999999999,789
ESSN,2008,Commercial Harvest,Gill Net,< 6 in,0,0,0.10268973102689731,0,0.19728027197280273,0,0,0.2763723627637236,0,0,0.40775922407759224,0,0.015898410158984102,0,0,0,1,380
ESSN,2009,Commercial Harvest,Gill Net,< 6 in,0,0,0.1376,0,0.5134,0,0,0.1231,0,0,0.2198,0,0.0061,0,0,0,1,487
ESSN,2010,Commercial Harvest,Gill Net,< 6 in,0,0,0.18271827182718273,0,0.24622462246224622,0,0,0.3595359535953595,0.0011001100110011003,0,0.2006200620062006,0.0016001600160016002,0.008200820082008202,0,0,0,0.9999999999999999,760
ESSN,2011,Commercial Harvest,Gill Net,< 6 in,0,0,0.0456,0,0.337,0,0,0.2518,0,0,0.3527,9e-4,0.012,0,0,0,1,1187
ESSN,2012,Commercial Harvest,Gill Net,< 6 in,0,0,0.096,0,0.18,0,0,0.365,0,0,0.359,0,0,0,0,0,1,167
ESSN,2013,Commercial Harvest,Gill Net,< 6 in,0,0,0.2272272272272272,0,0.43443443443443436,0,0,0.15215215215215214,0,0,0.18618618618618615,0,0,0,0,0,0.9999999999999998,664
ESSN,2014,Commercial Harvest,Gill Net,< 6 in,0,0,0.17617617617617617,0,0.3223223223223224,0,0,0.29129129129129133,0,0,0.2092092092092092,0,0.0010010010010010012,0,0,0,1.0000000000000002,459
ESSN,2015,Commercial Harvest,Gill Net,< 6 in,0,0,0.142,0,0.374,0,0,0.243,0,0,0.238,0,0.003,0,0,0,1,631
ESSN,2016,Commercial Harvest,Gill Net,< 6 in,0,0,0.067,0,0.285,0,0,0.362,0,0,0.267,0,0.019,0,0,0,1,809
Kenai.Late,1986,Escapement,Gill Net,7 in,0,0,0,0,0.1214,0,0,0.4378,0,0,0.3965,0,0.0443,0,0,0,1,1650
Kenai.Late,1986,Sport Harvest,Angling,NA,0,0,0.0041,0,0.1014,0,0,0.3895,0,0,0.4523,0,0.0527,0,0,0,1,524
Kenai.Late,1987,Escapement,Gill Net,7 in,0,0,0.0042,0,0.0187,0,0,0.2786,0,0,0.6881,0,0.0104,0,0,0,1,962
Kenai.Late,1987,Sport Harvest,Angling,NA,0,0,0.0041,0,0.0104,0,0,0.2277,0,0,0.7267,0,0.0311,0,0,0,1,438
Kenai.Late,1988,Escapement,Gill Net,7 in,0,0,0,0,0.012801280128012802,0,0,0.0384038403840384,0,0,0.776977697769777,0,0.1718171817181718,0,0,0,1,942
Kenai.Late,1988,Sport Harvest,Angling,NA,0,0,0.0071992800719928,0,0.0023997600239976003,0,0,0.03369663033696631,0,0,0.786021397860214,0,0.1706829317068293,0,0,0,1,426
Kenai.Late,1989,Escapement,Gill Net,7 in,0,0,0.0049004900490049,0,0.10291029102910292,0,0,0.1225122512251225,0,0,0.6487648764876488,0,0.1209120912091209,0,0,0,1,664
Kenai.Late,1989,Sport Harvest,Angling,NA,0,0,0.0099,0,0.0099,0,0,0.1089,0,0,0.7129,0,0.1584,0,0,0,1,104
Kenai.Late,1990,Escapement,Gill Net,7 in,0,0,0,0,0.12288771122887708,0,0,0.1455854414558544,0,0,0.6861313868613138,0,0.045395460453954595,0,0,0,0.9999999999999999,528
Kenai.Late,1990,Sport Harvest,Angling,NA,0,0,0.0058994100589941,0,0.0967903209679032,0,0,0.15838416158384164,0,0,0.6216378362163784,0,0.11728827117288271,0,0,0,1,341
Kenai.Late,1991,Escapement,Gill Net,7 in,0,0,0.0062,0,0.0745,0,0,0.1584,0,0,0.6957,0,0.0652,0,0,0,1,363
Kenai.Late,1991,Sport Harvest,Angling,NA,0,0,0.009,0,0.0493,0,0,0.1166,0,0,0.7623,0,0.0628,0,0,0,1,472
Kenai.Late,1992,Escapement,Gill Net,7 in,0,0,0,0,0.0674,0,0,0.1584,0,0,0.7507,0,0.0235,0,0,0,1,341
Kenai.Late,1992,Sport Harvest,Angling,NA,0,0,0.005,0,0.0199,0,0,0.1542,0,0,0.7612,0,0.0597,0,0,0,1,402
Kenai.Late,1993,Escapement,Gill Net,7 in,0,0,0.005700570057005701,0,0.08000800080008001,0,0,0.14001400140014003,0,0,0.7171717171717171,0,0.0571057105710571,0,0,0,1,350
Kenai.Late,1993,Sport Harvest,Angling,NA,0,0,0.010198980101989802,0,0.0188981101889811,0,0,0.0565943405659434,0,0,0.8562143785621438,0,0.0580941905809419,0,0,0,1,689
Kenai.Late,1994,Escapement,Gill Net,7 in,0,0,0.0072,0,0.0556,0,0,0.1135,0,0,0.7826,0,0.0411,0,0,0,1,414
Kenai.Late,1994,Sport Harvest,Angling,NA,0,0,0.0046004600460046,0,0.0184018401840184,0,0,0.0438043804380438,0,0,0.907890789078908,0,0.025302530253025302,0,0,0,1,434
Kenai.Late,1995,Escapement,Gill Net,7 in,0,0,0.004899510048995101,0,0.22327767223277672,0,0,0.21357864213578642,0,0,0.5048495150484952,0,0.053394660533946606,0,0,0,1,207
Kenai.Late,1995,Sport Harvest,Angling,NA,0,0,0.0069,0,0.0759,0,0,0.0989,0,0,0.7126,0,0.1057,0,0,0,1,435
Kenai.Late,1996,Escapement,Gill Net,7 in,0,0,0.0021,0,0.0768,0,0,0.339,0,0,0.5736,0,0.0085,0,0,0,1,470
Kenai.Late,1996,Sport Harvest,Angling,NA,0,0,0,0,0.0598,0,0,0.3675,0,0,0.5513,0,0.0214,0,0,0,1,235
Kenai.Late,1997,Escapement,Gill Net,7 in,0,0,0.0035,0,0.0415,0,0,0.218,0,0,0.7197,0,0.0173,0,0,0,1,289
Kenai.Late,1997,Sport Harvest,Angling,NA,0,0,0.009500950095009501,0,0.025202520252025202,0,0,0.23342334233423342,0,0,0.7192719271927193,0,0.012601260126012601,0,0,0,1,317
Kenai.Late,1998,Escapement,Gill Net,7 in,0,0,0,0,0.14908509149085092,0,0,0.14038596140385962,0,0,0.6783321667833216,0,0.0321967803219678,0,0,0,1,374
Kenai.Late,1998,Sport Harvest,Angling,NA,0,0,0.0151,0,0.1208,0,0,0.1239,0,0,0.71,0,0.0302,0,0,0,1,331
Kenai.Late,1999,Escapement,Gill Net,7 in,0,0,0.0078,0,0.1244,0,0,0.2124,0,0,0.6088,0,0.0466,0,0,0,1,386
Kenai.Late,1999,Sport Harvest,Angling,NA,0,0,0.003,0,0.109,0,0,0.275,0,0,0.572,0,0.041,0,0,0,1,320
Kenai.Late,2000,Escapement,Gill Net,7 in,0,0,0,0,0.0392,0,0,0.3133,0,0,0.6214,0,0.0261,0,0,0,1,383
Kenai.Late,2000,Sport Harvest,Angling,NA,0,0,0.0199,0,0.0275,0,0,0.3018,0,0,0.6385,0,0.0123,0,0,0,1,483
Kenai.Late,2001,Escapement,Gill Net,7 in,0,0,0,0,0.1202,0,0,0.1906,0,0,0.662,0,0.0272,0,0,0,1,256
Kenai.Late,2001,Sport Harvest,Angling,NA,0,0,0.0192,0,0.1104,0,0,0.1545,0,0,0.6964,0,0.0195,0,0,0,1,388
Kenai.Late,2002,Escapement,Gill Net,5 in,0,0,0.020302030203020304,0,0.17091709170917094,0,0,0.18721872187218724,0,0,0.5890589058905891,0,0.032503250325032505,0,0,0,1,381
Kenai.Late,2002,Escapement,Gill Net,7 in,0,0,0.020302030203020304,0,0.17091709170917094,0,0,0.18721872187218724,0,0,0.5890589058905891,0,0.032503250325032505,0,0,0,1,564
Kenai.Late,2002,Sport Harvest,Angling,NA,0,0,0.0249,0,0.0502,0,0,0.2308,0,0,0.6762,0,0.0179,0,0,0,1,275
Kenai.Late,2003,Escapement,Gill Net,5 in,0,0,0.025097490250974904,0,0.37306269373062695,0,0,0.15258474152584742,0,0,0.4480551944805519,0,0.0011998800119988001,0,0,0,1,455
Kenai.Late,2003,Escapement,Gill Net,7 in,0,0,0.003,0,0.2411,0,0,0.231,0,0,0.5173,0,0.0076,0,0,0,1,659
Kenai.Late,2003,Sport Harvest,Angling,NA,0,0,0.015200000000000002,0,0.15030000000000002,0,0,0.18500000000000003,0,0,0.6402000000000001,0,0.009300000000000001,0,0,0,1.0000000000000002,311
Kenai.Late,2004,Escapement,Gill Net,5 in,0,0,0.030403040304030404,0,0.1336133613361336,0,0,0.2138213821382138,0,0,0.6071607160716072,0,0.015001500150015001,0,0,0,1,333
Kenai.Late,2004,Escapement,Gill Net,7 in,0,0,0.0018001800180018,0,0.1435143514351435,0,0,0.2638263826382638,0,0,0.5789578957895789,0,0.011901190119011902,0,0,0,0.9999999999999999,600
Kenai.Late,2004,Sport Harvest,Angling,NA,0,0,0.012,0,0.089,0,0,0.275,0,0,0.593,0,0.031,0,0,0,1,305
Kenai.Late,2005,Escapement,Gill Net,5 in,0,0,0,0,0.10368963103689631,0,0,0.1318868113188681,0,0,0.7005299470052995,0,0.0638936106389361,0,0,0,1,218
Kenai.Late,2005,Escapement,Gill Net,7 in,0,0,0,0,0.0439,0,0,0.2229,0,0,0.707,0,0.0262,0,0,0,1,302
Kenai.Late,2005,Sport Harvest,Angling,NA,0,0,0.004,0,0.025,0,0,0.183,0,0,0.761,0,0.027,0,0,0,1,429
Kenai.Late,2006,Escapement,Gill Net,5 in,0,0,0.0266,0,0.3296,0,0,0.131,0,0,0.455,0,0.0578,0,0,0,1,294
Kenai.Late,2006,Escapement,Gill Net,7 in,0,0,0.0031,0,0.2364,0,0,0.1563,0,0,0.5253,0,0.0789,0,0,0,1,409
Kenai.Late,2006,Sport Harvest,Angling,NA,0,0,0.0031,0,0.1149,0,0,0.2143,0,0,0.6025,0,0.0652,0,0,0,1,313
Kenai.Late,2007,Escapement,Gill Net,5 in,0,0,0.012701270127012701,0,0.26482648264826486,0,0,0.2682268226822683,0,0,0.4026402640264027,0,0.05160516051605161,0,0,0,1.0000000000000002,150
Kenai.Late,2007,Escapement,Gill Net,7 in,0,0,0,0,0.1722233380196827,0,0,0.2763607150030127,0,0,0.44486844747941356,0,0.10654749949789115,0,0,0,1.0000000000000002,288
Kenai.Late,2007,Sport Harvest,Angling,NA,0,0,0,0,0.11478852114788521,0,0,0.29917008299170084,0,0,0.5204479552044795,0,0.0655934406559344,0,0,0,1,237
Kenai.Late,2008,Escapement,Gill Net,5 in,0,0,0.0416,0,0.0803,0,0,0.1989,0,0,0.5846,0,0.0946,0,0,0,1,217
Kenai.Late,2008,Escapement,Gill Net,7 in,0,0,0.0036,0,0.0717,0,0,0.2115,0,0,0.6487,0,0.0645,0,0,0,1,279
Kenai.Late,2008,Sport Harvest,Angling,NA,0,0,0,0,0.0504,0,0,0.2768,0,0,0.5874,0,0.0854,0,0,0,1,218
Kenai.Late,2009,Escapement,Gill Net,5 in,0,0,0.007899210078992101,0,0.36236376362363765,0,0,0.09659034096590341,0,0,0.5108489151084892,0,0.022297770222977704,0,0,0,1,145
Kenai.Late,2009,Escapement,Gill Net,7 in,0,0,0,0,0.2435,0,0,0.1244,0,0,0.5751,0,0.057,0,0,0,1,193
Kenai.Late,2009,Sport Harvest,Angling,NA,0,0,0,0,0.1645,0,0,0.2008,0,0,0.6105,0,0.0242,0,0,0,1,195
Kenai.Late,2010,Escapement,Gill Net,5 in,0,0,0.09209079092090791,0,0.18258174182581743,0,0,0.3003699630036996,0,0,0.36906309369063095,0,0.055894410558944105,0,0,0,1,84
Kenai.Late,2010,Escapement,Gill Net,7 in,0,0,0.0072992700729927005,0,0.2116788321167883,0,0,0.36496350364963503,0,0,0.35036496350364965,0,0.0656934306569343,0,0,0,1,137
Kenai.Late,2010,Sport Harvest,Angling,NA,0,0,0.040195980401959805,0,0.13938606139386062,0,0,0.39936006399360063,0,0,0.37996200379962003,0,0.0410958904109589,0,0,0,1,184
Kenai.Late,2011,Escapement,Gill Net,5 in,0,0,0.0514,0,0.3318,0,0,0.1368,0,0,0.4621,0,0.0179,0,0,0,1,153
Kenai.Late,2011,Escapement,Gill Net,7 in,0,0,0,0,0.2701,0,0,0.2414,0,0,0.4655,0,0.023,0,0,0,1,174
Kenai.Late,2011,Sport Harvest,Angling,NA,0,0,0.0129,0,0.1588,0,0,0.2146,0,0,0.5794,0,0.0343,0,0,0,1,233
Kenai.Late,2012,Escapement,Gill Net,5 in,0,0,0.0326,0,0.1196,0,0,0.3478,0,0,0.4348,0,0.0652,0,0,0,1,92
Kenai.Late,2012,Escapement,Gill Net,7 in,0,0,0.007100710071007102,0,0.08570857085708572,0,0,0.43574357435743577,0,0,0.4500450045004501,0,0.021402140214021405,0,0,0,1,140
Kenai.Late,2013,Escapement,Gill Net,5 in,0,0,0.2208,0,0.0623,0,0,0.3236,0,0,0.3933,0,0,0,0,0,1,49
Kenai.Late,2013,Escapement,Gill Net,7 in,0,0,0,0,0.25742574257425743,0,0,0.23762376237623764,0,0,0.45544554455445546,0,0.04950495049504951,0,0,0,1,101
Kenai.Late,2013,Sport Harvest,Angling,NA,0,0,0.020100000000000003,0,0.28190000000000004,0,0,0.23490000000000003,0,0,0.42950000000000005,0,0.033600000000000005,0,0,0,1.0000000000000002,50
Kenai.Late,2014,Escapement,Gill Net,5 in,0,0,0.04880000000000001,0,0.21390000000000003,0,0,0.27410000000000007,0,0,0.43600000000000005,0,0.027200000000000002,0,0,0,1.0000000000000002,145
Kenai.Late,2014,Escapement,Gill Net,7 in,0,0,0,0,0.1957,0,0,0.442,0,0,0.3478,0,0.0145,0,0,0,1,138
Kenai.Late,2014,Sport Harvest,Angling,NA,0,0,0.1,0,0.267,0,0,0.3,0,0,0.333,0,0,0,0,0,1,30
Kenai.Late,2015,Escapement,Gill Net,5 in,0,0,0.0633,0,0.2913,0,0,0.3845,0,0,0.2525,0,0.0084,0,0,0,1,124
Kenai.Late,2015,Escapement,Gill Net,7 in,0,0,0,0,0.2719,0,0,0.3772,0,0,0.3246,0,0.0263,0,0,0,1,114
Kenai.Late,2015,Sport Harvest,Angling,NA,0,0,0.02620967741935484,0,0.1895161290322581,0,0,0.4737903225806452,0,0,0.3014112903225807,0,0.009072580645161291,0,0,0,1,117
Kenai.Late,2016,Sport Harvest,Angling,NA,0,0,0.022,0,0.19,0,0,0.508,0,0,0.259,0,0.021,0,0,0,1,189
Lewis,2012,Escapement,Weir,NA,0,0,0.016,0,0.654,0,0,0.241,0,0,0.089,0,0,0,0,0,1,71
LittleSusitna,1988,Escapement,Weir,NA,0,0,0,0,0.067,0,0,0.2,0,0,0.733,0,0,0,0,0,1,375
LittleSusitna,1989,Escapement,Weir,NA,0,0,0,0,0.06806806806806807,0,0,0.14914914914914915,0,0,0.7477477477477478,0,0.035035035035035036,0,0,0,1,368
LittleSusitna,1994,Escapement,Weir,NA,0,0,0,0,0.1081081081081081,0,0,0.24824824824824826,0,0,0.6396396396396397,0,0.004004004004004004,0,0,0,1,499
LittleSusitna,1995,Escapement,Weir,NA,0,0,0,0,0.22482197355035605,0,0,0.23702950152594102,0,0,0.5025432349949135,0,0.035605289928789426,0,0,0,1,475
LittleSusitna,2013,Escapement,Weir,NA,0,0,0.008072653884964684,0,0.48738647830474274,0,0,0.3047426841574168,0,0,0.1997981836528759,0,0,0,0,0,1.0000000000000002,242
LittleSusitna,2014,Escapement,Weir,NA,0,0,0.065,0,0.315,0,0,0.481,0,0,0.139,0,0,0,0,0,1,108
LittleSusitna,2015,Escapement,Weir,NA,0,0,0.202,0,0.537,0,0,0.136,0,0,0.125,0,0,0,0,0,1,272
LittleSusitna,2016,Escapement,Weir,NA,0,0,0.1651651651651652,0,0.1891891891891892,0,0,0.5655655655655656,0,0,0.0800800800800801,0,0,0,0,0,1,375
Ninilchik,1997,Escapement,Weir,NA,0,0,0.009,0,0.091,0,0,0.855,0,0,0.045,0,0,0,0,0,1,NA
Ninilchik,1998,Escapement,Weir,NA,0,0,0.015,0,0.335,0,0,0.361,0,0,0.289,0,0,0,0,0,1,NA
Ninilchik,1999,Escapement,Weir,NA,0,0,0,0,0.364,0,0,0.467,0,0,0.169,0,0,0,0,0,1,NA
Ninilchik,2000,Escapement,Weir,NA,0,0,0.023,0,0.105,0,0,0.593,0,0,0.279,0,0,0,0,0,1,NA
Ninilchik,2001,Escapement,Weir,NA,0,0,0.009,0,0.406,0,0,0.415,0,0,0.17,0,0,0,0,0,1,NA
Ninilchik,2002,Escapement,Weir,NA,0,0,0.03,0,0.391,0,0,0.523,0,0,0.056,0,0,0,0,0,1,NA
Ninilchik,2003,Escapement,Weir,NA,0,0,0.011,0,0.269,0,0,0.6,0,0,0.12,0,0,0,0,0,1,NA
Ninilchik,2004,Escapement,Weir,NA,0,0,0,0,0.21,0,0,0.503,0,0,0.287,0,0,0,0,0,1,NA
Ninilchik,2005,Escapement,Weir,NA,0,0,0.062,0,0.182,0,0,0.682,0,0,0.074,0,0,0,0,0,1,NA
Ninilchik,2006,Escapement,Weir,NA,0,0,0.093,0,0.3,0,0,0.4,0,0,0.207,0,0,0,0,0,1,NA
Ninilchik,2007,Escapement,Weir,NA,0,0,0.061,0,0.242,0,0,0.545,0,0,0.152,0,0,0,0,0,1,NA
Ninilchik,2008,Escapement,Weir,NA,0,0,0.034,0,0.226,0,0,0.629,0,0,0.111,0,0,0,0,0,1,NA
Ninilchik,2009,Escapement,Weir,NA,0,0,0.207,0,0.443,0,0,0.309,0,0,0.041,0,0,0,0,0,1,NA
Ninilchik,2010,Escapement,Weir,NA,0,0,0.042,0,0.522,0,0,0.39,0,0,0.046,0,0,0,0,0,1,NA
Ninilchik,2011,Escapement,Weir,NA,0,0,0,0,0.19,0,0,0.711,0,0,0.099,0,0,0,0,0,1,NA
Ninilchik,2012,Escapement,Weir,NA,0,0,0.2442442442442442,0,0.27927927927927926,0,0,0.41441441441441434,0,0,0.06206206206206206,0,0,0,0,0,0.9999999999999999,NA
Ninilchik,2013,Escapement,Weir,NA,0,0,0.08891108891108891,0,0.5244755244755246,0,0,0.3656343656343657,0,0,0.020979020979020983,0,0,0,0,0,1.0000000000000002,NA
Ninilchik,2014,Escapement,Weir,NA,0,0,0.11788211788211786,0,0.44955044955044954,0,0,0.4265734265734265,0,0,0.005994005994005993,0,0,0,0,0,1,NA
Ninilchik,2015,Escapement,Weir,NA,0,0,0.31931931931931934,0,0.3033033033033033,0,0,0.3443443443443443,0,0,0.03303303303303304,0,0,0,0,0,1,NA
Ninilchik,2016,Escapement,Weir,NA,0,0,0.025,0,0.407,0,0,0.556,0,0,0.012,0,0,0,0,0,1,NA
Ninilchik.Hatchery,1997,Escapement,Weir,NA,0,0,0.122,0,0.345,0,0,0.45,0,0,0.083,0,0,0,0,0,1,NA
Ninilchik.Hatchery,1998,Escapement,Weir,NA,0,0,0.078,0,0.298,0,0,0.539,0,0,0.085,0,0,0,0,0,1,NA
Ninilchik.Hatchery,1999,Escapement,Weir,NA,0,0,0.024999999999999994,0,0.5349999999999999,0,0,0.33799999999999997,0,0,0.10199999999999997,0,0,0,0,0,0.9999999999999999,NA
Ninilchik.Hatchery,2000,Escapement,Weir,NA,0,0,0.046,0,0.267,0,0,0.608,0,0,0.079,0,0,0,0,0,1,NA
Ninilchik.Hatchery,2001,Escapement,Weir,NA,0,0,0.081,0,0.414,0,0,0.379,0,0,0.126,0,0,0,0,0,1,NA
Ninilchik.Hatchery,2002,Escapement,Weir,NA,0,0,0.194,0,0.33,0,0,0.466,0,0,0.01,0,0,0,0,0,1,NA
Ninilchik.Hatchery,2003,Escapement,Weir,NA,0,0,0.097,0,0.417,0,0,0.472,0,0,0.014,0,0,0,0,0,1,NA
Ninilchik.Hatchery,2004,Escapement,Weir,NA,0,0,0.018,0,0.319,0,0,0.628,0,0,0.035,0,0,0,0,0,1,NA
Ninilchik.Hatchery,2005,Escapement,Weir,NA,0,0,0.13,0,0.122,0,0,0.675,0,0,0.073,0,0,0,0,0,1,NA
Ninilchik.Hatchery,2006,Escapement,Weir,NA,0,0,0.328,0,0.328,0,0,0.223,0,0,0.121,0,0,0,0,0,1,NA
Ninilchik.Hatchery,2007,Escapement,Weir,NA,0,0,0.263,0,0.316,0,0,0.421,0,0,0,0,0,0,0,0,1,NA
Ninilchik.Hatchery,2008,Escapement,Weir,NA,0,0,0.166,0,0.345,0,0,0.458,0,0,0.031,0,0,0,0,0,1,NA
Ninilchik.Hatchery,2009,Escapement,Weir,NA,0,0,0.584,0,0.196,0,0,0.211,0,0,0.009,0,0,0,0,0,1,NA
Ninilchik.Hatchery,2010,Escapement,Weir,NA,0,0,0.20100000000000004,0,0.46900000000000003,0,0,0.29700000000000004,0,0,0.03300000000000001,0,0,0,0,0,1,NA
Ninilchik.Hatchery,2011,Escapement,Weir,NA,0,0,0.022,0,0.291,0,0,0.687,0,0,0,0,0,0,0,0,1,NA
Ninilchik.Hatchery,2012,Escapement,Weir,NA,0,0,0.71,0,0.126,0,0,0.164,0,0,0,0,0,0,0,0,1,NA
Ninilchik.Hatchery,2013,Escapement,Weir,NA,0,0,0.7272727272727273,0,0.2167832167832168,0,0,0.05594405594405595,0,0,0,0,0,0,0,0,1,NA
Ninilchik.Hatchery,2014,Escapement,Weir,NA,0,0,0.815,0,0.152,0,0,0.033,0,0,0,0,0,0,0,0,1,NA
Ninilchik.Hatchery,2015,Escapement,Weir,NA,0,0,0.638,0,0.17,0,0,0.192,0,0,0,0,0,0,0,0,1,NA
Ninilchik.Hatchery,2016,Escapement,Weir,NA,0,0,0.31,0,0.48,0,0,0.21,0,0,0,0,0,0,0,0,1,NA
NSN,1983,Commercial Harvest,Gill Net,< 6 in,0,0,0,0,0.22,0,0,0.415,0,0,0.365,0,0,0,0,0,1,41
NSN,1985,Commercial Harvest,Gill Net,< 6 in,0,0,0.025,0,0.275,0,0,0.35,0.025,0,0.3,0,0.025,0,0,0,1,40
NSN,1986,Commercial Harvest,Gill Net,< 6 in,0,0.0055,0.0035,0,0.259,0,0,0.4425,0.0135,0,0.2495,0.008,0.010499999999999999,0.008,0,0,1,900
NSN,1987,Commercial Harvest,Gill Net,< 6 in,0,0.0021,0.0022997700229977,0,0.19599027597240276,0,0.0021,0.4391281471852815,0.0150995400459954,0,0.31138272672732725,0.023299770022997702,0.00534988501149885,0.0032498850114988497,0,0,0.9999999999999999,675
NSN,1988,Commercial Harvest,Gill Net,< 6 in,0,0,0.00295,0,0.15184999999999998,0,0,0.30125,0,0,0.5345500000000001,0.0016,0.00325,0.00455,0,0,1.0000000000000002,477
NSN,1989,Commercial Harvest,Gill Net,< 6 in,0,0,0.003,0,0.24,0,0,0.336,0,0,0.4085,0,0.012499999999999999,0,0,0,0.9999999999999999,672
NSN,1990,Commercial Harvest,Gill Net,< 6 in,0,0,0.006999300069993001,0,0.1834895910408959,0,0,0.4070791670832916,0.0013999999999999998,0,0.37233264173582636,0.013049999999999997,0.012849300069993,0.0027999999999999995,0,0,0.9999999999999998,707
NSN,1991,Commercial Harvest,Gill Net,< 6 in,0,0,0,0,0.28676415641564157,0,0,0.34441812181218123,0.01035,0,0.3521677217721772,0.00405,0,0.00225,0,0,1,623
NSN,1996,Commercial Harvest,Gill Net,< 6 in,0,0,0.02459016393442623,0,0.375,0,0,0.375,0,0,0.22540983606557377,0,0,0,0,0,1,82
NSN,1997,Commercial Harvest,Gill Net,< 6 in,0,0,0.02002002002002002,0,0.2652652652652653,0,0,0.5005005005005005,0,0,0.21421421421421422,0,0,0,0,0,1,98
NSN,1998,Commercial Harvest,Gill Net,< 6 in,0,0,0,0,0.4402834008097166,0,0,0.3319838056680162,0,0,0.2236842105263158,0,0.004048582995951417,0,0,0,1,262
NSN,1999,Commercial Harvest,Gill Net,< 6 in,0,0,0,0,0.4040404040404041,0,0,0.4696969696969697,0,0,0.12121212121212122,0,0.005050505050505051,0,0,0,1,200
NSN,2000,Commercial Harvest,Gill Net,< 6 in,0,0,0.003,0,0.203,0,0,0.57,0,0,0.224,0,0,0,0,0,1,370
NSN,2014,Commercial Harvest,Gill Net,< 6 in,0,0,0.06,0,0.279,0,0,0.413,0,0,0.231,0,0.017,0,0,0,1,568
NSN,2015,Commercial Harvest,Gill Net,< 6 in,0,0,0.15500000000000003,0,0.43100000000000005,0,0,0.32400000000000007,0,0,0.08900000000000001,0,0.0010000000000000002,0,0,0,1,725
NSN,2016,Commercial Harvest,Gill Net,< 6 in,0,0,0.014000000000000002,0,0.34700000000000003,0,0,0.5630000000000001,0,0,0.07600000000000001,0,0,0,0,0,1.0000000000000002,1027
Theodore,2012,Escapement,Weir,NA,0,0,0,0,0.656,0,0,0.271,0,0,0.073,0,0,0,0,0,1,247
Theodore,2013,Escapement,Weir,NA,0,0,0,0,0.32600000000000007,0,0,0.5760000000000001,0,0,0.09800000000000002,0,0,0,0,0,1.0000000000000002,192
Theodore,2014,Escapement,Weir,NA,0,0,0.20700000000000002,0,0.13800000000000004,0,0,0.41400000000000003,0,0,0.24100000000000002,0,0,0,0,0,1.0000000000000002,29
Tyonek,2014,Subsistence Harvest,Gill Net,NA,0,0,0.058941058941058944,0,0.18381618381618384,0,0,0.37462537462537465,0,0,0.3236763236763237,0,0.058941058941058944,0,0,0,1,136
Tyonek,2015,Subsistence Harvest,Gill Net,NA,0,0,0.073,0,0.283,0,0,0.527,0,0,0.117,0,0,0,0,0,1,300
Tyonek,2016,Subsistence Harvest,Gill Net,NA,0,0,0.052,0,0.181,0,0,0.629,0,0,0.133,0,0.005,0,0,0,1,210
WSSN,1980,Commercial Harvest,Gill Net,< 6 in,0,0,0,0,0.197,0,0,0.122,0,0,0.681,0,0,0,0,0,1,NA
WSSN,1983,Commercial Harvest,Gill Net,< 6 in,0,0,0,0,0.197,0,0,0.381,0,0,0.407,0.003,0.006,0.006,0,0,1,330
WSSN,1984,Commercial Harvest,Gill Net,< 6 in,0,0,0.004,0,0.169,0,0,0.351,0,0,0.436,0,0.031,0.009,0,0,1,225
WSSN,1985,Commercial Harvest,Gill Net,< 6 in,0.007,0,0.003,0,0.166,0,0.003,0.336,0.003,0,0.371,0.036,0,0.075,0,0,1,308
