Component,Region,ReturnYear,zReturnYear,Age,Prop
Escapement,North,1980,-2.140294222059062,Age1.1,4.374427038120566e-4
Escapement,North,1981,-2.0388987198238255,Age1.1,5.098462703804172e-4
Escapement,North,1982,-1.9375032175885882,Age1.1,5.938182358392432e-4
Escapement,North,1983,-1.8361077153533514,Age1.1,6.911326412460937e-4
Escapement,North,1984,-1.7347122131181143,Age1.1,8.038231063598474e-4
Escapement,North,1985,-1.6333167108828774,Age1.1,9.342188432451806e-4
Escapement,North,1986,-1.5319212086476404,Age1.1,0.0010849853646248714
Escapement,North,1987,-1.4305257064124035,Age1.1,0.0012591704487991712
Escapement,North,1988,-1.3291302041771664,Age1.1,0.0014602559794811964
Escapement,North,1989,-1.2277347019419294,Age1.1,0.0016922163380972404
Escapement,North,1990,-1.1263391997066925,Age1.1,0.0019595840870331844
Escapement,North,1991,-1.0249436974714554,Age1.1,0.002267523743574846
Escapement,North,1992,-0.9235481952362184,Age1.1,0.0026219145038912537
Escapement,North,1993,-0.8221526930009815,Age1.1,0.0030294428315669323
Escapement,North,1994,-0.7207571907657445,Age1.1,0.0034977058721252217
Escapement,North,1995,-0.6193616885305075,Age1.1,0.004035326688655614
Escapement,North,1996,-0.5179661862952706,Age1.1,0.004652082327427077
Escapement,North,1997,-0.41657068406003356,Age1.1,0.005359045707618031
Escapement,North,1998,-0.3151751818247966,Age1.1,0.006168742274964823
Escapement,North,1999,-0.2137796795895596,Age1.1,0.007095322251204196
Escapement,North,2000,-0.11238417735432261,Age1.1,0.008154749132091898
Escapement,North,2001,-0.010988675119085634,Age1.1,0.009365004814772442
Escapement,North,2002,0.09040682711615135,Age1.1,0.010746311343793589
Escapement,North,2003,0.19180232935138833,Age1.1,0.012321368722150715
Escapement,North,2004,0.2931978315866253,Age1.1,0.014115607501638323
Escapement,North,2005,0.3945933338218623,Age1.1,0.016157453901767926
Escapement,North,2006,0.4959888360570993,Age1.1,0.0184786039593348
Escapement,North,2007,0.5973843382923363,Age1.1,0.02111430162782615
Escapement,North,2008,0.6987798405275732,Age1.1,0.02410361377186857
Escapement,North,2009,0.8001753427628102,Age1.1,0.027489692583824995
Escapement,North,2010,0.9015708449980472,Age1.1,0.03132001304355364
Escapement,North,2011,1.0029663472332842,Age1.1,0.035646569623233704
Escapement,North,2012,1.1043618494685212,Age1.1,0.04052601251479721
Escapement,North,2013,1.205757351703758,Age1.1,0.04601969928690332
Escapement,North,2014,1.3071528539389952,Age1.1,0.05219363319544749
Escapement,North,2015,1.4085483561742322,Age1.1,0.05911825461350591
Escapement,Kenai,1980,-2.140294222059062,Age1.1,0.003324785273658092
Escapement,Kenai,1981,-2.0388987198238255,Age1.1,0.0036072720911409584
Escapement,Kenai,1982,-1.9375032175885882,Age1.1,0.003912170208411493
Escapement,Kenai,1983,-1.8361077153533514,Age1.1,0.004241066908623913
Escapement,Kenai,1984,-1.7347122131181143,Age1.1,0.004595639266713274
Escapement,Kenai,1985,-1.6333167108828774,Age1.1,0.00497765658284907
Escapement,Kenai,1986,-1.5319212086476404,Age1.1,0.005388982557469851
Escapement,Kenai,1987,-1.4305257064124035,Age1.1,0.005831577162780331
Escapement,Kenai,1988,-1.3291302041771664,Age1.1,0.0063074981635202415
Escapement,Kenai,1989,-1.2277347019419294,Age1.1,0.00681890223815051
Escapement,Kenai,1990,-1.1263391997066925,Age1.1,0.007368045650436643
Escapement,Kenai,1991,-1.0249436974714554,Age1.1,0.007957284420834779
Escapement,Kenai,1992,-0.9235481952362184,Age1.1,0.008589073947194166
Escapement,Kenai,1993,-0.8221526930009815,Age1.1,0.009265968025173944
Escapement,Kenai,1994,-0.7207571907657445,Age1.1,0.009990617220515719
Escapement,Kenai,1995,-0.6193616885305075,Age1.1,0.010765766547996172
Escapement,Kenai,1996,-0.5179661862952706,Age1.1,0.011594252415569937
Escapement,Kenai,1997,-0.41657068406003356,Age1.1,0.012478998796953729
Escapement,Kenai,1998,-0.3151751818247966,Age1.1,0.0134230126017268
Escapement,Kenai,1999,-0.2137796795895596,Age1.1,0.014429378218939328
Escapement,Kenai,2000,-0.11238417735432261,Age1.1,0.015501251218207281
Escapement,Kenai,2001,-0.010988675119085634,Age1.1,0.016641851201281282
Escapement,Kenai,2002,0.09040682711615135,Age1.1,0.01785445380702467
Escapement,Kenai,2003,0.19180232935138833,Age1.1,0.01914238188350655
Escapement,Kenai,2004,0.2931978315866253,Age1.1,0.020508995852357628
Escapement,Kenai,2005,0.3945933338218623,Age1.1,0.02195768330246632
Escapement,Kenai,2006,0.4959888360570993,Age1.1,0.023491847862292907
Escapement,Kenai,2007,0.5973843382923363,Age1.1,0.02511489741230738
Escapement,Kenai,2008,0.6987798405275732,Age1.1,0.02683023171104407
Escapement,Kenai,2009,0.8001753427628102,Age1.1,0.028641229519731283
Escapement,Kenai,2010,0.9015708449980472,Age1.1,0.03055123532110451
Escapement,Kenai,2011,1.0029663472332842,Age1.1,0.03256354573755724
Escapement,Kenai,2012,1.1043618494685212,Age1.1,0.03468139576194351
Escapement,Kenai,2013,1.205757351703758,Age1.1,0.036907944920861246
Escapement,Kenai,2014,1.3071528539389952,Age1.1,0.039246263494886434
Escapement,Kenai,2015,1.4085483561742322,Age1.1,0.04169931892280712
Escapement,South,1980,-2.140294222059062,Age1.1,4.5677985367441787e-4
Escapement,South,1981,-2.0388987198238255,Age1.1,5.474939789593037e-4
Escapement,South,1982,-1.9375032175885882,Age1.1,6.554961878078889e-4
Escapement,South,1983,-1.8361077153533514,Age1.1,7.839213825756895e-4
Escapement,South,1984,-1.7347122131181143,Age1.1,9.364395975529517e-4
Escapement,South,1985,-1.6333167108828774,Age1.1,0.0011173407198429438
Escapement,South,1986,-1.5319212086476404,Age1.1,0.0013316313329180289
Escapement,South,1987,-1.4305257064124035,Age1.1,0.0015851451531254006
Escapement,South,1988,-1.3291302041771664,Age1.1,0.0018846686436181806
Escapement,South,1989,-1.2277347019419294,Age1.1,0.0022380834929878585
Escapement,South,1990,-1.1263391997066925,Age1.1,0.0026545277280957485
Escapement,South,1991,-1.0249436974714554,Age1.1,0.0031445772798328964
Escapement,South,1992,-0.9235481952362184,Age1.1,0.003720449820258083
Escapement,South,1993,-0.8221526930009815,Age1.1,0.004396232618095988
Escapement,South,1994,-0.7207571907657445,Age1.1,0.00518813598887421
Escapement,South,1995,-0.6193616885305075,Age1.1,0.006114773610244332
Escapement,South,1996,-0.5179661862952706,Age1.1,0.0071974704872439154
Escapement,South,1997,-0.41657068406003356,Age1.1,0.008460598630664963
Escapement,South,1998,-0.3151751818247966,Age1.1,0.009931939486501522
Escapement,South,1999,-0.2137796795895596,Age1.1,0.011643070744934567
Escapement,South,2000,-0.11238417735432261,Age1.1,0.0136297732698625
Escapement,South,2001,-0.010988675119085634,Age1.1,0.01593245141967714
Escapement,South,2002,0.09040682711615135,Age1.1,0.0185965568646383
Escapement,South,2003,0.19180232935138833,Age1.1,0.021673002034147165
Escapement,South,2004,0.2931978315866253,Age1.1,0.025218544450357313
Escapement,South,2005,0.3945933338218623,Age1.1,0.029296117358589554
Escapement,South,2006,0.4959888360570993,Age1.1,0.03397507524889675
Escapement,South,2007,0.5973843382923363,Age1.1,0.03933131517966649
Escapement,South,2008,0.6987798405275732,Age1.1,0.04544722652280622
Escapement,South,2009,0.8001753427628102,Age1.1,0.05241141333123749
Escapement,South,2010,0.9015708449980472,Age1.1,0.060318125756363056
Escapement,South,2011,1.0029663472332842,Age1.1,0.06926633095213361
Escapement,South,2012,1.1043618494685212,Age1.1,0.07935835124460432
Escapement,South,2013,1.205757351703758,Age1.1,0.0906979999955029
Escapement,South,2014,1.3071528539389952,Age1.1,0.10338815587006614
Escapement,South,2015,1.4085483561742322,Age1.1,0.11752773661360992
Sport Harvest,North,1980,-2.140294222059062,Age1.1,3.7648309247805553e-4
Sport Harvest,North,1981,-2.0388987198238255,Age1.1,4.395352995129049e-4
Sport Harvest,North,1982,-1.9375032175885882,Age1.1,5.128110767075944e-4
Sport Harvest,North,1983,-1.8361077153533514,Age1.1,5.97906847231236e-4
Sport Harvest,North,1984,-1.7347122131181143,Age1.1,6.96657774135691e-4
Sport Harvest,North,1985,-1.6333167108828774,Age1.1,8.11171746654279e-4
Sport Harvest,North,1986,-1.5319212086476404,Age1.1,9.438679325616495e-4
Sport Harvest,North,1987,-1.4305257064124035,Age1.1,0.0010975204639414053
Sport Harvest,North,1988,-1.3291302041771664,Age1.1,0.0012753078845059212
Sport Harvest,North,1989,-1.2277347019419294,Age1.1,0.001480869051255194
Sport Harvest,North,1990,-1.1263391997066925,Age1.1,0.0017183662510757926
Sport Harvest,North,1991,-1.0249436974714554,Age1.1,0.0019925563627843897
Sport Harvest,North,1992,-0.9235481952362184,Age1.1,0.0023088709654845267
Sport Harvest,North,1993,-0.8221526930009815,Age1.1,0.002673506362584346
Sport Harvest,North,1994,-0.7207571907657445,Age1.1,0.0030935245541378648
Sport Harvest,North,1995,-0.6193616885305075,Age1.1,0.003576966243842376
Sport Harvest,North,1996,-0.5179661862952706,Age1.1,0.004132977005037764
Sport Harvest,North,1997,-0.41657068406003356,Age1.1,0.004771947744465321
Sport Harvest,North,1998,-0.3151751818247966,Age1.1,0.005505670582997137
Sport Harvest,North,1999,-0.2137796795895596,Age1.1,0.0063475112057076385
Sport Harvest,North,2000,-0.11238417735432261,Age1.1,0.007312598602565142
Sport Harvest,North,2001,-0.010988675119085634,Age1.1,0.008418032904361116
Sport Harvest,North,2002,0.09040682711615135,Age1.1,0.00968311168983053
Sport Harvest,North,2003,0.19180232935138833,Age1.1,0.011129574666910778
Sport Harvest,North,2004,0.2931978315866253,Age1.1,0.012781865974808812
Sport Harvest,North,2005,0.3945933338218623,Age1.1,0.014667412467998932
Sport Harvest,North,2006,0.4959888360570993,Age1.1,0.016816915175336754
Sport Harvest,North,2007,0.5973843382923363,Age1.1,0.01926464961756465
Sport Harvest,North,2008,0.6987798405275732,Age1.1,0.022048768750340998
Sport Harvest,North,2009,0.8001753427628102,Age1.1,0.025211599912075364
Sport Harvest,North,2010,0.9015708449980472,Age1.1,0.028799924235464635
Sport Harvest,North,2011,1.0029663472332842,Age1.1,0.032865223481616405
Sport Harvest,North,2012,1.1043618494685212,Age1.1,0.037463875156029135
Sport Harvest,North,2013,1.205757351703758,Age1.1,0.0426572720921605
Sport Harvest,North,2014,1.3071528539389952,Age1.1,0.04851183753684997
Sport Harvest,North,2015,1.4085483561742322,Age1.1,0.05509890133972705
Sport Harvest,Kenai,1980,-2.140294222059062,Age1.1,0.002775286697993583
Sport Harvest,Kenai,1981,-2.0388987198238255,Age1.1,0.003014524090700258
Sport Harvest,Kenai,1982,-1.9375032175885882,Age1.1,0.003273186200608673
Sport Harvest,Kenai,1983,-1.8361077153533514,Age1.1,0.003552707412156039
Sport Harvest,Kenai,1984,-1.7347122131181143,Age1.1,0.0038546110514592917
Sport Harvest,Kenai,1985,-1.6333167108828774,Age1.1,0.00418051289873144
Sport Harvest,Kenai,1986,-1.5319212086476404,Age1.1,0.004532124596765913
Sport Harvest,Kenai,1987,-1.4305257064124035,Age1.1,0.00491125691888613
Sport Harvest,Kenai,1988,-1.3291302041771664,Age1.1,0.005319822856574463
Sport Harvest,Kenai,1989,-1.2277347019419294,Age1.1,0.005759840483889352
Sport Harvest,Kenai,1990,-1.1263391997066925,Age1.1,0.006233435552813292
Sport Harvest,Kenai,1991,-1.0249436974714554,Age1.1,0.006742843770917938
Sport Harvest,Kenai,1992,-0.9235481952362184,Age1.1,0.007290412710260333
Sport Harvest,Kenai,1993,-0.8221526930009815,Age1.1,0.007878603294320202
Sport Harvest,Kenai,1994,-0.7207571907657445,Age1.1,0.008509990808137267
Sport Harvest,Kenai,1995,-0.6193616885305075,Age1.1,0.009187265375701833
Sport Harvest,Kenai,1996,-0.5179661862952706,Age1.1,0.00991323184818225
Sport Harvest,Kenai,1997,-0.41657068406003356,Age1.1,0.010690809046831909
Sport Harvest,Kenai,1998,-0.3151751818247966,Age1.1,0.011523028305494148
Sport Harvest,Kenai,1999,-0.2137796795895596,Age1.1,0.012413031259599317
Sport Harvest,Kenai,2000,-0.11238417735432261,Age1.1,0.013364066831498088
Sport Harvest,Kenai,2001,-0.010988675119085634,Age1.1,0.014379487365960595
Sport Harvest,Kenai,2002,0.09040682711615135,Age1.1,0.015462743874738574
Sport Harvest,Kenai,2003,0.19180232935138833,Age1.1,0.016617380355264062
Sport Harvest,Kenai,2004,0.2931978315866253,Age1.1,0.017847027155848155
Sport Harvest,Kenai,2005,0.3945933338218623,Age1.1,0.019155393368125623
Sport Harvest,Kenai,2006,0.4959888360570993,Age1.1,0.020546258236916724
Sport Harvest,Kenai,2007,0.5973843382923363,Age1.1,0.022023461588067065
Sport Harvest,Kenai,2008,0.6987798405275732,Age1.1,0.02359089328606895
Sport Harvest,Kenai,2009,0.8001753427628102,Age1.1,0.025252481745220996
Sport Harvest,Kenai,2010,0.9015708449980472,Age1.1,0.02701218153057321
Sport Harvest,Kenai,2011,1.0029663472332842,Age1.1,0.0288739600977308
Sport Harvest,Kenai,2012,1.1043618494685212,Age1.1,0.03084178373352216
Sport Harvest,Kenai,2013,1.205757351703758,Age1.1,0.03291960277232687
Sport Harvest,Kenai,2014,1.3071528539389952,Age1.1,0.0351113361752426
Sport Harvest,Kenai,2015,1.4085483561742322,Age1.1,0.0374208555709711
Sport Harvest,South,1980,-2.140294222059062,Age1.1,3.8705845927578073e-4
Sport Harvest,South,1981,-2.0388987198238255,Age1.1,4.646819023906088e-4
Sport Harvest,South,1982,-1.9375032175885882,Age1.1,5.573059458055538e-4
Sport Harvest,South,1983,-1.8361077153533514,Age1.1,6.677049448485091e-4
Sport Harvest,South,1984,-1.7347122131181143,Age1.1,7.991402915816902e-4
Sport Harvest,South,1985,-1.6333167108828774,Age1.1,9.554406615493698e-4
Sport Harvest,South,1986,-1.5319212086476404,Age1.1,0.0011410944329654736
Sport Harvest,South,1987,-1.4305257064124035,Age1.1,0.0013613559010590267
Sport Harvest,South,1988,-1.3291302041771664,Age1.1,0.0016223670703651816
Sport Harvest,South,1989,-1.2277347019419294,Age1.1,0.0019312969657999625
Sport Harvest,South,1990,-1.1263391997066925,Age1.1,0.002296500551522985
Sport Harvest,South,1991,-1.0249436974714554,Age1.1,0.0027276994737541822
Sport Harvest,South,1992,-0.9235481952362184,Age1.1,0.003236186934500776
Sport Harvest,South,1993,-0.8221526930009815,Age1.1,0.0038350590367290664
Sport Harvest,South,1994,-0.7207571907657445,Age1.1,0.004539474890081356
Sport Harvest,South,1995,-0.6193616885305075,Age1.1,0.005366947593266571
Sport Harvest,South,1996,-0.5179661862952706,Age1.1,0.006337667867466381
Sport Harvest,South,1997,-0.41657068406003356,Age1.1,0.007474861544231094
Sport Harvest,South,1998,-0.3151751818247966,Age1.1,0.008805181235827518
Sport Harvest,South,1999,-0.2137796795895596,Age1.1,0.010359131242846431
Sport Harvest,South,2000,-0.11238417735432261,Age1.1,0.012171522971114911
Sport Harvest,South,2001,-0.010988675119085634,Age1.1,0.014281955706391382
Sport Harvest,South,2002,0.09040682711615135,Age1.1,0.016735314382543127
Sport Harvest,South,2003,0.19180232935138833,Age1.1,0.019582271817061812
Sport Harvest,South,2004,0.2931978315866253,Age1.1,0.022879777617036898
Sport Harvest,South,2005,0.3945933338218623,Age1.1,0.026691509439059104
Sport Harvest,South,2006,0.4959888360570993,Age1.1,0.031088254428909824
Sport Harvest,South,2007,0.5973843382923363,Age1.1,0.03614817947915774
Sport Harvest,South,2008,0.6987798405275732,Age1.1,0.04195693859344914
Sport Harvest,South,2009,0.8001753427628102,Age1.1,0.0486075545477426
Sport Harvest,South,2010,0.9015708449980472,Age1.1,0.056200000948239015
Sport Harvest,South,2011,1.0029663472332842,Age1.1,0.06484040091633679
Sport Harvest,South,2012,1.1043618494685212,Age1.1,0.07463975175511872
Sport Harvest,South,2013,1.205757351703758,Age1.1,0.08571208346725213
Sport Harvest,South,2014,1.3071528539389952,Age1.1,0.09817196590381634
Sport Harvest,South,2015,1.4085483561742322,Age1.1,0.11213129806795898
Escapement,North,1980,-2.140294222059062,Age1.2,0.12989912948454813
Escapement,North,1981,-2.0388987198238255,Age1.2,0.13531526936050178
Escapement,North,1982,-1.9375032175885882,Age1.2,0.14085867095100207
Escapement,North,1983,-1.8361077153533514,Age1.2,0.1465257512734664
Escapement,North,1984,-1.7347122131181143,Age1.2,0.15231249579948133
Escapement,North,1985,-1.6333167108828774,Age1.2,0.1582144578963072
Escapement,North,1986,-1.5319212086476404,Age1.2,0.16422675855059368
Escapement,North,1987,-1.4305257064124035,Age1.2,0.17034408587559202
Escapement,North,1988,-1.3291302041771664,Age1.2,0.17656069382542267
Escapement,North,1989,-1.2277347019419294,Age1.2,0.1828703994622345
Escapement,North,1990,-1.1263391997066925,Age1.2,0.1892665780452557
Escapement,North,1991,-1.0249436974714554,Age1.2,0.19574215513570442
Escapement,North,1992,-0.9235481952362184,Age1.2,0.20228959483930692
Escapement,North,1993,-0.8221526930009815,Age1.2,0.20890088323994555
Escapement,North,1994,-0.7207571907657445,Age1.2,0.21556750601517724
Escapement,North,1995,-0.6193616885305075,Age1.2,0.2222804191689125
Escapement,North,1996,-0.5179661862952706,Age1.2,0.22903001177087773
Escapement,North,1997,-0.41657068406003356,Age1.2,0.23580605955994846
Escapement,North,1998,-0.3151751818247966,Age1.2,0.24259766825350093
Escapement,North,1999,-0.2137796795895596,Age1.2,0.2493932054135356
Escapement,North,2000,-0.11238417735432261,Age1.2,0.2561802197603937
Escapement,North,2001,-0.010988675119085634,Age1.2,0.2629453469066887
Escapement,North,2002,0.09040682711615135,Age1.2,0.2696742006208547
Escapement,North,2003,0.19180232935138833,Age1.2,0.2763512489382105
Escapement,North,2004,0.2931978315866253,Age1.2,0.2829596747384591
Escapement,North,2005,0.3945933338218623,Age1.2,0.28948122082746475
Escapement,North,2006,0.4959888360570993,Age1.2,0.2958960201282024
Escapement,North,2007,0.5973843382923363,Age1.2,0.30218241233608883
Escapement,North,2008,0.6987798405275732,Age1.2,0.3083167493669033
Escapement,North,2009,0.8001753427628102,Age1.2,0.31427319316358104
Escapement,North,2010,0.9015708449980472,Age1.2,0.32002351097403603
Escapement,North,2011,1.0029663472332842,Age1.2,0.3255368751045781
Escapement,North,2012,1.1043618494685212,Age1.2,0.3307796764206014
Escapement,North,2013,1.205757351703758,Age1.2,0.3357153635161293
Escapement,North,2014,1.3071528539389952,Age1.2,0.34030432248154086
Escapement,North,2015,1.4085483561742322,Age1.2,0.3445038154897574
Escapement,Kenai,1980,-2.140294222059062,Age1.2,0.0514134588171056
Escapement,Kenai,1981,-2.0388987198238255,Age1.2,0.05425097614456144
Escapement,Kenai,1982,-1.9375032175885882,Age1.2,0.057221841802844925
Escapement,Kenai,1983,-1.8361077153533514,Age1.2,0.06033018409286462
Escapement,Kenai,1984,-1.7347122131181143,Age1.2,0.06358005417145464
Escapement,Kenai,1985,-1.6333167108828774,Age1.2,0.06697540188602169
Escapement,Kenai,1986,-1.5319212086476404,Age1.2,0.07052004995026691
Escapement,Kenai,1987,-1.4305257064124035,Age1.2,0.07421766650878833
Escapement,Kenai,1988,-1.3291302041771664,Age1.2,0.07807173616276182
Escapement,Kenai,1989,-1.2277347019419294,Age1.2,0.0820855295554283
Escapement,Kenai,1990,-1.1263391997066925,Age1.2,0.0862620716445971
Escapement,Kenai,1991,-1.0249436974714554,Age1.2,0.09060410881954785
Escapement,Kenai,1992,-0.9235481952362184,Age1.2,0.09511407505121015
Escapement,Kenai,1993,-0.8221526930009815,Age1.2,0.09979405729691655
Escapement,Kenai,1994,-0.7207571907657445,Age1.2,0.10464576041380369
Escapement,Kenai,1995,-0.6193616885305075,Age1.2,0.10967047186751128
Escapement,Kenai,1996,-0.5179661862952706,Age1.2,0.11486902655447065
Escapement,Kenai,1997,-0.41657068406003356,Age1.2,0.12024177208605945
Escapement,Kenai,1998,-0.3151751818247966,Age1.2,0.1257885349103716
Escapement,Kenai,1999,-0.2137796795895596,Age1.2,0.13150858767146745
Escapement,Kenai,2000,-0.11238417735432261,Age1.2,0.13740061822581434
Escapement,Kenai,2001,-0.010988675119085634,Age1.2,0.1434627007503237
Escapement,Kenai,2002,0.09040682711615135,Age1.2,0.1496922693850585
Escapement,Kenai,2003,0.19180232935138833,Age1.2,0.15608609485551814
Escapement,Kenai,2004,0.2931978315866253,Age1.2,0.16264026451369273
Escapement,Kenai,2005,0.3945933338218623,Age1.2,0.16935016622321497
Escapement,Kenai,2006,0.4959888360570993,Age1.2,0.17621047649149926
Escapement,Kenai,2007,0.5973843382923363,Age1.2,0.18321515322049384
Escapement,Kenai,2008,0.6987798405275732,Age1.2,0.1903574334075646
Escapement,Kenai,2009,0.8001753427628102,Age1.2,0.19762983607928747
Escapement,Kenai,2010,0.9015708449980472,Age1.2,0.2050241706840248
Escapement,Kenai,2011,1.0029663472332842,Age1.2,0.2125315511048341
Escapement,Kenai,2012,1.1043618494685212,Age1.2,0.22014241538349047
Escapement,Kenai,2013,1.205757351703758,Age1.2,0.22784655117044508
Escapement,Kenai,2014,1.3071528539389952,Age1.2,0.235633126835839
Escapement,Kenai,2015,1.4085483561742322,Age1.2,0.24349072809489744
Escapement,South,1980,-2.140294222059062,Age1.2,0.07671918210438045
Escapement,South,1981,-2.0388987198238255,Age1.2,0.08213855416982377
Escapement,South,1982,-1.9375032175885882,Age1.2,0.08784328337193274
Escapement,South,1983,-1.8361077153533514,Age1.2,0.09383861387729028
Escapement,South,1984,-1.7347122131181143,Age1.2,0.10012891876708485
Escapement,South,1985,-1.6333167108828774,Age1.2,0.10671760413643674
Escapement,South,1986,-1.5319212086476404,Age1.2,0.11360700980349597
Escapement,South,1987,-1.4305257064124035,Age1.2,0.12079830604594417
Escapement,South,1988,-1.3291302041771664,Age1.2,0.1282913855452741
Escapement,South,1989,-1.2277347019419294,Age1.2,0.1360847494568871
Escapement,South,1990,-1.1263391997066925,Age1.2,0.14417538624170423
Escapement,South,1991,-1.0249436974714554,Age1.2,0.15255864159988286
Escapement,South,1992,-0.9235481952362184,Age1.2,0.16122807754937346
Escapement,South,1993,-0.8221526930009815,Age1.2,0.17017531840496386
Escapement,South,1994,-0.7207571907657445,Age1.2,0.17938988115512441
Escapement,South,1995,-0.6193616885305075,Age1.2,0.18885898752804078
Escapement,South,1996,-0.5179661862952706,Age1.2,0.19856735491547867
Escapement,South,1997,-0.41657068406003356,Age1.2,0.20849696332327064
Escapement,South,1998,-0.3151751818247966,Age1.2,0.21862679569077803
Escapement,South,1999,-0.2137796795895596,Age1.2,0.22893254933218768
Escapement,South,2000,-0.11238417735432261,Age1.2,0.23938631697842183
Escapement,South,2001,-0.010988675119085634,Age1.2,0.24995623703476236
Escapement,South,2002,0.09040682711615135,Age1.2,0.26060611432802844
Escapement,South,2003,0.19180232935138833,Age1.2,0.27129501492591723
Escapement,South,2004,0.2931978315866253,Age1.2,0.28197684170869214
Escapement,South,2005,0.3945933338218623,Age1.2,0.2925999014003092
Escapement,South,2006,0.4959888360570993,Age1.2,0.303106478848603
Escapement,South,2007,0.5973843382923363,Age1.2,0.31343244056884906
Escapement,South,2008,0.6987798405275732,Age1.2,0.32350689694166446
Escapement,South,2009,0.8001753427628102,Age1.2,0.3332519608669918
Escapement,South,2010,0.9015708449980472,Age1.2,0.3425826498105805
Escapement,South,2011,1.0029663472332842,Age1.2,0.3514069874588541
Escapement,South,2012,1.1043618494685212,Age1.2,0.359626369694333
Escapement,South,2013,1.205757351703758,Age1.2,0.367136265971328
Escapement,South,2014,1.3071528539389952,Age1.2,0.37382732961539755
Escapement,South,2015,1.4085483561742322,Age1.2,0.37958698688543546
Sport Harvest,North,1980,-2.140294222059062,Age1.2,0.09504904709861248
Sport Harvest,North,1981,-2.0388987198238255,Age1.2,0.0991787306806125
Sport Harvest,North,1982,-1.9375032175885882,Age1.2,0.10342003489122834
Sport Harvest,North,1983,-1.8361077153533514,Age1.2,0.1077713457207823
Sport Harvest,North,1984,-1.7347122131181143,Age1.2,0.1122307235881851
Sport Harvest,North,1985,-1.6333167108828774,Age1.2,0.11679589716213663
Sport Harvest,North,1986,-1.5319212086476404,Age1.2,0.12146425731404305
Sport Harvest,North,1987,-1.4305257064124035,Age1.2,0.126232850885818
Sport Harvest,North,1988,-1.3291302041771664,Age1.2,0.13109837389304654
Sport Harvest,North,1989,-1.2277347019419294,Age1.2,0.1360571637185129
Sport Harvest,North,1990,-1.1263391997066925,Age1.2,0.14110518978330763
Sport Harvest,North,1991,-1.0249436974714554,Age1.2,0.14623804211317357
Sport Harvest,North,1992,-0.9235481952362184,Age1.2,0.1514509171470601
Sport Harvest,North,1993,-0.8221526930009815,Age1.2,0.15673860006383078
Sport Harvest,North,1994,-0.7207571907657445,Age1.2,0.16209544283273164
Sport Harvest,North,1995,-0.6193616885305075,Age1.2,0.1675153371249506
Sport Harvest,North,1996,-0.5179661862952706,Age1.2,0.17299168115920047
Sport Harvest,North,1997,-0.41657068406003356,Age1.2,0.1785173394962661
Sport Harvest,North,1998,-0.3151751818247966,Age1.2,0.18408459474925776
Sport Harvest,North,1999,-0.2137796795895596,Age1.2,0.18968509014251586
Sport Harvest,North,2000,-0.11238417735432261,Age1.2,0.1953097618388669
Sport Harvest,North,2001,-0.010988675119085634,Age1.2,0.2009487599703846
Sport Harvest,North,2002,0.09040682711615135,Age1.2,0.20659135736258705
Sport Harvest,North,2003,0.19180232935138833,Age1.2,0.21222584504977482
Sport Harvest,North,2004,0.2931978315866253,Age1.2,0.21783941385731675
Sport Harvest,North,2005,0.3945933338218623,Age1.2,0.2234180215966951
Sport Harvest,North,2006,0.4959888360570993,Age1.2,0.22894624580739942
Sport Harvest,North,2007,0.5973843382923363,Age1.2,0.23440712251782841
Sport Harvest,North,2008,0.6987798405275732,Age1.2,0.23978197222190287
Sport Harvest,North,2009,0.8001753427628102,Age1.2,0.24505021522036186
Sport Harvest,North,2010,0.9015708449980472,Age1.2,0.2501891797000772
Sport Harvest,North,2011,1.0029663472332842,Age1.2,0.2551739074657567
Sport Harvest,North,2012,1.1043618494685212,Age1.2,0.259976964136165
Sport Harvest,North,2013,1.205757351703758,Age1.2,0.26456826289969054
Sport Harvest,North,2014,1.3071528539389952,Age1.2,0.2689149135974967
Sport Harvest,North,2015,1.4085483561742322,Age1.2,0.27298111193563757
Sport Harvest,Kenai,1980,-2.140294222059062,Age1.2,0.03648701206480463
Sport Harvest,Kenai,1981,-2.0388987198238255,Age1.2,0.03854469741567247
Sport Harvest,Kenai,1982,-1.9375032175885882,Age1.2,0.040703525699541235
Sport Harvest,Kenai,1983,-1.8361077153533514,Age1.2,0.042967115091148186
Sport Harvest,Kenai,1984,-1.7347122131181143,Age1.2,0.045339084965254184
Sport Harvest,Kenai,1985,-1.6333167108828774,Age1.2,0.04782304136010311
Sport Harvest,Kenai,1986,-1.5319212086476404,Age1.2,0.05042256110092178
Sport Harvest,Kenai,1987,-1.4305257064124035,Age1.2,0.05314117456237409
Sport Harvest,Kenai,1988,-1.3291302041771664,Age1.2,0.05598234706048117
Sport Harvest,Kenai,1989,-1.2277347019419294,Age1.2,0.058949458877798296
Sport Harvest,Kenai,1990,-1.1263391997066925,Age1.2,0.06204578394062808
Sport Harvest,Kenai,1991,-1.0249436974714554,Age1.2,0.06527446718374816
Sport Harvest,Kenai,1992,-0.9235481952362184,Age1.2,0.06863850065648323
Sport Harvest,Kenai,1993,-0.8221526930009815,Age1.2,0.07214069844389193
Sport Harvest,Kenai,1994,-0.7207571907657445,Age1.2,0.07578367049821572
Sport Harvest,Kenai,1995,-0.6193616885305075,Age1.2,0.0795697954983881
Sport Harvest,Kenai,1996,-0.5179661862952706,Age1.2,0.08350119287907298
Sport Harvest,Kenai,1997,-0.41657068406003356,Age1.2,0.08757969419511087
Sport Harvest,Kenai,1998,-0.3151751818247966,Age1.2,0.0918068140120351
Sport Harvest,Kenai,1999,-0.2137796795895596,Age1.2,0.09618372053807647
Sport Harvest,Kenai,2000,-0.11238417735432261,Age1.2,0.10071120623732889
Sport Harvest,Kenai,2001,-0.010988675119085634,Age1.2,0.10538965868698535
Sport Harvest,Kenai,2002,0.09040682711615135,Age1.2,0.11021903196321495
Sport Harvest,Kenai,2003,0.19180232935138833,Age1.2,0.11519881885973103
Sport Harvest,Kenai,2004,0.2931978315866253,Age1.2,0.12032802425979487
Sport Harvest,Kenai,2005,0.3945933338218623,Age1.2,0.12560513999567033
Sport Harvest,Kenai,2006,0.4959888360570993,Age1.2,0.13102812153878565
Sport Harvest,Kenai,2007,0.5973843382923363,Age1.2,0.13659436686848297
Sport Harvest,Kenai,2008,0.6987798405275732,Age1.2,0.14230069786670674
Sport Harvest,Kenai,2009,0.8001753427628102,Age1.2,0.14814334457983666
Sport Harvest,Kenai,2010,0.9015708449980472,Age1.2,0.1541179326767404
Sport Harvest,Kenai,2011,1.0029663472332842,Age1.2,0.16021947441374637
Sport Harvest,Kenai,2012,1.1043618494685212,Age1.2,0.1664423633924988
Sport Harvest,Kenai,2013,1.205757351703758,Age1.2,0.17278037336557622
Sport Harvest,Kenai,2014,1.3071528539389952,Age1.2,0.17922666130752865
Sport Harvest,Kenai,2015,1.4085483561742322,Age1.2,0.1857737749259648
Sport Harvest,South,1980,-2.140294222059062,Age1.2,0.05527017164829193
Sport Harvest,South,1981,-2.0388987198238255,Age1.2,0.059270786733651895
Sport Harvest,South,1982,-1.9375032175885882,Age1.2,0.06349642777573648
Sport Harvest,South,1983,-1.8361077153533514,Age1.2,0.06795335327319799
Sport Harvest,South,1984,-1.7347122131181143,Age1.2,0.07264738920201284
Sport Harvest,South,1985,-1.6333167108828774,Age1.2,0.0775838606851498
Sport Harvest,South,1986,-1.5319212086476404,Age1.2,0.08276751895162926
Sport Harvest,South,1987,-1.4305257064124035,Age1.2,0.08820246285364376
Sport Harvest,South,1988,-1.3291302041771664,Age1.2,0.0938920540140607
Sport Harvest,South,1989,-1.2277347019419294,Age1.2,0.09983882445467597
Sport Harvest,South,1990,-1.1263391997066925,Age1.2,0.10604437530916859
Sport Harvest,South,1991,-1.0249436974714554,Age1.2,0.11250926495633201
Sport Harvest,South,1992,-0.9235481952362184,Age1.2,0.1192328846232039
Sport Harvest,South,1993,-0.8221526930009815,Age1.2,0.1262133192111749
Sport Harvest,South,1994,-0.7207571907657445,Age1.2,0.13344719080157233
Sport Harvest,South,1995,-0.6193616885305075,Age1.2,0.14092948201595276
Sport Harvest,South,1996,-0.5179661862952706,Age1.2,0.14865333616214427
Sport Harvest,South,1997,-0.41657068406003356,Age1.2,0.1566098309201498
Sport Harvest,South,1998,-0.3151751818247966,Age1.2,0.16478772225335295
Sport Harvest,South,1999,-0.2137796795895596,Age1.2,0.17317315532470726
Sport Harvest,South,2000,-0.11238417735432261,Age1.2,0.1817493395262135
Sport Harvest,South,2001,-0.010988675119085634,Age1.2,0.1904961853844406
Sport Harvest,South,2002,0.09040682711615135,Age1.2,0.19938990219951025
Sport Harvest,South,2003,0.19180232935138833,Age1.2,0.2084025569489245
Sport Harvest,South,2004,0.2931978315866253,Age1.2,0.21750159740436867
Sport Harvest,South,2005,0.3945933338218623,Age1.2,0.22664934575283596
Sport Harvest,South,2006,0.4959888360570993,Age1.2,0.23580247347663807
Sport Harvest,South,2007,0.5973843382923363,Age1.2,0.24491147401393457
Sport Harvest,South,2008,0.6987798405275732,Age1.2,0.2539201569341111
Sport Harvest,South,2009,0.8001753427628102,Age1.2,0.2627651960712435
Sport Harvest,South,2010,0.9015708449980472,Age1.2,0.2713757741542173
Sport Harvest,South,2011,1.0029663472332842,Age1.2,0.27967337759326905
Sport Harvest,South,2012,1.1043618494685212,Age1.2,0.2875718065103108
Sport Harvest,South,2013,1.205757351703758,Age1.2,0.2949774756414632
Sport Harvest,South,2014,1.3071528539389952,Age1.2,0.30179008963077675
Sport Harvest,South,2015,1.4085483561742322,Age1.2,0.3079037790974005
Escapement,North,1980,-2.140294222059062,Age1.3,0.3353947406543199
Escapement,North,1981,-2.0388987198238255,Age1.3,0.3426585268614373
Escapement,North,1982,-1.9375032175885882,Age1.3,0.3498348355075007
Escapement,North,1983,-1.8361077153533514,Age1.3,0.3569095371402992
Escapement,North,1984,-1.7347122131181143,Age1.3,0.36386850000472254
Escapement,North,1985,-1.6333167108828774,Age1.3,0.37069764160594554
Escapement,North,1986,-1.5319212086476404,Age1.3,0.3773829770419645
Escapement,North,1987,-1.4305257064124035,Age1.3,0.3839106630860769
Escapement,North,1988,-1.3291302041771664,Age1.3,0.3902670370000447
Escapement,North,1989,-1.2277347019419294,Age1.3,0.39643864907350335
Escapement,North,1990,-1.1263391997066925,Age1.3,0.4024122879146399
Escapement,North,1991,-1.0249436974714554,Age1.3,0.408174997561094
Escapement,North,1992,-0.9235481952362184,Age1.3,0.4137140855381862
Escapement,North,1993,-0.8221526930009815,Age1.3,0.41901712106386074
Escapement,North,1994,-0.7207571907657445,Age1.3,0.4240719226862805
Escapement,North,1995,-0.6193616885305075,Age1.3,0.4288665347414732
Escapement,North,1996,-0.5179661862952706,Age1.3,0.43338919213609567
Escapement,North,1997,-0.41657068406003356,Age1.3,0.4376282730965333
Escapement,North,1998,-0.3151751818247966,Age1.3,0.4415722396835912
Escapement,North,1999,-0.2137796795895596,Age1.3,0.44520956605693857
Escapement,North,2000,-0.11238417735432261,Age1.3,0.4485286546918592
Escapement,North,2001,-0.010988675119085634,Age1.3,0.4515177410114753
Escapement,North,2002,0.09040682711615135,Age1.3,0.45416478721133946
Escapement,North,2003,0.19180232935138833,Age1.3,0.45645736643348395
Escapement,North,2004,0.2931978315866253,Age1.3,0.45838253890933434
Escapement,North,2005,0.3945933338218623,Age1.3,0.45992672225328546
Escapement,North,2006,0.4959888360570993,Age1.3,0.4610755587707324
Escapement,North,2007,0.5973843382923363,Age1.3,0.4618137834662311
Escapement,North,2008,0.6987798405275732,Age1.3,0.46212509741852525
Escapement,North,2009,0.8001753427628102,Age1.3,0.46199205234521923
Escapement,North,2010,0.9015708449980472,Age1.3,0.4613959535195509
Escapement,North,2011,1.0029663472332842,Age1.3,0.46031678972131196
Escapement,North,2012,1.1043618494685212,Age1.3,0.458733200580599
Escapement,North,2013,1.205757351703758,Age1.3,0.4566224934558997
Escapement,North,2014,1.3071528539389952,Age1.3,0.4539607237875599
Escapement,North,2015,1.4085483561742322,Age1.3,0.4507228545438134
Escapement,Kenai,1980,-2.140294222059062,Age1.3,0.13147359088199426
Escapement,Kenai,1981,-2.0388987198238255,Age1.3,0.13548304610565867
Escapement,Kenai,1982,-1.9375032175885882,Age1.3,0.1395580589697644
Escapement,Kenai,1983,-1.8361077153533514,Age1.3,0.14369558712971933
Escapement,Kenai,1984,-1.7347122131181143,Age1.3,0.14789223318013384
Escapement,Kenai,1985,-1.6333167108828774,Age1.3,0.15214423262975715
Escapement,Kenai,1986,-1.5319212086476404,Age1.3,0.1564474430958811
Escapement,Kenai,1987,-1.4305257064124035,Age1.3,0.16079733493675685
Escapement,Kenai,1988,-1.3291302041771664,Age1.3,0.16518898354939862
Escapement,Kenai,1989,-1.2277347019419294,Age1.3,0.1696170635667307
Escapement,Kenai,1990,-1.1263391997066925,Age1.3,0.17407584519189148
Escapement,Kenai,1991,-1.0249436974714554,Age1.3,0.17855919290821456
Escapement,Kenai,1992,-0.9235481952362184,Age1.3,0.18306056680045868
Escapement,Kenai,1993,-0.8221526930009815,Age1.3,0.1875730267158695
Escapement,Kenai,1994,-0.7207571907657445,Age1.3,0.1920892394821699
Escapement,Kenai,1995,-0.6193616885305075,Age1.3,0.1966014893832689
Escapement,Kenai,1996,-0.5179661862952706,Age1.3,0.20110169207204512
Escapement,Kenai,1997,-0.41657068406003356,Age1.3,0.2055814120728086
Escapement,Kenai,1998,-0.3151751818247966,Age1.3,0.21003188399387088
Escapement,Kenai,1999,-0.2137796795895596,Age1.3,0.21444403753310343
Escapement,Kenai,2000,-0.11238417735432261,Age1.3,0.21880852631659872
Escapement,Kenai,2001,-0.010988675119085634,Age1.3,0.22311576056291524
Escapement,Kenai,2002,0.09040682711615135,Age1.3,0.22735594351337207
Escapement,Kenai,2003,0.19180232935138833,Age1.3,0.2315191115131552
Escapement,Kenai,2004,0.2931978315866253,Age1.3,0.23559517756942727
Escapement,Kenai,2005,0.3945933338218623,Age1.3,0.23957397815224393
Escapement,Kenai,2006,0.4959888360570993,Age1.3,0.24344532294301136
Escapement,Kenai,2007,0.5973843382923363,Age1.3,0.24719904717479735
Escapement,Kenai,2008,0.6987798405275732,Age1.3,0.25082506615041833
Escapement,Kenai,2009,0.8001753427628102,Age1.3,0.2543134314693549
Escapement,Kenai,2010,0.9015708449980472,Age1.3,0.2576543884446812
Escapement,Kenai,2011,1.0029663472332842,Age1.3,0.2608384341478125
Escapement,Kenai,2012,1.1043618494685212,Age1.3,0.26385637548337415
Escapement,Kenai,2013,1.205757351703758,Age1.3,0.2666993866701421
Escapement,Kenai,2014,1.3071528539389952,Age1.3,0.2693590654879061
Escapement,Kenai,2015,1.4085483561742322,Age1.3,0.27182748764510734
Escapement,South,1980,-2.140294222059062,Age1.3,0.4448368513916776
Escapement,South,1981,-2.0388987198238255,Age1.3,0.4546588503227885
Escapement,South,1982,-1.9375032175885882,Age1.3,0.4641827074020737
Escapement,South,1983,-1.8361077153533514,Age1.3,0.4733733262575226
Escapement,South,1984,-1.7347122131181143,Age1.3,0.4821959146772265
Escapement,South,1985,-1.6333167108828774,Age1.3,0.4906161816862576
Escapement,South,1986,-1.5319212086476404,Age1.3,0.4986005259597588
Escapement,South,1987,-1.4305257064124035,Age1.3,0.5061162120017205
Escapement,South,1988,-1.3291302041771664,Age1.3,0.5131315306555837
Escapement,South,1989,-1.2277347019419294,Age1.3,0.5196159407458256
Escapement,South,1990,-1.1263391997066925,Age1.3,0.5255401889805073
Escapement,South,1991,-1.0249436974714554,Age1.3,0.5308764056737806
Escapement,South,1992,-0.9235481952362184,Age1.3,0.535598174374523
Escapement,South,1993,-0.8221526930009815,Age1.3,0.5396805741125597
Escapement,South,1994,-0.7207571907657445,Age1.3,0.5431001936982738
Escapement,South,1995,-0.6193616885305075,Age1.3,0.5458351183370878
Escapement,South,1996,-0.5179661862952706,Age1.3,0.5478648897516709
Escapement,South,1997,-0.41657068406003356,Age1.3,0.5491704420484484
Escapement,South,1998,-0.3151751818247966,Age1.3,0.5497340167298713
Escapement,South,1999,-0.2137796795895596,Age1.3,0.5495390615503493
Escapement,South,2000,-0.11238417735432261,Age1.3,0.5485701193520601
Escapement,South,2001,-0.010988675119085634,Age1.3,0.5468127146047246
Escapement,South,2002,0.09040682711615135,Age1.3,0.544253247111693
Escapement,South,2003,0.19180232935138833,Age1.3,0.5408789042213056
Escapement,South,2004,0.2931978315866253,Age1.3,0.5366776048642017
Escapement,South,2005,0.3945933338218623,Age1.3,0.5316379907587581
Escapement,South,2006,0.4959888360570993,Age1.3,0.5257494820771392
Escapement,South,2007,0.5973843382923363,Age1.3,0.5190024165711414
Escapement,South,2008,0.6987798405275732,Age1.3,0.5113882923693793
Escapement,South,2009,0.8001753427628102,Age1.3,0.5029001350308593
Escapement,South,2010,0.9015708449980472,Age1.3,0.49353300852621224
Escapement,South,2011,1.0029663472332842,Age1.3,0.4832846870664816
Escapement,South,2012,1.1043618494685212,Age1.3,0.47215649948045785
Escapement,South,2013,1.205757351703758,Age1.3,0.4601543494996793
Escapement,South,2014,1.3071528539389952,Age1.3,0.44728990326102697
Escapement,South,2015,1.4085483561742322,Age1.3,0.4335819192154985
Sport Harvest,North,1980,-2.140294222059062,Age1.3,0.3490387689814039
Sport Harvest,North,1981,-2.0388987198238255,Age1.3,0.3571981298166581
Sport Harvest,North,1982,-1.9375032175885882,Age1.3,0.3653087209716969
Sport Harvest,North,1983,-1.8361077153533514,Age1.3,0.3733562240940801
Sport Harvest,North,1984,-1.7347122131181143,Age1.3,0.3813261445185422
Sport Harvest,North,1985,-1.6333167108828774,Age1.3,0.3892038575797593
Sport Harvest,North,1986,-1.5319212086476404,Age1.3,0.3969746529807385
Sport Harvest,North,1987,-1.4305257064124035,Age1.3,0.40462377621520873
Sport Harvest,North,1988,-1.3291302041771664,Age1.3,0.41213646600493137
Sport Harvest,North,1989,-1.2277347019419294,Age1.3,0.4194979866871066
Sport Harvest,North,1990,-1.1263391997066925,Age1.3,0.4266936544737274
Sport Harvest,North,1991,-1.0249436974714554,Age1.3,0.4337088565044027
Sport Harvest,North,1992,-0.9235481952362184,Age1.3,0.44052906162741773
Sport Harvest,North,1993,-0.8221526930009815,Age1.3,0.44713982187133616
Sport Harvest,North,1994,-0.7207571907657445,Age1.3,0.45352676361224914
Sport Harvest,North,1995,-0.6193616885305075,Age1.3,0.45967556750128263
Sport Harvest,North,1996,-0.5179661862952706,Age1.3,0.46557193629533444
Sport Harvest,North,1997,-0.41657068406003356,Age1.3,0.47120154983431106
Sport Harvest,North,1998,-0.3151751818247966,Age1.3,0.4765500065347747
Sport Harvest,North,1999,-0.2137796795895596,Age1.3,0.48160275092887933
Sport Harvest,North,2000,-0.11238417735432261,Age1.3,0.4863449869767859
Sport Harvest,North,2001,-0.010988675119085634,Age1.3,0.4907615771308169
Sport Harvest,North,2002,0.09040682711615135,Age1.3,0.49483692744361807
Sport Harvest,North,2003,0.19180232935138833,Age1.3,0.49855485940689226
Sport Harvest,North,2004,0.2931978315866253,Age1.3,0.5018984697015755
Sport Harvest,North,2005,0.3945933338218623,Age1.3,0.5048499796578105
Sport Harvest,North,2006,0.4959888360570993,Age1.3,0.5073905769901661
Sport Harvest,North,2007,0.5973843382923363,Age1.3,0.5095002533191123
Sport Harvest,North,2008,0.6987798405275732,Age1.3,0.5111576421438412
Sport Harvest,North,2009,0.8001753427628102,Age1.3,0.5123398633226686
Sport Harvest,North,2010,0.9015708449980472,Age1.3,0.513022381769013
Sport Harvest,North,2011,1.0029663472332842,Age1.3,0.5131788899958767
Sport Harvest,North,2012,1.1043618494685212,Age1.3,0.5127812263338022
Sport Harvest,North,2013,1.205757351703758,Age1.3,0.5117993430708835
Sport Harvest,North,2014,1.3071528539389952,Age1.3,0.5102013413400192
Sport Harvest,North,2015,1.4085483561742322,Age1.3,0.5079535921700833
Sport Harvest,Kenai,1980,-2.140294222059062,Age1.3,0.13270151981635842
Sport Harvest,Kenai,1981,-2.0388987198238255,Age1.3,0.13690456505008042
Sport Harvest,Kenai,1982,-1.9375032175885882,Age1.3,0.14118904825616524
Sport Harvest,Kenai,1983,-1.8361077153533514,Age1.3,0.14555290222579528
Sport Harvest,Kenai,1984,-1.7347122131181143,Age1.3,0.14999373434489385
Sport Harvest,Kenai,1985,-1.6333167108828774,Age1.3,0.15450881135399627
Sport Harvest,Kenai,1986,-1.5319212086476404,Age1.3,0.15909504465805033
Sport Harvest,Kenai,1987,-1.4305257064124035,Age1.3,0.16374897635669508
Sport Harvest,Kenai,1988,-1.3291302041771664,Age1.3,0.16846676617815812
Sport Harvest,Kenai,1989,-1.2277347019419294,Age1.3,0.17324417951173768
Sport Harvest,Kenai,1990,-1.1263391997066925,Age1.3,0.17807657674455415
Sport Harvest,Kenai,1991,-1.0249436974714554,Age1.3,0.18295890411756066
Sport Harvest,Kenai,1992,-0.9235481952362184,Age1.3,0.18788568632328476
Sport Harvest,Kenai,1993,-0.8221526930009815,Age1.3,0.19285102107310567
Sport Harvest,Kenai,1994,-0.7207571907657445,Age1.3,0.19784857586460422
Sport Harvest,Kenai,1995,-0.6193616885305075,Age1.3,0.20287158717930545
Sport Harvest,Kenai,1996,-0.5179661862952706,Age1.3,0.20791286233753906
Sport Harvest,Kenai,1997,-0.41657068406003356,Age1.3,0.2129647842298231
Sport Harvest,Kenai,1998,-0.3151751818247966,Age1.3,0.2180193191327707
Sport Harvest,Kenai,1999,-0.2137796795895596,Age1.3,0.2230680278017393
Sport Harvest,Kenai,2000,-0.11238417735432261,Age1.3,0.22810208001204674
Sport Harvest,Kenai,2001,-0.010988675119085634,Age1.3,0.23311227269540044
Sport Harvest,Kenai,2002,0.09040682711615135,Age1.3,0.238089051788159
Sport Harvest,Kenai,2003,0.19180232935138833,Age1.3,0.2430225378731952
Sport Harvest,Kenai,2004,0.2931978315866253,Age1.3,0.24790255565760952
Sport Harvest,Kenai,2005,0.3945933338218623,Age1.3,0.25271866728463693
Sport Harvest,Kenai,2006,0.4959888360570993,Age1.3,0.25746020943020914
Sport Harvest,Kenai,2007,0.5973843382923363,Age1.3,0.26211633408335083
Sport Harvest,Kenai,2008,0.6987798405275732,Age1.3,0.2666760528556004
Sport Harvest,Kenai,2009,0.8001753427628102,Age1.3,0.27112828460880534
Sport Harvest,Kenai,2010,0.9015708449980472,Age1.3,0.2754619061339174
Sport Harvest,Kenai,2011,1.0029663472332842,Age1.3,0.27966580555690657
Sport Harvest,Kenai,2012,1.1043618494685212,Age1.3,0.2837289380927836
Sport Harvest,Kenai,2013,1.205757351703758,Age1.3,0.2876403837162416
Sport Harvest,Kenai,2014,1.3071528539389952,Age1.3,0.29138940626885856
Sport Harvest,Kenai,2015,1.4085483561742322,Age1.3,0.29496551347942807
Sport Harvest,South,1980,-2.140294222059062,Age1.3,0.4557886442866973
Sport Harvest,South,1981,-2.0388987198238255,Age1.3,0.46661122364262686
Sport Harvest,South,1982,-1.9375032175885882,Age1.3,0.47720565737918047
Sport Harvest,South,1983,-1.8361077153533514,Age1.3,0.4875385761866792
Sport Harvest,South,1984,-1.7347122131181143,Age1.3,0.49757655039111337
Sport Harvest,South,1985,-1.6333167108828774,Age1.3,0.507286239695771
Sport Harvest,South,1986,-1.5319212086476404,Age1.3,0.5166345349506616
Sport Harvest,South,1987,-1.4305257064124035,Age1.3,0.5255886888736776
Sport Harvest,South,1988,-1.3291302041771664,Age1.3,0.5341164327132221
Sport Harvest,South,1989,-1.2277347019419294,Age1.3,0.5421860759793306
Sport Harvest,South,1990,-1.1263391997066925,Age1.3,0.549766586582596
Sport Harvest,South,1991,-1.0249436974714554,Age1.3,0.5568276490113037
Sport Harvest,South,1992,-0.9235481952362184,Age1.3,0.5633396985520636
Sport Harvest,South,1993,-0.8221526930009815,Age1.3,0.5692739300247224
Sport Harvest,South,1994,-0.7207571907657445,Age1.3,0.5746022800680322
Sport Harvest,South,1995,-0.6193616885305075,Age1.3,0.5792973826917359
Sport Harvest,South,1996,-0.5179661862952706,Age1.3,0.583332498621072
Sport Harvest,South,1997,-0.41657068406003356,Age1.3,0.5866814199241476
Sport Harvest,South,1998,-0.3151751818247966,Age1.3,0.589318352559517
Sport Harvest,South,1999,-0.2137796795895596,Age1.3,0.5912177808443093
Sport Harvest,South,2000,-0.11238417735432261,Age1.3,0.5923543194601809
Sport Harvest,South,2001,-0.010988675119085634,Age1.3,0.5927025605247749
Sport Harvest,South,2002,0.09040682711615135,Age1.3,0.5922369254971812
Sport Harvest,South,2003,0.19180232935138833,Age1.3,0.5909315342844157
Sport Harvest,South,2004,0.2931978315866253,Age1.3,0.5887601068793445
Sport Harvest,South,2005,0.3945933338218623,Age1.3,0.5856959161607997
Sport Harvest,South,2006,0.4959888360570993,Age1.3,0.5817118140402701
Sport Harvest,South,2007,0.5973843382923363,Age1.3,0.5767803567811574
Sport Harvest,South,2008,0.6987798405275732,Age1.3,0.5708740587669562
Sport Harvest,South,2009,0.8001753427628102,Age1.3,0.5639658068253335
Sport Harvest,South,2010,0.9015708449980472,Age1.3,0.5560294688132473
Sport Harvest,South,2011,1.0029663472332842,Age1.3,0.5470407297111927
Sport Harvest,South,2012,1.1043618494685212,Age1.3,0.5369781849262129
Sport Harvest,South,2013,1.205757351703758,Age1.3,0.5258247126515908
Sport Harvest,South,2014,1.3071528539389952,Age1.3,0.5135691336917624
Sport Harvest,South,2015,1.4085483561742322,Age1.3,0.5002081469711378
Escapement,North,1980,-2.140294222059062,Age1.4,0.5259485637340812
Escapement,North,1981,-2.0388987198238255,Age1.4,0.5134382646910288
Escapement,North,1982,-1.9375032175885882,Age1.4,0.5008750567506856
Escapement,North,1983,-1.8361077153533514,Age1.4,0.4882746392496581
Escapement,North,1984,-1.7347122131181143,Age1.4,0.4756528883798357
Escapement,North,1985,-1.6333167108828774,Age1.4,0.4630257714911496
Escapement,North,1986,-1.5319212086476404,Age1.4,0.4504092596315852
Escapement,North,1987,-1.4305257064124035,Age1.4,0.4378192392662088
Escapement,North,1988,-1.3291302041771664,Age1.4,0.4252714241383247
Escapement,North,1989,-1.2277347019419294,Age1.4,0.4127812682401621
Escapement,North,1990,-1.1263391997066925,Age1.4,0.40036388084772256
Escapement,North,1991,-1.0249436974714554,Age1.4,0.3880339445453057
Escapement,North,1992,-0.9235481952362184,Age1.4,0.37580563712090037
Escapement,North,1993,-0.8221526930009815,Age1.4,0.3636925581558008
Escapement,North,1994,-0.7207571907657445,Age1.4,0.3517076610625717
Escapement,North,1995,-0.6193616885305075,Age1.4,0.33986319124737246
Escapement,North,1996,-0.5179661862952706,Age1.4,0.3281706309884409
Escapement,North,1997,-0.41657068406003356,Age1.4,0.316640651535233
Escapement,North,1998,-0.3151751818247966,Age1.4,0.30528307284541906
Escapement,North,1999,-0.2137796795895596,Age1.4,0.29410683129272375
Escapement,North,2000,-0.11238417735432261,Age1.4,0.2831199556004495
Escapement,North,2001,-0.010988675119085634,Age1.4,0.2723295511861538
Escapement,North,2002,0.09040682711615135,Age1.4,0.26174179304474954
Escapement,North,2003,0.19180232935138833,Age1.4,0.25136192725213524
Escapement,North,2004,0.2931978315866253,Age1.4,0.2411942811405914
Escapement,North,2005,0.3945933338218623,Age1.4,0.23124228218105664
Escapement,North,2006,0.4959888360570993,Age1.4,0.22150848560545908
Escapement,North,2007,0.5973843382923363,Age1.4,0.21199461081276325
Escapement,North,2008,0.6987798405275732,Age1.4,0.20270158662198529
Escapement,North,2009,0.8001753427628102,Age1.4,0.19362960545902175
Escapement,North,2010,0.9015708449980472,Age1.4,0.1847781865843776
Escapement,North,2011,1.0029663472332842,Age1.4,0.17614624847585228
Escapement,North,2012,1.1043618494685212,Age1.4,0.1677321904610929
Escapement,North,2013,1.205757351703758,Age1.4,0.15953398363357696
Escapement,North,2014,1.3071528539389952,Age1.4,0.15154927096277188
Escapement,North,2015,1.4085483561742322,Age1.4,0.1437754763027984
Escapement,Kenai,1980,-2.140294222059062,Age1.4,0.7308739854909507
Escapement,Kenai,1981,-2.0388987198238255,Age1.4,0.7262194808727109
Escapement,Kenai,1982,-1.9375032175885882,Age1.4,0.7213014840832482
Escapement,Kenai,1983,-1.8361077153533514,Age1.4,0.7161175209070489
Escapement,Kenai,1984,-1.7347122131181143,Age1.4,0.7106654435964137
Escapement,Kenai,1985,-1.6333167108828774,Age1.4,0.704943464348862
Escapement,Kenai,1986,-1.5319212086476404,Age1.4,0.6989501896229856
Escapement,Kenai,1987,-1.4305257064124035,Age1.4,0.6926846550809111
Escapement,Kenai,1988,-1.3291302041771664,Age1.4,0.6861463609139791
Escapement,Kenai,1989,-1.2277347019419294,Age1.4,0.6793353072761897
Escapement,Kenai,1990,-1.1263391997066925,Age1.4,0.6722520295180029
Escapement,Kenai,1991,-1.0249436974714554,Age1.4,0.6648976328817425
Escapement,Kenai,1992,-0.9235481952362184,Age1.4,0.6572738262899694
Escapement,Kenai,1993,-0.8221526930009815,Age1.4,0.6493829548303741
Escapement,Kenai,1994,-0.7207571907657445,Age1.4,0.6412280305160012
Escapement,Kenai,1995,-0.6193616885305075,Age1.4,0.6328127608786949
Escapement,Kenai,1996,-0.5179661862952706,Age1.4,0.624141574937585
Escapement,Kenai,1997,-0.41657068406003356,Age1.4,0.6152196460740593
Escapement,Kenai,1998,-0.3151751818247966,Age1.4,0.6060529113409657
Escapement,Kenai,1999,-0.2137796795895596,Age1.4,0.5966480867375613
Escapement,Kenai,2000,-0.11238417735432261,Age1.4,0.5870126779938022
Escapement,Kenai,2001,-0.010988675119085634,Age1.4,0.5771549864285742
Escapement,Kenai,2002,0.09040682711615135,Age1.4,0.567084109476915
Escapement,Kenai,2003,0.19180232935138833,Age1.4,0.5568099355214952
Escapement,Kenai,2004,0.2931978315866253,Age1.4,0.5463431327136818
Escapement,Kenai,2005,0.3945933338218623,Age1.4,0.535695131529245
Escapement,Kenai,2006,0.4959888360570993,Age1.4,0.5248781008727402
Escapement,Kenai,2007,0.5973843382923363,Age1.4,0.5139049176220707
Escapement,Kenai,2008,0.6987798405275732,Age1.4,0.50278912958964
Escapement,Kenai,2009,0.8001753427628102,Age1.4,0.4915449119675575
Escapement,Kenai,2010,0.9015708449980472,Age1.4,0.4801870174198819
Escapement,Kenai,2011,1.0029663472332842,Age1.4,0.4687307200830607
Escapement,Kenai,2012,1.1043618494685212,Age1.4,0.4571917538344565
Escapement,Kenai,2013,1.205757351703758,Age1.4,0.4455862452859063
Escapement,Kenai,2014,1.3071528539389952,Age1.4,0.43393064205234105
Escapement,Kenai,2015,1.4085483561742322,Age1.4,0.42224163693224387
Escapement,South,1980,-2.140294222059062,Age1.4,0.47798718532929924
Escapement,South,1981,-2.0388987198238255,Age1.4,0.4626551000320014
Escapement,South,1982,-1.9375032175885882,Age1.4,0.4473185113448733
Escapement,South,1983,-1.8361077153533514,Age1.4,0.43200413656866316
Escapement,South,1984,-1.7347122131181143,Age1.4,0.416738724797268
Escapement,South,1985,-1.6333167108828774,Age1.4,0.40154887102063525
Escapement,South,1986,-1.5319212086476404,Age1.4,0.3864608301590071
Escapement,South,1987,-1.4305257064124035,Age1.4,0.37150033371112196
Escapement,South,1988,-1.3291302041771664,Age1.4,0.35669241168538923
Escapement,South,1989,-1.2277347019419294,Age1.4,0.3420612224095602
Escapement,South,1990,-1.1263391997066925,Age1.4,0.3276298926837294
Escapement,South,1991,-1.0249436974714554,Age1.4,0.31342037055833893
Escapement,South,1992,-0.9235481952362184,Age1.4,0.2994532927898439
Escapement,South,1993,-0.8221526930009815,Age1.4,0.28574786875994224
Escapement,South,1994,-0.7207571907657445,Age1.4,0.2723217823489816
Escapement,South,1995,-0.6193616885305075,Age1.4,0.2591911129401282
Escapement,South,1996,-0.5179661862952706,Age1.4,0.24637027640804107
Escapement,South,1997,-0.41657068406003356,Age1.4,0.23387198662352665
Escapement,South,1998,-0.3151751818247966,Age1.4,0.2217072376923832
Escapement,South,1999,-0.2137796795895596,Age1.4,0.20988530684922485
Escapement,South,2000,-0.11238417735432261,Age1.4,0.1984137776502822
Escapement,South,2001,-0.010988675119085634,Age1.4,0.18729858285529427
Escapement,South,2002,0.09040682711615135,Age1.4,0.17654406615695661
Escapement,South,2003,0.19180232935138833,Age1.4,0.16615306170305502
Escapement,South,2004,0.2931978315866253,Age1.4,0.15612699015399448
Escapement,South,2005,0.3945933338218623,Age1.4,0.14646596981598445
Escapement,South,2006,0.4959888360570993,Age1.4,0.13716894117343875
Escapement,South,2007,0.5973843382923363,Age1.4,0.1282338028962039
Escapement,South,2008,0.6987798405275732,Age1.4,0.11965755709956312
Escapement,South,2009,0.8001753427628102,Age1.4,0.1114364612695052
Escapement,South,2010,0.9015708449980472,Age1.4,0.1035661838179005
Escapement,South,2011,1.0029663472332842,Age1.4,0.09604195969517453
Escapement,South,2012,1.1043618494685212,Age1.4,0.08885874186841988
Escapement,South,2013,1.205757351703758,Age1.4,0.0820113437975718
Escapement,South,2014,1.3071528539389952,Age1.4,0.0754945673659608
Escapement,South,2015,1.4085483561742322,Age1.4,0.06930331013329064
Sport Harvest,North,1980,-2.140294222059062,Age1.4,0.5460021856338918
Sport Harvest,North,1981,-2.0388987198238255,Age1.4,0.5339118406906511
Sport Harvest,North,1982,-1.9375032175885882,Age1.4,0.5217471426840641
Sport Harvest,North,1983,-1.8361077153533514,Age1.4,0.5095221846589191
Sport Harvest,North,1984,-1.7347122131181143,Age1.4,0.4972513236397352
Sport Harvest,North,1985,-1.6333167108828774,Age1.4,0.4849491077979823
Sport Harvest,North,1986,-1.5319212086476404,Age1.4,0.47263020087079854
Sport Harvest,North,1987,-1.4305257064124035,Age1.4,0.46030930456893204
Sport Harvest,North,1988,-1.3291302041771664,Age1.4,0.448001079750891
Sport Harvest,North,1989,-1.2277347019419294,Age1.4,0.43572006716701084
Sport Harvest,North,1990,-1.1263391997066925,Age1.4,0.4234806085907889
Sport Harvest,North,1991,-1.0249436974714554,Age1.4,0.4112967691554035
Sport Harvest,North,1992,-0.9235481952362184,Age1.4,0.3991822617011748
Sport Harvest,North,1993,-0.8221526930009815,Age1.4,0.38715037391567164
Sport Harvest,North,1994,-0.7207571907657445,Age1.4,0.37521389901346347
Sport Harvest,North,1995,-0.6193616885305075,Age1.4,0.363385070658803
Sport Harvest,North,1996,-0.5179661862952706,Age1.4,0.3516755027837921
Sport Harvest,North,1997,-0.41657068406003356,Age1.4,0.3400961348991346
Sport Harvest,North,1998,-0.3151751818247966,Age1.4,0.3286571834369389
Sport Harvest,North,1999,-0.2137796795895596,Age1.4,0.31736809960789286
Sport Harvest,North,2000,-0.11238417735432261,Age1.4,0.3062375342012414
Sport Harvest,North,2001,-0.010988675119085634,Age1.4,0.2952733097080909
Sport Harvest,North,2002,0.09040682711615135,Age1.4,0.28448240010920756
Sport Harvest,North,2003,0.19180232935138833,Age1.4,0.27387091863998503
Sport Harvest,North,2004,0.2931978315866253,Age1.4,0.26344411382947885
Sport Harvest,North,2005,0.3945933338218623,Age1.4,0.25320637410857966
Sport Harvest,North,2006,0.4959888360570993,Age1.4,0.2431612412948724
Sport Harvest,North,2007,0.5973843382923363,Age1.4,0.23331143328769616
Sport Harvest,North,2008,0.6987798405275732,Age1.4,0.22365887634401418
Sport Harvest,North,2009,0.8001753427628102,Age1.4,0.2142047473495861
Sport Harvest,North,2010,0.9015708449980472,Age1.4,0.20494952654372933
Sport Harvest,North,2011,1.0029663472332842,Age1.4,0.1958930611896609
Sport Harvest,North,2012,1.1043618494685212,Age1.4,0.18703464069228184
Sport Harvest,North,2013,1.205757351703758,Age1.4,0.17837308363315713
Sport Harvest,North,2014,1.3071528539389952,Age1.4,0.16990683709546592
Sport Harvest,North,2015,1.4085483561742322,Age1.4,0.1616340884620425
Sport Harvest,Kenai,1980,-2.140294222059062,Age1.4,0.7358911221503752
Sport Harvest,Kenai,1981,-2.0388987198238255,Age1.4,0.7320395740150278
Sport Harvest,Kenai,1982,-1.9375032175885882,Age1.4,0.7279417083173909
Sport Harvest,Kenai,1983,-1.8361077153533514,Age1.4,0.7235947801009975
Sport Harvest,Kenai,1984,-1.7347122131181143,Age1.4,0.7189962688207249
Sport Harvest,Kenai,1985,-1.6333167108828774,Age1.4,0.7141439040841097
Sport Harvest,Kenai,1986,-1.5319212086476404,Age1.4,0.7090356923866361
Sport Harvest,Kenai,1987,-1.4305257064124035,Age1.4,0.7036699447353124
Sport Harvest,Kenai,1988,-1.3291302041771664,Age1.4,0.6980453050337774
Sport Harvest,Kenai,1989,-1.2277347019419294,Age1.4,0.6921607790799884
Sport Harvest,Kenai,1990,-1.1263391997066925,Age1.4,0.68601576400453
Sport Harvest,Kenai,1991,-1.0249436974714554,Age1.4,0.6796100779539109
Sport Harvest,Kenai,1992,-0.9235481952362184,Age1.4,0.6729439897993279
Sport Harvest,Kenai,1993,-0.8221526930009815,Age1.4,0.6660182486275072
Sport Harvest,Kenai,1994,-0.7207571907657445,Age1.4,0.6588341127469493
Sport Harvest,Kenai,1995,-0.6193616885305075,Age1.4,0.6513933779205628
Sport Harvest,Kenai,1996,-0.5179661862952706,Age1.4,0.6436984045149282
Sport Harvest,Kenai,1997,-0.41657068406003356,Age1.4,0.6357521432377372
Sport Harvest,Kenai,1998,-0.3151751818247966,Age1.4,0.6275581591190387
Sport Harvest,Kenai,1999,-0.2137796795895596,Age1.4,0.619120653379316
Sport Harvest,Kenai,2000,-0.11238417735432261,Age1.4,0.6104444828188459
Sport Harvest,Kenai,2001,-0.010988675119085634,Age1.4,0.6015351763588369
Sport Harvest,Kenai,2002,0.09040682711615135,Age1.4,0.5923989483661309
Sport Harvest,Kenai,2003,0.19180232935138833,Age1.4,0.5830427084003672
Sport Harvest,Kenai,2004,0.2931978315866253,Age1.4,0.5734740670359099
Sport Harvest,Kenai,2005,0.3945933338218623,Age1.4,0.5637013374309487
Sport Harvest,Kenai,2006,0.4959888360570993,Age1.4,0.5537335323432945
Sport Harvest,Kenai,2007,0.5973843382923363,Age1.4,0.5435803563266218
Sport Harvest,Kenai,2008,0.6987798405275732,Age1.4,0.5332521928822889
Sport Harvest,Kenai,2009,0.8001753427628102,Age1.4,0.5227600863901515
Sport Harvest,Kenai,2010,0.9015708449980472,Age1.4,0.512115718696657
Sport Harvest,Kenai,2011,1.0029663472332842,Age1.4,0.50133138029932
Sport Harvest,Kenai,2012,1.1043618494685212,Age1.4,0.4904199361327042
Sport Harvest,Kenai,2013,1.205757351703758,Age1.4,0.4793947860312571
Sport Harvest,Kenai,2014,1.3071528539389952,Age1.4,0.46826982001760953
Sport Harvest,Kenai,2015,1.4085483561742322,Age1.4,0.4570593686399284
Sport Harvest,South,1980,-2.140294222059062,Age1.4,0.4885541241154786
Sport Harvest,South,1981,-2.0388987198238255,Age1.4,0.47365330603038003
Sport Harvest,South,1982,-1.9375032175885882,Age1.4,0.4587406069825535
Sport Harvest,South,1983,-1.8361077153533514,Age1.4,0.44384036342486716
Sport Harvest,South,1984,-1.7347122131181143,Age1.4,0.42897691766018514
Sport Harvest,South,1985,-1.6333167108828774,Age1.4,0.41417445618330373
Sport Harvest,South,1986,-1.5319212086476404,Age1.4,0.39945684853325775
Sport Harvest,South,1987,-1.4305257064124035,Age1.4,0.3848474888406719
Sport Harvest,South,1988,-1.3291302041771664,Age1.4,0.37036914222531653
Sport Harvest,South,1989,-1.2277347019419294,Age1.4,0.3560437981256355
Sport Harvest,South,1990,-1.1263391997066925,Age1.4,0.34189253252798163
Sport Harvest,South,1991,-1.0249436974714554,Age1.4,0.32793538091341345
Sport Harvest,South,1992,-0.9235481952362184,Age1.4,0.3141912235601851
Sport Harvest,South,1993,-0.8221526930009815,Age1.4,0.3006776846375392
Sport Harvest,South,1994,-0.7207571907657445,Age1.4,0.2874110463087217
Sport Harvest,South,1995,-0.6193616885305075,Age1.4,0.27440617883620544
Sport Harvest,South,1996,-0.5179661862952706,Age1.4,0.261676487457736
Sport Harvest,South,1997,-0.41657068406003356,Age1.4,0.24923387658516302
Sport Harvest,South,1998,-0.3151751818247966,Age1.4,0.23708873167532662
Sport Harvest,South,1999,-0.2137796795895596,Age1.4,0.22524991893816368
Sport Harvest,South,2000,-0.11238417735432261,Age1.4,0.21372480288441317
Sport Harvest,South,2001,-0.010988675119085634,Age1.4,0.20251928157400978
Sport Harvest,South,2002,0.09040682711615135,Age1.4,0.19163783930355732
Sport Harvest,South,2003,0.19180232935138833,Age1.4,0.18108361636063441
Sport Harvest,South,2004,0.2931978315866253,Age1.4,0.17085849536325565
Sport Harvest,South,2005,0.3945933338218623,Age1.4,0.16096320357893926
Sport Harvest,South,2006,0.4959888360570993,Age1.4,0.15139743045857418
Sport Harvest,South,2007,0.5973843382923363,Age1.4,0.14215995939935475
Sport Harvest,South,2008,0.6987798405275732,Age1.4,0.13324881243731498
Sport Harvest,South,2009,0.8001753427628102,Age1.4,0.12466140612899868
Sport Harvest,South,2010,0.9015708449980472,Age1.4,0.11639471627881298
Sport Harvest,South,2011,1.0029663472332842,Age1.4,0.10844544837387697
Sport Harvest,South,2012,1.1043618494685212,Age1.4,0.1008102095848503
Sport Harvest,South,2013,1.205757351703758,Age1.4,0.0934856769865106
Sport Harvest,South,2014,1.3071528539389952,Age1.4,0.08646875529101739
Sport Harvest,South,2015,1.4085483561742322,Age1.4,0.07975671596897885
Escapement,North,1980,-2.140294222059062,Age1.5,0.00832012342323879
Escapement,North,1981,-2.0388987198238255,Age1.5,0.00807809281665164
Escapement,North,1982,-1.9375032175885882,Age1.5,0.007837618554972534
Escapement,North,1983,-1.8361077153533514,Age1.5,0.0075989396953301995
Escapement,North,1984,-1.7347122131181143,Age1.5,0.00736229270960059
Escapement,North,1985,-1.6333167108828774,Age1.5,0.007127910163352543
Escapement,North,1986,-1.5319212086476404,Age1.5,0.006896019411231601
Escapement,North,1987,-1.4305257064124035,Age1.5,0.006666841323323233
Escapement,North,1988,-1.3291302041771664,Age1.5,0.006440589056726668
Escapement,North,1989,-1.2277347019419294,Age1.5,0.0062174668860027794
Escapement,North,1990,-1.1263391997066925,Age1.5,0.00599766910534855
Escapement,North,1991,-1.0249436974714554,Age1.5,0.005781379014321114
Escapement,North,1992,-0.9235481952362184,Age1.5,0.0055687679977152234
Escapement,North,1993,-0.8221526930009815,Age1.5,0.005359994708826088
Escapement,North,1994,-0.7207571907657445,Age1.5,0.005155204363845386
Escapement,North,1995,-0.6193616885305075,Age1.5,0.004954528153586207
Escapement,North,1996,-0.5179661862952706,Age1.5,0.004758082777158509
Escapement,North,1997,-0.41657068406003356,Age1.5,0.004565970100667118
Escapement,North,1998,-0.3151751818247966,Age1.5,0.004378276942524035
Escapement,North,1999,-0.2137796795895596,Age1.5,0.004195074985598038
Escapement,North,2000,-0.11238417735432261,Age1.5,0.004016420815205629
Escapement,North,2001,-0.010988675119085634,Age1.5,0.003842356080909823
Escapement,North,2002,0.09040682711615135,Age1.5,0.0036729077792626774
Escapement,North,2003,0.19180232935138833,Age1.5,0.003508088654019787
Escapement,North,2004,0.2931978315866253,Age1.5,0.003347897709976966
Escapement,North,2005,0.3945933338218623,Age1.5,0.003192320836425257
Escapement,North,2006,0.4959888360570993,Age1.5,0.0030413315362713134
Escapement,North,2007,0.5973843382923363,Age1.5,0.0028948917570906607
Escapement,North,2008,0.6987798405275732,Age1.5,0.0027529528207177706
Escapement,North,2009,0.8001753427628102,Age1.5,0.002615456448353019
Escapement,North,2010,0.9015708449980472,Age1.5,0.002482335878481659
Escapement,North,2011,1.0029663472332842,Age1.5,0.0023535170750241313
Escapement,North,2012,1.1043618494685212,Age1.5,0.002228920022909462
Escapement,North,2013,1.205757351703758,Age1.5,0.0021084601074906665
Escapement,North,2014,1.3071528539389952,Age1.5,0.001992049572679956
Escapement,North,2015,1.4085483561742322,Age1.5,0.0018795990501250328
Escapement,Kenai,1980,-2.140294222059062,Age1.5,0.08291417953629124
Escapement,Kenai,1981,-2.0388987198238255,Age1.5,0.08043922478592797
Escapement,Kenai,1982,-1.9375032175885882,Age1.5,0.07800644493573104
Escapement,Kenai,1983,-1.8361077153533514,Age1.5,0.07561564096174325
Escapement,Kenai,1984,-1.7347122131181143,Age1.5,0.07326662978528459
Escapement,Kenai,1985,-1.6333167108828774,Age1.5,0.07095924455251
Escapement,Kenai,1986,-1.5319212086476404,Age1.5,0.06869333477339647
Escapement,Kenai,1987,-1.4305257064124035,Age1.5,0.06646876631076326
Escapement,Kenai,1988,-1.3291302041771664,Age1.5,0.06428542121034023
Escapement,Kenai,1989,-1.2277347019419294,Age1.5,0.06214319736350069
Escapement,Kenai,1990,-1.1263391997066925,Age1.5,0.06004200799507193
Escapement,Kenai,1991,-1.0249436974714554,Age1.5,0.05798178096966017
Escapement,Kenai,1992,-0.9235481952362184,Age1.5,0.055962457911167614
Escapement,Kenai,1993,-0.8221526930009815,Age1.5,0.05398399313166597
Escapement,Kenai,1994,-0.7207571907657445,Age1.5,0.05204635236750951
Escapement,Kenai,1995,-0.6193616885305075,Age1.5,0.05014951132252866
Escapement,Kenai,1996,-0.5179661862952706,Age1.5,0.0482934540203292
Escapement,Kenai,1997,-0.41657068406003356,Age1.5,0.046478170970118915
Escapement,Kenai,1998,-0.3151751818247966,Age1.5,0.044703657153064985
Escapement,Kenai,1999,-0.2137796795895596,Age1.5,0.04296990983892856
Escapement,Kenai,2000,-0.11238417735432261,Age1.5,0.04127692624557741
Escapement,Kenai,2001,-0.010988675119085634,Age1.5,0.03962470105690562
Escapement,Kenai,2002,0.09040682711615135,Age1.5,0.0380132238176298
Escapement,Kenai,2003,0.19180232935138833,Age1.5,0.036442476226324905
Escapement,Kenai,2004,0.2931978315866253,Age1.5,0.0349124293508404
Escapement,Kenai,2005,0.3945933338218623,Age1.5,0.03342304079282986
Escapement,Kenai,2006,0.4959888360570993,Age1.5,0.03197425183045612
Escapement,Kenai,2007,0.5973843382923363,Age1.5,0.03056598457033075
Escapement,Kenai,2008,0.6987798405275732,Age1.5,0.029198139141333047
Escapement,Kenai,2009,0.8001753427628102,Age1.5,0.027870590964068773
Escapement,Kenai,2010,0.9015708449980472,Age1.5,0.02658318813030752
Escapement,Kenai,2011,1.0029663472332842,Age1.5,0.025335748926735333
Escapement,Kenai,2012,1.1043618494685212,Age1.5,0.024128059536735445
Escapement,Kenai,2013,1.205757351703758,Age1.5,0.02295987195264529
Escapement,Kenai,2014,1.3071528539389952,Age1.5,0.021830902129027278
Escapement,Kenai,2015,1.4085483561742322,Age1.5,0.02074082840494415
Escapement,South,1980,-2.140294222059062,Age1.5,1.3209682939136333e-9
Escapement,South,1981,-2.0388987198238255,Age1.5,1.4964270076914984e-9
Escapement,South,1982,-1.9375032175885882,Age1.5,1.6933124378135076e-9
Escapement,South,1983,-1.8361077153533514,Age1.5,1.913948185774505e-9
Escapement,South,1984,-1.7347122131181143,Age1.5,2.160867676749598e-9
Escapement,South,1985,-1.6333167108828774,Age1.5,2.436827390042784e-9
Escapement,South,1986,-1.5319212086476404,Age1.5,2.744820093829974e-9
Escapement,South,1987,-1.4305257064124035,Age1.5,3.0880879003906166e-9
Escapement,South,1988,-1.3291302041771664,Age1.5,3.4701349097477753e-9
Escapement,South,1989,-1.2277347019419294,Age1.5,3.894739150338848e-9
Escapement,South,1990,-1.1263391997066925,Age1.5,4.3659634527864215e-9
Escapement,South,1991,-1.0249436974714554,Age1.5,4.8881648044983315e-9
Escapement,South,1992,-0.9235481952362184,Age1.5,5.466001625884184e-9
Escapement,South,1993,-0.8221526930009815,Age1.5,6.104438280392812e-9
Escapement,South,1994,-0.7207571907657445,Age1.5,6.808745977190449e-9
Escapement,South,1995,-0.6193616885305075,Age1.5,7.584499044017782e-9
Escapement,South,1996,-0.5179661862952706,Age1.5,8.437565335841671e-9
Escapement,South,1997,-0.41657068406003356,Age1.5,9.374089300402422e-9
Escapement,South,1998,-0.3151751818247966,Age1.5,1.0400465944117531e-8
Escapement,South,1999,-0.2137796795895596,Age1.5,1.1523303632830722e-8
Escapement,South,2000,-0.11238417735432261,Age1.5,1.2749373326899226e-8
Escapement,South,2001,-0.010988675119085634,Age1.5,1.408554149954875e-8
Escapement,South,2002,0.09040682711615135,Age1.5,1.5538683638927983e-8
Escapement,South,2003,0.19180232935138833,Age1.5,1.7115574915215406e-8
Escapement,South,2004,0.2931978315866253,Age1.5,1.882275434449376e-8
Escapement,South,2005,0.3945933338218623,Age1.5,2.0666358656832486e-8
Escapement,South,2006,0.4959888360570993,Age1.5,2.2651922152105973e-8
Escapement,South,2007,0.5973843382923363,Age1.5,2.4784139200079456e-8
Escapement,South,2008,0.6987798405275732,Age1.5,2.7066586830126028e-8
Escapement,South,2009,0.8001753427628102,Age1.5,2.9501406199572226e-8
Escapement,South,2010,0.9015708449980472,Age1.5,3.2088943779640116e-8
Escapement,South,2011,1.0029663472332842,Age1.5,3.482735600342632e-8
Escapement,South,2012,1.1043618494685212,Age1.5,3.77121850028747e-8
Escapement,South,2013,1.205757351703758,Age1.5,4.073591797778371e-8
Escapement,South,2014,1.3071528539389952,Age1.5,4.3887548630502306e-8
Escapement,South,2015,1.4085483561742322,Age1.5,4.715216572970695e-8
Sport Harvest,North,1980,-2.140294222059062,Age1.5,0.00953351519361368
Sport Harvest,North,1981,-2.0388987198238255,Age1.5,0.009271763512565393
Sport Harvest,North,1982,-1.9375032175885882,Age1.5,0.009011290376303004
Sport Harvest,North,1983,-1.8361077153533514,Age1.5,0.008752338678987245
Sport Harvest,North,1984,-1.7347122131181143,Age1.5,0.008495150479401905
Sport Harvest,North,1985,-1.6333167108828774,Age1.5,0.008239965713467572
Sport Harvest,North,1986,-1.5319212086476404,Age1.5,0.007987020901858054
Sport Harvest,North,1987,-1.4305257064124035,Age1.5,0.00773654786609974
Sport Harvest,North,1988,-1.3291302041771664,Age1.5,0.007488772466625079
Sport Harvest,North,1989,-1.2277347019419294,Age1.5,0.0072439133761144445
Sport Harvest,North,1990,-1.1263391997066925,Age1.5,0.007002180901100401
Sport Harvest,North,1991,-1.0249436974714554,Age1.5,0.006763775864236046
Sport Harvest,North,1992,-0.9235481952362184,Age1.5,0.00652888855886286
Sport Harvest,North,1993,-0.8221526930009815,Age1.5,0.006297697786577051
Sport Harvest,North,1994,-0.7207571907657445,Age1.5,0.006070369987417945
Sport Harvest,North,1995,-0.6193616885305075,Age1.5,0.0058470584711214
Sport Harvest,North,1996,-0.5179661862952706,Age1.5,0.00562790275663521
Sport Harvest,North,1997,-0.41657068406003356,Age1.5,0.005413028025823037
Sport Harvest,North,1998,-0.3151751818247966,Age1.5,0.005202544696031448
Sport Harvest,North,1999,-0.2137796795895596,Age1.5,0.00499654811500426
Sport Harvest,North,2000,-0.11238417735432261,Age1.5,0.004795118380540617
Sport Harvest,North,2001,-0.010988675119085634,Age1.5,0.004598320286346409
Sport Harvest,North,2002,0.09040682711615135,Age1.5,0.004406203394756745
Sport Harvest,North,2003,0.19180232935138833,Age1.5,0.00421880223643703
Sport Harvest,North,2004,0.2931978315866253,Age1.5,0.004036136636820153
Sport Harvest,North,2005,0.3945933338218623,Age1.5,0.0038582121689156174
Sport Harvest,North,2006,0.4959888360570993,Age1.5,0.00368502073222547
Sport Harvest,North,2007,0.5973843382923363,Age1.5,0.0035165412577983913
Sport Harvest,North,2008,0.6987798405275732,Age1.5,0.0033527405399007464
Sport Harvest,North,2009,0.8001753427628102,Age1.5,0.0031935741953080113
Sport Harvest,North,2010,0.9015708449980472,Age1.5,0.0030389877517157885
Sport Harvest,North,2011,1.0029663472332842,Age1.5,0.0028889178670893916
Sport Harvest,North,2012,1.1043618494685212,Age1.5,0.002743293681721924
Sport Harvest,North,2013,1.205757351703758,Age1.5,0.0026020383041084044
Sport Harvest,North,2014,1.3071528539389952,Age1.5,0.0024650704301681665
Sport Harvest,North,2015,1.4085483561742322,Age1.5,0.002332306092509377
Sport Harvest,Kenai,1980,-2.140294222059062,Age1.5,0.09214505927046811
Sport Harvest,Kenai,1981,-2.0388987198238255,Age1.5,0.08949663942851896
Sport Harvest,Kenai,1982,-1.9375032175885882,Age1.5,0.08689253152629374
Sport Harvest,Kenai,1983,-1.8361077153533514,Age1.5,0.08433249516990293
Sport Harvest,Kenai,1984,-1.7347122131181143,Age1.5,0.08181630081766793
Sport Harvest,Kenai,1985,-1.6333167108828774,Age1.5,0.07934373030305947
Sport Harvest,Kenai,1986,-1.5319212086476404,Age1.5,0.07691457725762595
Sport Harvest,Kenai,1987,-1.4305257064124035,Age1.5,0.07452864742673233
Sport Harvest,Kenai,1988,-1.3291302041771664,Age1.5,0.07218575887100899
Sport Harvest,Kenai,1989,-1.2277347019419294,Age1.5,0.06988574204658628
Sport Harvest,Kenai,1990,-1.1263391997066925,Age1.5,0.06762843975747444
Sport Harvest,Kenai,1991,-1.0249436974714554,Age1.5,0.06541370697386228
Sport Harvest,Kenai,1992,-0.9235481952362184,Age1.5,0.06324141051064382
Sport Harvest,Kenai,1993,-0.8221526930009815,Age1.5,0.06111142856117478
Sport Harvest,Kenai,1994,-0.7207571907657445,Age1.5,0.059023650082093475
Sport Harvest,Kenai,1995,-0.6193616885305075,Age1.5,0.05697797402604179
Sport Harvest,Kenai,1996,-0.5179661862952706,Age1.5,0.054974308420277666
Sport Harvest,Kenai,1997,-0.41657068406003356,Age1.5,0.053012569290496914
Sport Harvest,Kenai,1998,-0.3151751818247966,Age1.5,0.05109267943066135
Sport Harvest,Kenai,1999,-0.2137796795895596,Age1.5,0.04921456702126903
Sport Harvest,Kenai,2000,-0.11238417735432261,Age1.5,0.04737816410028041
Sport Harvest,Kenai,2001,-0.010988675119085634,Age1.5,0.045583404892816676
Sport Harvest,Kenai,2002,0.09040682711615135,Age1.5,0.043830224007756644
Sport Harvest,Kenai,2003,0.19180232935138833,Age1.5,0.04211855451144256
Sport Harvest,Kenai,2004,0.2931978315866253,Age1.5,0.04044832589083756
Sport Harvest,Kenai,2005,0.3945933338218623,Age1.5,0.038819461920618234
Sport Harvest,Kenai,2006,0.4959888360570993,Age1.5,0.03723187845079402
Sport Harvest,Kenai,2007,0.5973843382923363,Age1.5,0.035685481133477255
Sport Harvest,Kenai,2008,0.6987798405275732,Age1.5,0.03418016310933495
Sport Harvest,Kenai,2009,0.8001753427628102,Age1.5,0.03271580267598558
Sport Harvest,Kenai,2010,0.9015708449980472,Age1.5,0.031292260962112135
Sport Harvest,Kenai,2011,1.0029663472332842,Age1.5,0.029909379632296312
Sport Harvest,Kenai,2012,1.1043618494685212,Age1.5,0.028566978648491174
Sport Harvest,Kenai,2013,1.205757351703758,Age1.5,0.02726485411459801
Sport Harvest,Kenai,2014,1.3071528539389952,Age1.5,0.026002776230760614
Sport Harvest,Kenai,2015,1.4085483561742322,Age1.5,0.02478048738370766
Sport Harvest,South,1980,-2.140294222059062,Age1.5,1.4902564511352474e-9
Sport Harvest,South,1981,-2.0388987198238255,Age1.5,1.6909506903657185e-9
Sport Harvest,South,1982,-1.9375032175885882,Age1.5,1.9167240796792607e-9
Sport Harvest,South,1983,-1.8361077153533514,Age1.5,2.170407355750969e-9
Sport Harvest,South,1984,-1.7347122131181143,Age1.5,2.4551070057703008e-9
Sport Harvest,South,1985,-1.6333167108828774,Age1.5,2.774226114452816e-9
Sport Harvest,South,1986,-1.5319212086476404,Age1.5,3.1314858947093146e-9
Sport Harvest,South,1987,-1.4305257064124035,Age1.5,3.5309477348140507e-9
Sport Harvest,South,1988,-1.3291302041771664,Age1.5,3.9770355346326125e-9
Sport Harvest,South,1989,-1.2277347019419294,Age1.5,4.474558027815956e-9
Sport Harvest,South,1990,-1.1263391997066925,Age1.5,5.028730692430281e-9
Sport Harvest,South,1991,-1.0249436974714554,Age1.5,5.6451967352688076e-9
Sport Harvest,South,1992,-0.9235481952362184,Age1.5,6.33004649045531e-9
Sport Harvest,South,1993,-0.8221526930009815,Age1.5,7.089834395646985e-9
Sport Harvest,South,1994,-0.7207571907657445,Age1.5,7.9315924933470925e-09
Sport Harvest,South,1995,-0.6193616885305075,Age1.5,8.862839144294185e-9
Sport Harvest,South,1996,-0.5179661862952706,Age1.5,9.891581328192806e-9
Sport Harvest,South,1997,-0.41657068406003356,Age1.5,1.1026308538114739e-8
Sport Harvest,South,1998,-0.3151751818247966,Age1.5,1.2275975843722033e-8
Sport Harvest,South,1999,-0.2137796795895596,Age1.5,1.3649973202272369e-8
Sport Harvest,South,2000,-0.11238417735432261,Age1.5,1.5158077536256434e-8
Sport Harvest,South,2001,-0.010988675119085634,Age1.5,1.681038347980206e-8
Sport Harvest,South,2002,0.09040682711615135,Age1.5,1.8617208039314198e-8
Sport Harvest,South,2003,0.19180232935138833,Age1.5,2.0588963747364636e-8
Sport Harvest,South,2004,0.2931978315866253,Age1.5,2.2735994261413714e-8
Sport Harvest,South,2005,0.3945933338218623,Age1.5,2.5068365844264384e-8
Sport Harvest,South,2006,0.4959888360570993,Age1.5,2.7595607866730515e-8
Sport Harvest,South,2007,0.5973843382923363,Age1.5,3.0326395539164813e-8
Sport Harvest,South,2008,0.6987798405275732,Age1.5,3.326816869591476e-8
Sport Harvest,South,2009,0.8001753427628102,Age1.5,3.6426681860664196e-8
Sport Harvest,South,2010,0.9015708449980472,Age1.5,3.9805483287840255e-8
Sport Harvest,South,2011,1.0029663472332842,Age1.5,4.340532450816605e-8
Sport Harvest,South,2012,1.1043618494685212,Age1.5,4.7223507399458427e-8
Sport Harvest,South,2013,1.205757351703758,Age1.5,5.1253183187033694e-8
Sport Harvest,South,2014,1.3071528539389952,Age1.5,5.5482627133345755e-8
Sport Harvest,South,2015,1.4085483561742322,Age1.5,5.989452382490146e-8
