"","Site","Year","maxWkJA","meanWkJA","maxWkJJA","meanWkJJA","wksGT15","wksGT18","cumDD","wksGT16","wksGT21","wksGT13","wksGT10","ASON_avg","ASON_max","MJJA_avg","MJJA_max","RB_ASON","MDIS_MJJA","RB_MJ","Population"
"1","Alexander",1980,17.6684397748993,14.2315242215764,17.6684397748993,13.6424006134001,3,0,1860.28705610062,2,0,6,9,93.879623665,123.82984565,103.14851015,123.82984565,0.1985549,658,0.05356676,"Alexander"
"2","Alexander",1981,15.6791027774526,13.9844823722203,15.7961226008319,13.7343447603409,3,0,1900.15180926514,0,0,8,11,126.07924216,193.71224641,114.17285022,193.71224641,0.1209975,380,0.07345195,"Alexander"
"3","Alexander",1982,15.2890366995219,14.4005528553464,15.4450631306942,13.6786210349222,3,0,1801.3090651175,0,0,8,10,123.64804595,208.64929437,70.10463574,95.120438898,0.1335746,543,0.04145163,"Alexander"
"4","Alexander",1983,16.7712877956587,14.2401923566416,17.2003604813824,14.3250162497789,7,0,1883.76903399205,3,0,6,9,111.22975891,163.54610241,68.373203255,163.54610241,0.1000277,497,0.07139947,"Alexander"
"5","Alexander",1984,16.6542679722794,14.3788825176836,16.6542679722794,14.0491838089564,6,0,1954.21496766634,3,0,7,10,75.379079987,149.69652337,76.746223966,149.69652337,0.1644919,497,0.04350167,"Alexander"
"6","Alexander",1985,17.0833406580032,14.5869177592466,17.0833406580032,13.686979593735,6,0,1781.10364228068,4,0,6,10,110.07158529,194.79135779,77.140479785,140.85413891,0.1490716,641,0.0805827,"Alexander"
"7","Alexander",1986,16.420228325521,13.6984339150711,16.8493010112448,13.8875850052423,5,0,1896.87525421052,5,0,5,11,143.06194173,145.31862156,77.188398462,144.33639216,0.1853568,277,0.06017491,"Alexander"
"8","Alexander",1987,18.2145322840023,14.8773002839284,18.2145322840023,14.1299832108135,3,1,1910.25452068355,1,0,8,10,99.953141265,131.565051,60.524848012,85.496090263,0.1128271,398,0.03239102,"Alexander"
"9","Alexander",1988,18.3315521073815,15.6530983722573,18.3315521073815,15.0912174742856,7,1,2038.04016781365,4,0,8,11,101.0196105,145.47856365,74.932261401,145.47856365,0.08222212,339,0.03507498,"Alexander"
"10","Alexander",1989,18.0975124606231,15.7657841281039,18.0975124606231,15.1469411997043,8,1,2051.69248054122,6,0,8,11,142.6002266,168.69765597,99.758856559,168.69765597,0.06941555,364,0.04572295,"Alexander"
"11","Alexander",1990,19.657776772346,15.874135816418,19.657776772346,16.002300384881,9,2,2107.94000897883,8,0,8,10,126.20752942,236.84175577,67.412000178,118.16751626,0.1907375,409,0.06522832,"Alexander"
"12","Alexander",1991,16.6932745800725,14.4568957332697,18.604598361933,14.6203519944978,5,1,1985.34224068521,3,0,8,11,96.455187794,125.0894917,66.784487105,125.0894917,0.05548937,320,0.04706177,"Alexander"
"13","Alexander",1992,17.6294331671062,14.7602804605492,17.6294331671062,14.6064210631432,6,0,1736.32405653424,3,0,7,9,105.14602631,116.63181014,63.817746575,116.63181014,0.06376169,279,0.04327197,"Alexander"
"14","Alexander",1993,18.9166512242776,15.9564830995367,18.9166512242776,15.6679580323689,8,3,2081.45452228734,6,0,8,10,168.18880469,241.29969939,77.053426848,186.31643603,0.1010461,298,0.06967734,"Alexander"
"15","Alexander",1994,18.2535388917954,15.5620829540734,18.2535388917954,15.0912174742856,7,1,2021.93043879511,6,0,7,10,90.952792847,125.49854483,56.658426408,84.794604712,0.1317976,345,0.04144294,"Alexander"
"16","Alexander",1995,17.2783736969686,15.328043307315,17.2783736969686,14.7847369844829,6,0,2082.28453593853,3,0,9,13,78.011824551,125.4385773,85.405889145,110.38949714,0.08230542,352,0.04564257,"Alexander"
"17","Alexander",1996,18.5265851463469,14.8382936761353,18.5265851463469,14.614779621956,5,1,1966.2290028666,4,0,8,10,88.052543011,132.79406507,66.476170849,132.79406507,0.06763054,207,0.06641604,"Alexander"
"18","Alexander",1997,20.203869281449,16.51991187877,20.6719485749658,16.2419124041812,9,3,2187.66951530787,7,0,9,12,95.496092231,161.35615886,73.960637087,161.35615886,0.1654454,282,0.07003133,"Alexander"
"19","Alexander",1998,16.1471820709695,13.8067856033852,17.8244662060716,13.8235027210108,5,0,1860.56010235517,2,0,6,11,86.111804437,165.38981185,101.80870373,165.38981185,0.09650271,353,0.09815478,"Alexander"
"20","Alexander",1999,19.5407569489667,15.1850190787404,19.5407569489667,14.8906120627784,6,1,2003.63633974016,5,0,7,12,109.16987091,158.8165948,89.992561044,158.8165948,0.104848,281,0.05114833,"Alexander"
"21","Alexander",2000,16.6932745800725,14.097168128067,17.6294331671062,14.1829207499612,3,0,1855.9183160278,3,0,7,9,95.180974558,129.63078337,64.855740654,95.302118461,0.1390637,394,0.03793534,"Alexander"
"22","Alexander",2001,17.5514199515201,15.5924214268014,18.3315521073815,15.6568132872852,10,2,2063.70651574149,8,0,9,12,60.881701197,70.341281451,65.971104845,158.44574275,0.06725179,306,0.03745358,"Alexander"
"23","Alexander",2002,20.1648626736559,16.2642018943487,20.1648626736559,15.9521490320041,9,2,2196.13394919897,8,0,10,11,131.20533469,164.52786147,68.675567259,145.82911388,0.09771987,312,0.09781738,"Alexander"
"24","Alexander",2003,21.2180410840688,17.5730902891829,21.2180410840688,17.1613538735894,12,5,2349.31289800236,9,1,10,12,111.92120412,121.1192613,77.093378186,118.08788569,0.09410072,367,0.05932478,"Alexander"
"25","Alexander",2004,20.1648626736559,17.781125530746,20.1648626736559,17.217077599008,12,6,2237.91002614535,10,0,9,9,129.78144105,225.24212869,50.013995805,66.477129385,0.1192353,267,0.07007145,"Alexander"
"26","Alexander",2005,18.8386380086915,16.4679030683792,18.8386380086915,16.2864913845162,11,4,2265.7607441096,8,0,8,13,114.16005954,224.47710835,57.993680651,114.74413245,0.1168613,736,0.03758927,"Alexander"
"27","Alexander",2006,16.8102944034517,14.7256079202887,16.8102944034517,14.2637201518183,7,0,2008.55117232209,4,0,7,12,126.01615679,253.54358863,102.98719663,253.54358863,0.2209911,385,0.07401093,"Alexander"
"28","Alexander",2007,17.6294331671062,15.5924214268014,17.6294331671062,15.3001814446057,7,0,2091.8302799603,5,0,10,11,110.05045389,185.52419589,64.861482973,102.68832911,0.1068899,307,0.04515138,"Alexander"
"29","Alexander",2008,15.9521490320041,14.1015021955995,15.9521490320041,13.6256834957745,2,0,1857.010501046,0,0,9,11,84.6623455,118.79710905,58.719589845,92.123981265,0.06689799,523,0.03411471,"Alexander"
"30","Alexander",2009,20.0478428502767,15.7007731151155,20.0478428502767,15.0187766312414,7,2,2066.16393203245,4,0,8,11,82.415310585,104.50942747,55.854867443,104.50942747,0.08764106,536,0.04194698,"Alexander"
"31","Alexander",2010,17.1613538735894,14.7559463930166,17.1613538735894,14.4058156516359,6,0,2025.20699384973,1,0,9,11,92.848190451,129.58313554,80.520019127,129.58313554,0.09799372,301,0.1062616,"Alexander"
"32","Anchor",1980,12.8556362106543,11.2302243191263,12.8556362106543,10.6636016954493,0,0,1525.75238746958,0,0,0,8,84.916161327,83.369900858,60.391452146,69.086481449,0.1985549,658,0.05356676,"Anchor"
"33","Anchor",1981,13.9289380846795,12.4006975562321,13.9289380846795,11.4699978124418,0,0,1609.50968556481,0,0,1,10,90.584943728,104.44500778,64.290430855,104.25841509,0.1209975,380,0.07345195,"Anchor"
"34","Anchor",1982,13.0941477382154,11.4864033672476,13.0941477382154,10.694835347868,0,0,1473.43885909116,0,0,1,9,82.192420681,155.01096454,34.828989082,40.670343038,0.1335746,543,0.04145163,"Anchor"
"35","Anchor",1983,13.8494342421591,12.4757845186124,13.8494342421591,11.9413420216698,0,0,1645.68393391158,0,0,3,9,92.084932264,139.90278286,36.139955166,65.988048534,0.1000277,497,0.07139947,"Anchor"
"36","Anchor",1984,14.4059611398019,12.6789610050534,14.4059611398019,11.9640574052471,0,0,1682.13644570718,0,0,3,9,61.385818083,88.663440817,43.329405531,88.328165323,0.1644919,497,0.04350167,"Anchor"
"37","Anchor",1985,13.1338996594756,11.4510683261274,13.1338996594756,10.3654622859978,0,0,1415.83832518514,0,0,1,9,67.632275145,107.08640955,50.947838792,72.156150599,0.1490716,641,0.0805827,"Anchor"
"38","Anchor",1986,12.8556362106543,11.5614903296279,12.8556362106543,11.0128507179495,0,0,1509.05658054029,0,0,0,9,106.65951821,107.83847833,46.348637755,82.424914949,0.1853568,277,0.06017491,"Anchor"
"39","Anchor",1987,14.6047207461028,12.7319635667337,14.6047207461028,11.7227064547387,0,0,1591.42256139142,0,0,5,10,94.776755716,120.37681641,33.827643429,39.192869833,0.1128271,398,0.03239102,"Anchor"
"40","Anchor",1988,14.0879457697203,12.599457162533,14.0879457697203,11.8277651037835,0,0,1610.90100280891,0,0,3,9,75.292356581,90.419051899,45.267449374,90.419051899,0.08222212,339,0.03507498,"Anchor"
"41","Anchor",1989,15.8767822264291,13.3061579849365,15.8767822264291,12.1826929721781,1,0,1714.69326921928,0,0,6,11,98.327317651,127.34124607,53.917370387,83.18330378,0.06941555,364,0.04572295,"Anchor"
"42","Anchor",1990,13.8096823208989,12.7407973270137,13.8096823208989,12.1429410509179,0,0,1709.12800024285,0,0,4,10,89.674253036,152.61454086,46.344514545,68.911063936,0.1907375,409,0.06522832,"Anchor"
"43","Anchor",1991,12.8953881319145,11.97667706279,12.8953881319145,11.274077629088,0,0,1617.3010621318,0,0,0,11,74.848370401,99.933879673,44.946628916,64.934834568,0.05548937,320,0.04706177,"Anchor"
"44","Anchor",1992,13.4916669508174,12.6524597242133,13.4916669508174,12.1713352803895,0,0,1546.62214613118,0,0,5,9,70.849433328,106.23431379,40.540000657,78.566845823,0.06376169,279,0.04327197,"Anchor"
"45","Anchor",1993,15.2009995650057,13.4828331905373,15.2009995650057,12.5716939159386,1,0,1774.79817416469,0,0,6,11,102.51171283,132.35681934,40.849944657,94.951630368,0.1010461,298,0.06967734,"Anchor"
"46","Anchor",1994,14.9624880374446,12.7761323681339,14.9624880374446,12.1514593197594,0,0,1684.08428984893,0,0,5,9,74.995580099,98.654483364,34.893334371,39.899909688,0.1317976,345,0.04144294,"Anchor"
"47","Anchor",1995,13.6506746358582,12.3521118746918,13.6506746358582,11.7652977989461,0,0,1734.4499740856,0,0,3,12,66.834658303,110.78438087,54.625371346,79.89451623,0.08230542,352,0.04564257,"Anchor"
"48","Anchor",1996,13.9686900059397,12.4183650767921,13.9686900059397,11.637523766324,0,0,1585.30076551735,0,0,2,10,58.864307125,88.320905749,32.637262971,56.830639529,0.06763054,207,0.06641604,"Anchor"
"49","Anchor",1997,14.9227361161844,13.7920148003389,14.9227361161844,12.9039064007559,0,0,1827.38996599193,0,0,7,12,84.380077342,107.21851707,41.367039868,80.843629323,0.1654454,282,0.07003133,"Anchor"
"50","Anchor",1998,13.6904265571184,11.6586616927084,13.6904265571184,11.1576612882545,0,0,1540.50035025711,0,0,2,9,84.633023416,98.334277503,59.824578964,78.540607194,0.09650271,353,0.09815478,"Anchor"
"51","Anchor",1999,14.2469534547611,12.2593573917514,14.2469534547611,11.3904939699214,0,0,1559.70052822578,0,0,1,9,91.34702504,118.22740615,46.519006109,84.13066998,0.104848,281,0.05114833,"Anchor"
"52","Anchor",2000,13.7301784783785,11.6277435317283,13.7301784783785,11.0327266785796,0,0,1519.6305915955,0,0,1,8,77.251830007,115.55070782,34.345978274,59.179628283,0.1390637,394,0.03793534,"Anchor"
"53","Anchor",2001,14.1276976909805,12.7717154879938,14.1276976909805,12.1202256673407,0,0,1642.0665090769,0,0,4,11,53.875471629,46.544650627,38.345300194,89.100491638,0.06725179,306,0.03745358,"Anchor"
"54","Anchor",2002,13.6506746358582,12.4139481966521,13.6506746358582,11.7028304941086,0,0,1656.53620841562,0,0,3,10,107.01303764,129.80390224,40.992780841,83.233690385,0.09771987,312,0.09781738,"Anchor"
"55","Anchor",2003,15.5985187776077,13.3017411047964,15.5985187776077,12.3161458506945,2,0,1719.98027474689,0,0,5,10,77.514414076,80.249286194,49.074634711,75.272303799,0.09410072,367,0.05932478,"Anchor"
"56","Anchor",2004,15.9562860689494,14.2602040951811,15.9562860689494,13.2815496527278,2,0,1817.65074528318,0,0,8,9,94.778012377,167.71745831,25.746134392,36.818469577,0.1192353,267,0.07007145,"Anchor"
"57","Anchor",2005,14.9624880374446,13.8759355229993,14.9624880374446,13.2020458102074,0,0,1900.01672613431,0,0,7,12,79.282953332,162.81895787,32.878017691,51.111893914,0.1168613,736,0.03758927,"Anchor"
"58","Anchor",2006,12.9351400531747,11.769083696209,12.9351400531747,11.3195083962425,0,0,1618.13585247827,0,0,0,9,75.562634808,127.34438087,54.881697189,127.34438087,0.2209911,385,0.07401093,"Anchor"
"59","Anchor",2007,13.4916669508174,12.2902755527315,13.4916669508174,11.3422237798197,0,0,1588.36166345438,0,0,1,11,97.516630408,143.73536333,30.178516468,39.531514886,0.1068899,307,0.04515138,"Anchor"
"60","Anchor",2008,12.5773727618329,11.4819864871075,12.5773727618329,10.5954555447175,0,0,1484.01287014637,0,0,0,11,68.931066981,104.6946549,38.561676914,61.296141868,0.06689799,523,0.03411471,"Anchor"
"61","Anchor",2009,13.4916669508174,12.1268509875507,13.4916669508174,11.1746978259375,0,0,1569.71801238335,0,0,3,11,66.822045043,78.679482157,33.878517396,57.592204902,0.08764106,536,0.04194698,"Anchor"
"62","Anchor",2010,12.8953881319145,11.2125567985662,12.8953881319145,10.6692805413436,0,0,1472.04754184705,0,0,0,9,71.561026346,83.19542235,48.226534656,79.579480339,0.09799372,301,0.1062616,"Anchor"
"63","Chuitna",1980,14.7084045014402,12.3864705978212,14.7084045014402,11.7408308133965,0,0,1561.4713349622,0,0,4,9,154.42083389,179.67496932,145.7736702,166.13591826,0.1985549,658,0.05356676,"Chuitna"
"64","Chuitna",1981,14.5425520797531,12.7319964763359,14.5425520797531,12.2828128342667,0,0,1671.47295364615,0,0,4,9,198.10672222,254.58381498,153.84049652,254.58381498,0.1209975,380,0.07345195,"Chuitna"
"65","Chuitna",1982,13.132806495413,12.2759023166964,13.132806495413,11.6430963506166,0,0,1516.19362384163,0,0,2,9,200.69270398,352.90205769,94.369068652,117.4678881,0.1335746,543,0.04145163,"Chuitna"
"66","Chuitna",1983,15.4132772936103,13.3078729405271,15.4132772936103,12.9965705775986,2,0,1688.8874579233,0,0,6,9,177.28132004,204.61544532,90.688592662,204.61544532,0.1000277,497,0.07139947,"Chuitna"
"67","Chuitna",1984,16.3254656128892,14.0910649318272,16.3254656128892,13.8850656937794,7,0,1891.47619101406,1,0,7,9,116.99958952,200.53821572,105.17206181,200.53821572,0.1644919,497,0.04350167,"Chuitna"
"68","Chuitna",1985,14.9571831339708,13.0038101674341,14.9571831339708,11.9688778932162,0,0,1575.40293838391,0,0,5,10,169.94671196,303.88244887,108.69593803,184.13199012,0.1490716,641,0.0805827,"Chuitna"
"69","Chuitna",1986,15.2059617665015,12.6490702654924,15.2059617665015,12.3153909885267,1,0,1649.12433982382,0,0,4,9,229.03650971,249.27094146,104.06410212,189.74138987,0.1853568,277,0.06017491,"Chuitna"
"70","Chuitna",1987,16.0766869803586,13.2433747765377,16.0766869803586,12.1406536156778,1,0,1641.86829637501,1,0,5,10,174.0954,231.24019239,82.326902638,105.59852606,0.1128271,398,0.03239102,"Chuitna"
"71","Chuitna",1988,15.3303510827668,13.4230482333654,15.3303510827668,12.8425647574606,1,0,1731.84323514025,0,0,7,9,155.94458513,194.6504433,104.57004394,194.6504433,0.08222212,339,0.03507498,"Chuitna"
"72","Chuitna",1989,15.9108345586715,14.3444505760714,15.9108345586715,13.5237443465325,5,0,1825.59131649887,0,0,7,10,224.04626511,279.6999505,134.73448668,215.78256818,0.06941555,364,0.04572295,"Chuitna"
"73","Chuitna",1990,15.4962035044538,13.8146442290154,15.4962035044538,13.6214788093124,2,0,1819.49624000187,0,0,7,10,203.65834089,383.89190459,93.015645435,151.63202115,0.1907375,409,0.06522832,"Chuitna"
"74","Chuitna",1991,14.210847236379,12.8655998160283,15.4547403990321,12.549361369121,1,0,1732.42371861615,0,0,4,11,156.97120716,198.98718975,94.051767757,163.62066368,0.05548937,320,0.04706177,"Chuitna"
"75","Chuitna",1992,15.0815724502361,13.524402491063,15.0815724502361,13.1594613488984,1,0,1559.43964279653,0,0,6,9,167.56231662,220.23402003,89.916808854,161.57275478,0.06376169,279,0.04327197,"Chuitna"
"76","Chuitna",1993,17.2376539321681,14.9111130168355,17.2376539321681,14.2700802441244,5,0,1903.37610227011,4,0,7,10,258.62291825,373.91796319,102.54703524,238.17403265,0.1010461,298,0.06967734,"Chuitna"
"77","Chuitna",1994,16.0352238749368,14.1002789552543,16.0352238749368,13.6244404596997,3,0,1802.66221920063,1,0,8,10,157.06008095,247.8308805,79.489492565,103.11045562,0.1317976,345,0.04144294,"Chuitna"
"78","Chuitna",1995,15.4132772936103,14.0311737795513,15.4132772936103,13.3401220225218,2,0,1898.73223446287,0,0,8,12,123.76059451,213.34280264,119.75812074,149.68404677,0.08230542,352,0.04564257,"Chuitna"
"79","Chuitna",1996,16.2840025074675,13.897570439859,16.2840025074675,13.4911661922726,3,0,1783.79650623373,1,0,7,10,136.60442525,167.39717311,88.532248318,167.39717311,0.06763054,207,0.06641604,"Chuitna"
"80","Chuitna",1997,16.8644859833722,14.4596258689096,16.8644859833722,13.8821040433921,4,0,1849.10089727301,3,0,7,11,154.37855866,205.84489377,99.617195775,205.84489377,0.1654454,282,0.07003133,"Chuitna"
"81","Chuitna",1998,14.4596258689096,12.2298321995611,15.1644986610797,12.1347303149033,1,0,1639.54636247139,0,0,3,8,141.28887089,215.83466109,142.13867211,215.83466109,0.09650271,353,0.09815478,"Chuitna"
"82","Chuitna",1999,16.5327811399981,13.5013674324954,16.5327811399981,12.8484880582352,2,0,1706.59220393839,1,0,5,9,174.69549811,219.55930181,119.90545589,207.3266716,0.104848,281,0.05114833,"Chuitna"
"83","Chuitna",2000,14.4596258689096,12.4555757735241,14.9571831339708,12.1998866234232,0,0,1594.55889308877,0,0,4,8,159.20711621,209.96561581,88.84997651,130.35170466,0.1390637,394,0.03793534,"Chuitna"
"84","Chuitna",2001,14.9986462393926,13.6764338776095,15.6205928207191,13.6362870612487,1,0,1773.05756192949,0,0,6,10,99.460850457,94.4368894,87.254879296,205.33435684,0.06725179,306,0.03745358,"Chuitna"
"85","Chuitna",2002,16.366928718311,13.9252125101401,16.366928718311,13.0143404799222,3,0,1763.18934283911,1,0,5,10,210.10775167,277.87050839,92.550004592,189.05697229,0.09771987,312,0.09781738,"Chuitna"
"86","Chuitna",2003,18.1498422514471,14.9295410636897,18.1498422514471,14.0183399612065,4,1,1880.73724670982,4,0,6,10,180.52734391,227.09995538,109.18025094,158.34093664,0.09410072,367,0.05932478,"Chuitna"
"87","Chuitna",2004,17.8596005134947,15.7818382306927,17.8596005134947,14.7735608099602,9,0,1894.95909186949,4,0,8,9,216.62628392,381.5194999,69.03417323,86.572660526,0.1192353,267,0.07007145,"Chuitna"
"88","Chuitna",2005,17.1547277213246,14.6254782905967,17.1547277213246,14.0272249123683,5,0,1953.00743945997,2,0,7,12,184.39317668,372.17122078,80.618428052,148.06983215,0.1168613,736,0.03758927,"Chuitna"
"89","Chuitna",2006,15.288887977345,12.8886348745959,15.288887977345,12.4782817598265,1,0,1723.71646647758,0,0,5,10,184.4409307,328.75875831,139.23665206,328.75875831,0.2209911,385,0.07401093,"Chuitna"
"90","Chuitna",2007,15.0815724502361,13.8883564164319,15.0815724502361,12.9758390248877,1,0,1763.47958457706,0,0,7,10,188.09569617,304.98175593,86.357980639,129.31059249,0.1068899,307,0.04515138,"Chuitna"
"91","Chuitna",2008,13.7132899713178,12.4233266915294,13.7132899713178,11.5809016924839,0,0,1544.63731416096,0,0,2,10,139.69428839,206.76174313,81.72764652,123.24437098,0.06689799,523,0.03411471,"Chuitna"
"92","Chuitna",2009,15.6620559261409,13.6073287019066,15.6620559261409,12.7714851481661,1,0,1744.3236298722,0,0,6,11,136.9495134,134.09921569,77.15387105,134.09921569,0.08764106,536,0.04194698,"Chuitna"
"93","Chuitna",2010,14.1279210255355,12.9577400502989,14.4596258689096,12.6530191326754,0,0,1725.16767516734,0,0,5,10,152.41596347,230.43878146,111.13505934,171.24617813,0.09799372,301,0.1062616,"Chuitna"
"94","Crooked",1980,12.2903580514184,10.7163841290798,12.2903580514184,10.2524926159206,0,0,1456.07062376869,0,0,0,6,68.215824467,72.257135039,55.74253612,65.340242398,0.1985549,658,0.05356676,"Crooked"
"95","Crooked",1981,12.4227483813347,11.0657474996923,12.4227483813347,10.3848829458369,0,0,1436.37756219364,0,0,0,8,76.464728872,99.063446191,60.39603616,99.063446191,0.1209975,380,0.07345195,"Crooked"
"96","Crooked",1982,11.0988450821714,10.3890858134533,11.0988450821714,9.78203412211078,0,0,1316.59741120184,0,0,0,8,70.333035026,134.05562388,32.034006605,41.445643844,0.1335746,543,0.04145163,"Crooked"
"97","Crooked",1983,13.9783347578516,12.4742335096355,13.9783347578516,12.1863370779127,0,0,1669.68242108869,0,0,3,9,73.283189373,90.800410617,32.40260202,66.167821289,0.1000277,497,0.07139947,"Crooked"
"98","Crooked",1984,12.7868217886046,10.7274166565728,12.7868217886046,10.1768409988255,0,0,1419.69638062418,0,0,0,8,51.918029591,82.546444838,39.828969943,82.546444838,0.1644919,497,0.04350167,"Crooked"
"99","Crooked",1985,11.9262846441485,10.1095951169633,11.9262846441485,9.37540668022491,0,0,1266.09050033876,0,0,0,4,56.389258561,96.586170075,45.279567791,68.332949572,0.1490716,641,0.0805827,"Crooked"
"100","Crooked",1986,11.2643329945668,9.89262207626709,11.2643329945668,9.51725346227812,0,0,1293.89246962119,0,0,0,3,87.857013046,94.37121237,41.296645389,74.75128305,0.1853568,277,0.06017491,"Crooked"
"101","Crooked",1987,13.0185048659582,10.9590997339264,13.0185048659582,10.3659700415632,0,0,1425.25677448067,0,0,1,7,74.283847542,100.50985101,29.770579636,35.02698727,0.1128271,398,0.03239102,"Crooked"
"102","Crooked",1988,12.2572604689393,11.4004008336475,12.2572604689393,10.8293361962703,0,0,1494.99338076409,0,0,0,9,61.657460547,81.775571787,39.480043059,81.775571787,0.08222212,339,0.03507498,"Crooked"
"103","Crooked",1989,12.5882362937301,11.7240216401096,12.5882362937301,11.2326538799083,0,0,1544.17111834771,0,0,0,10,82.2130039,108.87758413,49.7289998,77.916977415,0.06941555,364,0.04572295,"Crooked"
"104","Crooked",1990,12.1910653039811,11.3820132878258,12.1910653039811,10.9522700740498,0,0,1529.28247621242,0,0,0,9,75.871059588,144.2153503,38.658432177,59.454242439,0.1907375,409,0.06522832,"Crooked"
"105","Crooked",1991,11.6615039843158,10.4914431518608,11.6615039843158,10.117344154131,0,0,1468.07952994485,0,0,0,7,61.358685293,85.524002853,39.714615549,61.831762132,0.05548937,320,0.04706177,"Crooked"
"106","Crooked",1992,12.1910653039811,11.405917097394,12.1910653039811,10.8683440613349,0,0,1349.5736358785,0,0,0,8,59.69410069,81.178093443,35.166359895,68.784719795,0.06376169,279,0.04327197,"Crooked"
"107","Crooked",1993,13.7797492629771,12.0218998824214,13.7797492629771,11.3257999334565,0,0,1570.73830152022,0,0,2,10,87.369947446,120.85265734,37.402180423,88.611361267,0.1010461,298,0.06967734,"Crooked"
"108","Crooked",1994,12.9854072834791,11.3869166333782,12.9854072834791,10.9341452074541,0,0,1502.02110077715,0,0,0,8,58.583732751,77.67324676,29.20400396,32.156394643,0.1317976,345,0.04144294,"Crooked"
"109","Crooked",1995,12.3565532163765,11.6290193200308,12.3565532163765,11.0661415185314,0,0,1626.39629946979,0,0,0,12,54.385648691,95.228310166,48.362182666,68.767304366,0.08230542,352,0.04564257,"Crooked"
"110","Crooked",1996,12.0255773915857,11.0326499172133,12.0255773915857,10.578740214643,0,0,1443.79142066895,0,0,0,8,50.197884043,72.246585919,30.034519183,54.822549249,0.06763054,207,0.06641604,"Crooked"
"111","Crooked",1997,13.9452371753725,12.404360835513,13.9452371753725,11.8175354445743,0,0,1629.36956562916,0,0,4,10,67.851939305,84.434048647,38.920661926,78.657578341,0.1654454,282,0.07003133,"Crooked"
"112","Crooked",1998,12.0917725565439,10.8377419315031,12.0917725565439,10.5527349712666,0,0,1457.69240531017,0,0,0,7,62.491787224,76.774075113,52.645140775,74.597277161,0.09650271,353,0.09815478,"Crooked"
"113","Crooked",1999,13.2832855257909,11.3856907969901,13.2832855257909,10.7276793357989,0,0,1451.43696222162,0,0,1,8,74.693978522,97.809903479,43.286365145,79.620993839,0.104848,281,0.05114833,"Crooked"
"114","Crooked",2000,11.8269918967112,10.4037958501107,11.8269918967112,10.0255377646355,0,0,1364.78749129138,0,0,0,7,60.289891334,82.337700352,31.985200846,56.961169516,0.1390637,394,0.03793534,"Crooked"
"115","Crooked",2001,12.6544314586883,11.4886610535917,12.6544314586883,11.1035733082399,0,0,1491.74981768114,0,0,0,8,40.266097828,38.464441773,35.860694569,90.068147696,0.06725179,306,0.03745358,"Crooked"
"116","Crooked",2002,12.3896507988556,11.201815338773,12.3896507988556,10.6472994926354,0,0,1496.61516230557,0,0,0,9,87.521919299,110.74828076,36.742774332,77.126634197,0.09771987,312,0.09781738,"Crooked"
"117","Crooked",2003,13.746651680498,12.3491981980479,13.746651680498,11.5834882541866,0,0,1585.11809785463,0,0,4,9,64.85835927,65.666849149,41.514333543,65.666849149,0.09410072,367,0.05932478,"Crooked"
"118","Crooked",2004,14.3755057476006,13.0663124850946,14.3755057476006,12.3281838599659,0,0,1643.50223334773,0,0,6,9,78.022626646,147.25256231,22.401293117,29.980122913,0.1192353,267,0.07007145,"Crooked"
"119","Crooked",2005,13.349480690749,12.1101601023656,13.349480690749,11.2265071860193,0,0,1635.62500871771,0,0,2,10,66.3486488,138.05019665,28.867572797,49.61834311,0.1168613,736,0.03758927,"Crooked"
"120","Crooked",2006,13.2170903608327,11.6835690393019,13.2170903608327,11.40617977662,0,0,1632.14976255741,0,0,1,9,65.033832331,120.62827743,50.601431051,120.62827743,0.2209911,385,0.07401093,"Crooked"
"121","Crooked",2007,12.952309701,12.3639082347052,12.952309701,11.6756886625211,0,0,1622.65075638591,0,0,0,10,76.600208453,107.61474434,27.839911941,38.709875897,0.1068899,307,0.04515138,"Crooked"
"122","Crooked",2008,12.522041128772,11.4408534344553,12.522041128772,10.6307507013958,0,0,1498.70031000175,0,0,0,11,56.060758141,89.237976026,34.367870076,59.012703598,0.06689799,523,0.03411471,"Crooked"
"123","Crooked",2009,13.0185048659582,12.1138376115299,13.0185048659582,11.3683539680725,0,0,1626.82105177828,0,0,1,11,54.412635317,57.899431824,30.120765601,54.412606962,0.08764106,536,0.04194698,"Crooked"
"124","Crooked",2010,13.4818710206653,12.2793255239253,13.4818710206653,11.9097358529089,0,0,1697.02102421641,0,0,2,12,58.731514171,71.547564999,44.040373905,75.027534874,0.09799372,301,0.1062616,"Crooked"
"125","Deep",1980,13.1313744731848,11.2906357817134,13.1313744731848,10.6489497006026,0,0,1498.07905938092,0,0,1,8,82.502046525,82.0182431,60.350084827,68.951926235,0.1985549,658,0.05356676,"Deep"
"126","Deep",1981,14.3468622504335,12.6161677198653,14.3468622504335,11.5621733216044,0,0,1592.93212407215,0,0,3,10,90.306184936,104.35452983,64.428267335,104.11705899,0.1209975,380,0.07345195,"Deep"
"127","Deep",1982,13.4014828681289,11.5807522059127,13.4014828681289,10.6843210380358,0,0,1438.8352847565,0,0,1,9,81.836008507,152.277503,34.031526505,41.783833728,0.1335746,543,0.04145163,"Deep"
"128","Deep",1983,14.2568261187855,12.7012018441996,14.2568261187855,12.0959589592321,0,0,1633.89856397202,0,0,4,9,89.964737527,131.45905463,35.208251324,67.455831093,0.1000277,497,0.07139947,"Deep"
"129","Deep",1984,14.8870790403219,12.9312941806335,14.8870790403219,12.1216835682744,0,0,1675.18013033265,0,0,6,9,60.083848518,87.735404272,42.752113262,87.735404272,0.1644919,497,0.04350167,"Deep"
"130","Deep",1985,13.446500933953,11.5407361474024,13.446500933953,10.3113142069224,0,0,1373.60410737749,0,0,1,8,65.266622102,107.03358624,49.846768603,71.608502512,0.1490716,641,0.0805827,"Deep"
"131","Deep",1986,13.1313744731848,11.665786330247,13.1313744731848,11.044465564628,0,0,1479.17147173483,0,0,2,9,104.84286537,106.7315758,45.081453691,80.148160687,0.1853568,277,0.06017491,"Deep"
"132","Deep",1987,15.112169369442,12.9913182683989,15.112169369442,11.8483595972,1,0,1572.44890412222,0,0,5,10,91.867078708,116.84732389,32.58545208,36.043543096,0.1128271,398,0.03239102,"Deep"
"133","Deep",1988,14.5269345137296,12.8412580489855,14.5269345137296,11.9673359140206,0,0,1594.50775637599,0,0,4,9,73.145096454,87.814348642,43.562181654,87.814348642,0.08222212,339,0.03507498,"Deep"
"134","Deep",1989,16.5527474758109,13.6415792191904,16.5527474758109,12.3692829303066,1,0,1712.04992624253,1,0,7,11,96.596470642,124.38886808,53.674686526,82.084641132,0.06941555,364,0.04572295,"Deep"
"135","Deep",1990,14.2118080529614,13.0013222830265,14.2118080529614,12.3242648644825,0,0,1705.74739702716,0,0,5,10,88.606667355,157.40651513,43.772524181,65.511693172,0.1907375,409,0.06522832,"Deep"
"136","Deep",1991,13.1763925390088,12.1359750177424,13.1763925390088,11.3402985686145,0,0,1601.75566497366,0,0,2,11,72.718084094,97.76484814,43.690557286,64.642189146,0.05548937,320,0.04706177,"Deep"
"137","Deep",1992,13.8516635263692,12.9012821367508,13.8516635263692,12.3564206257854,0,0,1521.71354393854,0,0,6,9,70.739147695,107.34985219,38.666961817,74.932501903,0.06376169,279,0.04327197,"Deep"
"138","Deep",1993,15.7874403568024,13.8416595117416,15.7874403568024,12.809816860156,3,0,1780.11724176846,0,0,6,11,101.70933134,133.51995633,40.248488671,93.413898401,0.1010461,298,0.06967734,"Deep"
"139","Deep",1994,15.5173319618582,13.0413383415367,15.5173319618582,12.3339115928734,2,0,1677.38601555803,0,0,5,9,72.357722232,100.55208291,32.961518107,37.745607918,0.1317976,345,0.04144294,"Deep"
"140","Deep",1995,14.0317357896653,12.5611456394137,14.0317357896653,11.8965932391543,0,0,1734.42390495707,0,0,3,12,63.904431654,108.86977277,53.210894541,75.830834252,0.08230542,352,0.04564257,"Deep"
"141","Deep",1996,14.3918803162575,12.6361757491205,14.3918803162575,11.7518923132913,0,0,1565.51612198532,0,0,2,10,58.111357358,84.545688843,31.896482397,56.880579524,0.06763054,207,0.06641604,"Deep"
"142","Deep",1997,15.4723138960342,14.1918000237063,15.4723138960342,13.1860392673996,3,0,1839.67614285365,0,0,7,12,81.654539128,100.83921394,41.745969746,81.513916712,0.1654454,282,0.07003133,"Deep"
"143","Deep",1998,14.0767538554893,11.7758304911501,14.0767538554893,11.2084599472727,0,0,1514.78076180164,0,0,2,8,77.914612486,91.894135445,57.959924243,77.899523511,0.09650271,353,0.09815478,"Deep"
"144","Deep",1999,14.7070067770257,12.4561034858243,14.7070067770257,11.4721371899563,0,0,1536.52448759464,0,0,2,9,88.68589681,113.6929086,46.181669677,83.514472439,0.104848,281,0.05114833,"Deep"
"145","Deep",2000,14.1217719213134,11.7408164399537,14.1217719213134,11.06697459754,0,0,1491.14627724402,0,0,2,7,74.722455517,112.56468215,33.905097296,59.528269236,0.1390637,394,0.03793534,"Deep"
"146","Deep",2001,14.5719525795537,13.036336334223,14.5719525795537,12.2985402554403,0,0,1629.80191998203,0,0,5,11,50.190978489,44.714134745,38.242732005,91.848776981,0.06725179,306,0.03745358,"Deep"
"147","Deep",2002,14.0317357896653,12.6311737418067,14.0317357896653,11.8258505642879,0,0,1646.18849594198,0,0,3,10,104.21721818,126.78470312,39.603628045,81.885637103,0.09771987,312,0.09781738,"Deep"
"148","Deep",2003,16.2376210150427,13.6365772118766,16.2376210150427,12.5204150084301,3,0,1718.03732899712,1,0,6,10,76.703487985,81.484050048,46.635050255,71.64575975,0.09410072,367,0.05932478,"Deep"
"149","Deep",2004,16.642783607459,14.7220127989671,16.642783607459,13.6137108927279,4,0,1828.64671672676,1,0,8,9,93.163742802,165.40759968,24.876888018,36.900669935,0.1192353,267,0.07007145,"Deep"
"150","Deep",2005,15.5173319618582,14.2868381626681,15.5173319618582,13.5236747610799,4,0,1921.92414911415,0,0,8,12,77.45436487,158.22432923,31.394401912,50.938746369,0.1168613,736,0.03758927,"Deep"
"151","Deep",2006,13.2214106048328,11.9008806739946,13.2214106048328,11.3917477866991,0,0,1602.70104435596,0,0,2,9,73.538135274,126.09381793,53.608862499,126.09381793,0.2209911,385,0.07401093,"Deep"
"152","Deep",2007,13.8516635263692,12.4911175370208,13.8516635263692,11.4174723957414,0,0,1568.98251305377,0,0,3,10,94.57111787,140.66187428,29.599271604,39.80113597,0.1068899,307,0.04515138,"Deep"
"153","Deep",2008,12.8162480124166,11.5757501985989,12.8162480124166,10.5717758734757,0,0,1450.81009026569,0,0,0,11,67.067311431,102.19883158,37.642734856,61.636371827,0.06689799,523,0.03411471,"Deep"
"154","Deep",2009,13.8516635263692,12.3060432664109,13.8516635263692,11.2277534040544,0,0,1547.8690401823,0,0,3,11,65.52930247,78.081840676,32.993180486,57.168134562,0.08764106,536,0.04194698,"Deep"
"155","Deep",2010,13.1763925390088,11.2706277524583,13.1763925390088,10.6553808528632,0,0,1437.25965245266,0,0,1,9,70.829722756,89.232562182,47.060765096,79.266869301,0.09799372,301,0.1062616,"Deep"
"156","Deshka",1980,18.1101359697609,14.5624187275379,18.1101359697609,13.9543025401887,5,1,1899.66656771728,2,0,6,9,80.422878408,101.60229418,105.49782763,140.58272315,0.1985549,658,0.05356676,"Deshka"
"157","Deshka",1981,16.0566653339723,14.3074125701524,16.1774577243128,14.0492108468848,5,0,1940.81650869328,2,0,8,11,112.46142963,159.30863018,117.99845585,180.74689205,0.1209975,380,0.07345195,"Deshka"
"158","Deshka",1982,15.6540240328373,14.7368966246964,15.8150805532913,13.9916906610084,6,0,1838.78720298566,0,0,8,10,114.0387117,197.15694805,77.761648458,119.90843872,0.1335746,543,0.04145163,"Deshka"
"159","Deshka",1983,17.1840609771504,14.5713663120075,17.6269664083989,14.658924817175,7,0,1923.9055740456,5,0,6,9,98.132701461,141.11963025,66.660769838,141.11963025,0.1000277,497,0.07139947,"Deshka"
"160","Deshka",1984,17.0632685868099,14.7145276635222,17.0632685868099,14.3741998970867,8,0,1996.62259303059,6,0,7,10,63.989547073,122.80831289,75.914129429,122.80831289,0.1644919,497,0.04350167,"Deshka"
"161","Deshka",1985,17.5061740180584,14.9292696907942,17.5061740180584,14.0003186888899,6,0,1817.93038358686,5,0,6,10,105.74702429,201.34800968,74.162975613,114.45072024,0.1490716,641,0.0805827,"Deshka"
"162","Deshka",1986,16.8216838061288,14.0121422826533,17.2645892373774,14.207391358045,5,0,1937.43432176374,5,0,5,11,132.04796648,137.56157435,79.50305785,136.22080701,0.1853568,277,0.06017491,"Deshka"
"163","Deshka",1987,18.67383379135,15.2290137705281,18.67383379135,14.4576041666075,6,1,1951.24491839267,1,0,8,10,88.572620689,121.77892516,65.16592803,106.71615807,0.1128271,398,0.03239102,"Deshka"
"164","Deshka",1988,18.7946261816905,16.0298225805633,18.7946261816905,15.4498273729759,8,2,2083.1502086445,5,0,8,11,89.696088034,115.76316155,73.153511501,115.76316155,0.08222212,339,0.03507498,"Deshka"
"165","Deshka",1989,18.5530414010095,16.146141178669,18.5530414010095,15.5073475588524,9,2,2097.24265418423,7,0,9,11,129.74670198,153.27705381,99.364822835,143.46133366,0.06941555,364,0.04572295,"Deshka"
"166","Deshka",1990,20.1636066055496,16.2579859845398,20.1636066055496,16.3902824120556,10,3,2155.3035298079,8,0,8,11,118.60175615,226.08558301,69.84044916,104.27510887,0.1907375,409,0.06522832,"Deshka"
"167","Deshka",1991,17.1035327169234,14.7950559237492,19.076475092485,14.9637818023201,5,2,2028.75336886116,4,0,8,11,84.535947773,104.23750466,64.165420173,106.84457018,0.05548937,320,0.04706177,"Deshka"
"168","Deshka",1992,18.0698718396474,15.1082213801876,18.0698718396474,14.949401755851,7,1,1771.70716221656,5,0,8,9,98.404324507,122.85116553,63.528415731,91.029227316,0.06376169,279,0.04327197,"Deshka"
"169","Deshka",1993,19.398588133393,16.3429880370017,19.398588133393,16.045161296797,8,3,2127.96418546083,7,0,8,10,161.00236848,248.13827742,73.649758003,155.58226122,0.1010461,298,0.06967734,"Deshka"
"170","Deshka",1994,18.7140979214635,15.9358729436318,18.7140979214635,15.4498273729759,8,2,2066.52112290763,6,0,7,10,85.532813973,130.62764666,59.888963903,85.447579947,0.1317976,345,0.04144294,"Deshka"
"171","Deshka",1995,17.7074946686259,15.6942881629508,17.7074946686259,15.1334663506556,8,0,2129.71633699481,4,0,10,13,69.644189179,117.7949971,87.892159751,126.34525456,0.08230542,352,0.04564257,"Deshka"
"172","Deshka",1996,18.995946832258,15.1887496404146,18.995946832258,14.9580297837324,5,1,2009.02394510555,4,0,8,10,81.330170473,116.06203834,69.056848889,116.06203834,0.06763054,207,0.06641604,"Deshka"
"173","Deshka",1997,20.7273044271386,16.92458102753,21.2104739885006,16.6376192113243,10,3,2237.6034117599,8,1,11,12,83.885995135,135.59797627,70.131519133,135.59797627,0.1654454,282,0.07003133,"Deshka"
"174","Deshka",1998,16.5398348953343,14.1239870885242,18.2711924902149,14.1412431442871,5,1,1899.94841662807,2,0,6,11,76.872128872,139.38334049,104.12573926,139.38334049,0.09650271,353,0.09815478,"Deshka"
"175","Deshka",1999,20.042814215209,15.5466530192013,20.042814215209,15.2427547038208,9,1,2047.6372458844,6,0,7,12,93.918433876,129.22174484,92.241711615,129.22174484,0.104848,281,0.05114833,"Deshka"
"176","Deshka",2000,17.1035327169234,14.423731168258,18.0698718396474,14.5122483431901,4,1,1895.15698514456,3,0,7,10,90.553893978,126.61910652,67.15786621,107.80590819,0.1390637,394,0.03793534,"Deshka"
"177","Deshka",2001,17.9893435794204,15.9671894892756,18.7946261816905,16.0336572596217,10,2,2109.64400625919,8,0,9,12,54.081497674,63.148057676,71.786065201,185.66597895,0.06725179,306,0.03745358,"Deshka"
"178","Deshka",2002,20.6870402970251,16.6606272856748,20.6870402970251,16.3385142447668,9,3,2246.34072799453,9,0,10,12,115.33160703,156.1621014,69.108295524,123.12409819,0.09771987,312,0.09781738,"Deshka"
"179","Deshka",2003,21.7741718100896,18.0117125405946,21.7741718100896,17.5867022782854,13,6,2404.45796695025,10,1,10,12,103.77500319,129.48071905,80.060566269,106.82377903,0.09410072,367,0.05932478,"Deshka"
"180","Deshka",2004,20.6870402970251,18.2264545678666,20.6870402970251,17.6442224641618,12,7,2289.46361134609,10,0,9,10,122.66180054,201.30123472,51.452933936,63.163645015,0.1192353,267,0.07007145,"Deshka"
"181","Deshka",2005,19.318059873166,16.870895520712,19.318059873166,16.6836353600254,11,5,2318.21220024713,10,0,8,13,106.75346977,221.21949453,55.308827848,93.894826602,0.1168613,736,0.03758927,"Deshka"
"182","Deshka",2006,17.2243251072639,15.0724310423089,17.2243251072639,14.5956526127109,7,0,2052.7105262787,4,0,8,12,110.26170022,210.95845867,98.72227006,210.95845867,0.2209911,385,0.07401093,"Deshka"
"183","Deshka",2007,18.0698718396474,15.9671894892756,18.0698718396474,15.6655280700126,9,1,2138.67444407103,5,0,10,11,99.386473618,179.05810833,67.95691127,103.63706381,0.1068899,307,0.04515138,"Deshka"
"184","Deshka",2008,16.3385142447668,14.4282049604929,16.3385142447668,13.9370464844258,2,0,1896.28438078774,1,0,10,11,77.370189858,106.90471683,62.132189835,102.81873465,0.06689799,523,0.03411471,"Deshka"
"185","Deshka",2009,20.5662479066846,16.0790342951465,20.5662479066846,15.3750511313366,7,2,2112.18064645634,4,0,10,11,72.484117417,86.685580693,53.628811231,86.685580693,0.08764106,536,0.04194698,"Deshka"
"186","Deshka",2010,17.5867022782854,15.1037475879527,17.5867022782854,14.7423290866958,8,0,2069.90330983716,1,0,9,11,86.5385376,131.84580292,82.068059473,124.53466725,0.09799372,301,0.1062616,"Deshka"
"187","EF Chulitna",1980,9.66479886433338,7.68812120240655,9.66479886433338,7.34929778404528,0,0,989.912633313395,0,0,0,0,77.459882601,120.18724746,98.466501501,124.67887545,0.1985549,658,0.05356676,"Chulitna"
"188","EF Chulitna",1981,8.52066891877926,7.54603970589982,8.58797068028244,7.40217773951206,0,0,1012.84010006548,0,0,0,0,96.57275786,178.77790225,128.32077396,199.25113252,0.1209975,380,0.07345195,"Chulitna"
"189","EF Chulitna",1982,8.29632971376865,7.78533485791114,8.38606539577289,7.37012928165341,0,0,955.99254551579,0,0,0,0,89.022184989,150.25257477,88.596623766,146.00801137,0.1335746,543,0.04145163,"Chulitna"
"190","EF Chulitna",1983,9.14881869280897,7.69310651807345,9.39559181832065,7.74189139281385,0,0,1003.41785345503,0,0,0,0,95.505060347,198.76698071,81.300316127,198.76698071,0.1000277,497,0.07139947,"Chulitna"
"191","EF Chulitna",1984,9.08151693130579,7.77287156874389,9.08151693130579,7.58325152641349,0,0,1043.93351387995,0,0,0,0,66.781370968,153.43878734,87.719160043,153.43878734,0.1644919,497,0.04350167,"Chulitna"
"192","EF Chulitna",1985,9.32829005681746,7.89251914474955,9.32829005681746,7.37493655033221,0,0,944.371774696241,0,0,0,0,113.04250339,224.79171603,78.859936365,131.35306618,0.1490716,641,0.0805827,"Chulitna"
"193","EF Chulitna",1986,8.94691340829942,7.38152428889204,9.1936865338111,7.49031099862338,0,0,1010.95565074339,0,0,0,0,109.89462373,175.27070396,100.14894766,175.27070396,0.1853568,277,0.06017491,"Chulitna"
"194","EF Chulitna",1987,9.97887375134824,8.05952721959078,9.97887375134824,7.62972179030854,0,0,1018.65048547525,0,0,0,0,67.853401854,90.967578079,65.549133562,114.14518325,0.1128271,398,0.03239102,"Chulitna"
"195","EF Chulitna",1988,10.0461755128514,8.50571297177855,10.0461755128514,8.18255768837041,0,0,1092.14400903673,0,0,0,1,81.354627368,128.68593847,83.413751876,128.68593847,0.08222212,339,0.03507498,"Chulitna"
"196","EF Chulitna",1989,9.91157198984505,8.57052207544828,9.91157198984505,8.21460614622907,0,0,1099.9958812121,0,0,0,0,107.05184425,162.55866851,103.66478615,162.55866851,0.06941555,364,0.04572295,"Chulitna"
"197","EF Chulitna",1990,10.8089288098875,8.63283852128456,10.8089288098875,8.70654997435948,0,0,1132.34559457463,0,0,0,1,119.36805227,207.01172695,98.279943544,164.27929586,0.1907375,409,0.06522832,"Chulitna"
"198","EF Chulitna",1991,9.10395085180685,7.81773940974601,10.2032129563588,7.91174821946474,0,0,1061.8357824398,0,0,0,0,78.011963119,124.26194726,71.191053656,124.26194726,0.05548937,320,0.04706177,"Chulitna"
"199","EF Chulitna",1992,9.64236494383232,7.99222545808759,9.64236494383232,7.90373610500008,0,0,918.617633961022,0,0,0,0,87.428348117,109.57312335,77.690275009,109.57312335,0.06376169,279,0.04327197,"Chulitna"
"200","EF Chulitna",1993,10.3826843203673,8.68019902012013,10.3826843203673,8.51425922720753,0,0,1117.11296255441,0,0,0,2,150.65773177,254.79418367,84.152620287,197.3212111,0.1010461,298,0.06967734,"Chulitna"
"201","EF Chulitna",1994,10.0013076718493,8.45336715727607,10.0013076718493,8.18255768837041,0,0,1082.87879986979,0,0,0,1,80.592411409,112.44162734,70.01458795,112.44162734,0.1317976,345,0.04144294,"Chulitna"
"202","EF Chulitna",1995,9.44045965932277,8.31876363426971,9.44045965932277,8.00629117014778,0,0,1121.06844474347,0,0,0,0,81.637921589,143.19122679,98.075090935,143.19122679,0.08230542,352,0.04564257,"Chulitna"
"203","EF Chulitna",1996,10.1583451153567,8.03709329908972,10.1583451153567,7.90854337367887,0,0,1050.84316139428,0,0,0,1,84.64261713,154.26340406,82.137770904,154.26340406,0.06763054,207,0.06641604,"Chulitna"
"204","EF Chulitna",1997,11.1230036969024,9.00424453846881,11.3922107429151,8.84435834315172,0,0,1178.2005280788,0,0,0,2,85.019354467,176.3079743,81.218804778,176.3079743,0.1654454,282,0.07003133,"Chulitna"
"205","EF Chulitna",1998,8.78987596479199,7.44384073472832,9.75453454633763,7.45345527208592,0,0,990.069670756902,0,0,0,0,90.48576654,185.1671319,119.85950267,185.1671319,0.09650271,353,0.09815478,"Chulitna"
"206","EF Chulitna",1999,10.7416270483843,8.23650592576582,10.7416270483843,8.06718324007924,0,0,1072.35729115479,0,0,0,1,89.28105505,162.05834151,105.21663434,162.05834151,0.104848,281,0.05114833,"Chulitna"
"207","EF Chulitna",2000,9.10395085180685,7.61084880956956,9.64236494383232,7.66016782527427,0,0,987.400034217276,0,0,0,0,97.303891968,146.39255867,80.507992567,146.39255867,0.1390637,394,0.03793534,"Chulitna"
"208","EF Chulitna",2001,9.5974971028302,8.47081576211024,10.0461755128514,8.5078495356358,0,0,1106.90552872643,0,0,0,0,53.750182076,106.38998805,88.054287357,202.77962659,0.06725179,306,0.03745358,"Chulitna"
"209","EF Chulitna",2002,11.1005697764013,8.85717772629518,11.1005697764013,8.67770636228669,0,0,1183.06868882753,0,0,0,2,104.2978293,181.04679021,92.668552015,181.04679021,0.09771987,312,0.09781738,"Chulitna"
"210","EF Chulitna",2003,11.7062856299299,9.60996039199745,11.7062856299299,9.37315789781958,0,0,1271.1666946352,0,0,0,4,93.160878298,132.9884727,88.427870642,142.63933331,0.09410072,367,0.05932478,"Chulitna"
"211","EF Chulitna",2004,11.1005697764013,9.72960796800312,11.1005697764013,9.40520635567824,0,0,1207.09541768417,0,0,0,4,100.49078109,172.75524355,54.332982694,82.798347024,0.1192353,267,0.07007145,"Chulitna"
"212","EF Chulitna",2005,10.3378164793652,8.97433264446739,10.3378164793652,8.86999710943864,0,0,1223.11323692193,0,0,0,3,99.500510598,209.6088581,67.167489038,100.15322438,0.1168613,736,0.03758927,"Chulitna"
"213","EF Chulitna",2006,9.17125261331003,7.97228419541999,9.17125261331003,7.70663808916933,0,0,1075.18396513793,0,0,0,0,103.20383262,254.69604126,111.74323439,254.69604126,0.2209911,385,0.07401093,"Chulitna"
"214","EF Chulitna",2007,9.64236494383232,8.47081576211024,9.64236494383232,8.30273940534038,0,0,1123.08038540769,0,0,0,0,93.637334117,171.33069248,86.889386048,149.46447517,0.1068899,307,0.04515138,"Chulitna"
"215","EF Chulitna",2008,8.67770636228669,7.61334146740301,8.67770636228669,7.33968324668768,0,0,988.028183991306,0,0,0,0,72.315197914,102.84731935,85.011998375,145.7883887,0.06689799,523,0.03411471,"Chulitna"
"216","EF Chulitna",2009,11.0332680148981,8.53313220794651,11.0332680148981,8.14089469315415,0,0,1108.318865718,0,0,0,2,69.630807211,130.60733903,61.834265429,130.60733903,0.08764106,536,0.04194698,"Chulitna"
"217","EF Chulitna",2010,9.37315789781958,7.98973280025414,9.37315789781958,7.7883616567089,0,0,1084.76324919188,0,0,0,0,83.925322482,124.0213698,91.218120273,145.14908048,0.09799372,301,0.1062616,"Chulitna"
"218","Kenai R",1980,12.0187003920145,10.8506603960889,12.0187003920145,10.5064082878104,0,0,1547.13415437388,0,0,0,7,163.21427787,170.21574562,122.25182573,140.35075603,0.1985549,658,0.05356676,"Kenai.Late"
"219","Kenai R",1981,12.1169467468119,11.1099216101378,12.1169467468119,10.6046546426079,0,0,1532.52000909775,0,0,0,9,191.88575792,225.00608544,131.05517649,225.00608544,0.1209975,380,0.07345195,"Kenai.Late"
"220","Kenai R",1982,11.1344831988371,10.6077735745062,11.1344831988371,10.1572828484408,0,0,1443.63161959474,0,0,0,8,170.67790234,300.46598094,67.02729633,79.900175932,0.1335746,543,0.04145163,"Kenai.Late"
"221","Kenai R",1983,13.2713414156823,12.1551536625665,13.2713414156823,11.9415068275307,0,0,1705.65464783961,0,0,2,9,172.42333068,192.67142731,69.333564935,148.2314747,0.1000277,497,0.07139947,"Kenai.Late"
"222","Kenai R",1984,12.387124222505,10.858847592322,12.387124222505,10.4502675136404,0,0,1520.14096839327,0,0,0,8,119.94361557,171.96758778,84.593161332,169.96347996,0.1644919,497,0.04350167,"Kenai.Late"
"223","Kenai R",1985,11.7485229163214,10.4003646032671,11.7485229163214,9.8555261872771,0,0,1406.1506352395,0,0,0,7,120.72642442,221.22923893,95.418931603,146.14087607,0.1490716,641,0.0805827,"Kenai.Late"
"224","Kenai R",1986,11.257291142334,10.2393497440157,11.257291142334,9.96079013884582,0,0,1426.78236974697,0,0,0,7,208.10428106,204.22893547,83.548069495,156.10232927,0.1853568,277,0.06017491,"Kenai.Late"
"225","Kenai R",1987,12.5590553434006,11.0307787132176,12.5590553434006,10.5906194490654,0,0,1524.26731529477,0,0,0,8,178.6941736,221.64746706,64.070452712,76.850721513,0.1128271,398,0.03239102,"Kenai.Late"
"226","Kenai R",1988,11.9941388033151,11.3582665625425,11.9941388033151,10.9344816908566,0,0,1576.01858268434,0,0,0,9,151.62572303,173.0136052,83.408260397,173.0136052,0.08222212,339,0.03507498,"Kenai.Late"
"227","Kenai R",1989,12.2397546903088,11.5984243187141,12.2397546903088,11.2337821931503,0,0,1592.2266820949,0,0,0,10,198.33498344,254.41273234,110.78694547,160.0030797,0.06941555,364,0.04572295,"Kenai.Late"
"228","Kenai R",1990,11.9450156259163,11.3446212354873,11.9450156259163,11.0257104488828,0,0,1601.46438857689,0,0,0,9,178.42496431,368.15306115,77.175811161,117.88313096,0.1907375,409,0.06522832,"Kenai.Late"
"229","Kenai R",1991,11.5520302067264,10.6837325617802,11.5520302067264,10.4061151339546,0,0,1556.04591747363,0,0,0,10,150.18958898,203.49863969,83.875388736,135.35699606,0.05548937,320,0.04706177,"Kenai.Late"
"230","Kenai R",1992,11.9450156259163,11.3623601606591,11.9450156259163,10.963429277538,0,0,1468.10314913554,0,0,0,9,150.50224173,207.77194137,72.714371034,142.31660476,0.06376169,279,0.04327197,"Kenai.Late"
"231","Kenai R",1993,13.1239718834861,11.8194786170085,13.1239718834861,11.3029055213471,0,0,1632.22859714247,0,0,2,10,210.63748005,278.52851626,82.138886803,191.03756335,0.1010461,298,0.06967734,"Kenai.Late"
"232","Kenai R",1994,12.5344937547012,11.3482599893687,12.5344937547012,11.0122600550712,0,0,1581.23382668484,0,0,0,8,141.20632418,203.68719105,61.272376809,77.809121879,0.1317976,345,0.04144294,"Kenai.Late"
"233","Kenai R",1995,12.0678235694132,11.5279234622622,12.0678235694132,11.1102140100032,0,0,1673.53218341895,0,0,0,12,120.67156061,224.35689952,101.03175865,131.75930615,0.08230542,352,0.04564257,"Kenai.Late"
"234","Kenai R",1996,11.8222076824195,11.0853600214384,11.8222076824195,10.7485153764185,0,0,1538.02180496641,0,0,0,9,122.85202322,157.17075649,62.435391176,115.75646924,0.06763054,207,0.06641604,"Kenai.Late"
"235","Kenai R",1997,13.2467798269829,12.1033014197567,13.2467798269829,11.667820553452,0,0,1675.73863280378,0,0,2,11,160.63222367,184.7185328,90.0540446,178.340605,0.1654454,282,0.07003133,"Kenai.Late"
"236","Kenai R",1998,11.8713308598182,10.9407195546532,11.8713308598182,10.7292169852975,0,0,1548.33767222015,0,0,0,7,125.5591473,155.72380265,112.4211895,155.72380265,0.09650271,353,0.09815478,"Kenai.Late"
"237","Kenai R",1999,12.7555480529955,11.3473503008983,12.7555480529955,10.8590425255656,0,0,1543.69553195597,0,0,0,9,177.42909325,221.17605195,96.859007656,172.37635023,0.104848,281,0.05114833,"Kenai.Late"
"238","Kenai R",2000,11.6748381502233,10.6186898361504,11.6748381502233,10.3379859653004,0,0,1479.39329274102,0,0,0,7,143.68289588,196.00735232,67.349360402,97.975510641,0.1390637,394,0.03793534,"Kenai.Late"
"239","Kenai R",2001,12.2888778677075,11.4237641324075,12.2888778677075,11.1379919972228,0,0,1573.6115469918,0,0,0,9,87.152260193,84.07598758,71.059367779,173.61753527,0.06725179,306,0.03745358,"Kenai.Late"
"240","Kenai R",2002,12.0923851581126,11.2108970303463,12.0923851581126,10.79939295301,0,0,1577.22210053061,0,0,0,9,211.60909954,251.86943319,75.711687898,165.89432175,0.09771987,312,0.09781738,"Kenai.Late"
"241","Kenai R",2003,13.0994102947867,12.0623654385911,13.0994102947867,11.4941350333636,0,0,1642.89978871272,0,0,1,9,167.73586394,190.9240505,83.258011096,131.62527575,0.09410072,367,0.05932478,"Kenai.Late"
"242","Kenai R",2004,13.5660804800748,12.5945331937441,13.5660804800748,12.0467707790995,0,0,1686.22643117841,0,0,3,9,198.36274577,365.0615443,49.78996867,78.523640533,0.1192353,267,0.07007145,"Kenai.Late"
"243","Kenai R",2005,12.8046712303943,11.8849761868734,12.8046712303943,11.229220755249,0,0,1680.38077306796,0,0,0,11,153.73042075,305.1928581,61.745737227,114.55345001,0.1168613,736,0.03758927,"Kenai.Late"
"244","Kenai R",2006,12.7064248755968,11.5684045991927,12.7064248755968,11.3625550939027,0,0,1677.80180625453,0,0,0,10,153.5744139,266.98491689,112.20832516,266.98491689,0.2209911,385,0.07401093,"Kenai.Late"
"245","Kenai R",2007,12.5099321660019,12.0732817002353,12.5099321660019,11.5625566018833,0,0,1670.75263029781,0,0,0,10,180.80928514,248.75822026,59.665489967,84.700900822,0.1068899,307,0.04515138,"Kenai.Late"
"246","Kenai R",2008,12.19063151291,11.388286282064,12.19063151291,10.7871121586603,0,0,1578.76948061867,0,0,0,11,134.73757767,207.4609677,69.458044096,109.76899704,0.06689799,523,0.03411471,"Kenai.Late"
"247","Kenai R",2009,12.5590553434006,11.8877052522845,12.5590553434006,11.3344847068177,0,0,1673.84739047393,0,0,0,11,130.70229933,148.13586216,66.473536668,121.13632177,0.08764106,536,0.04194698,"Kenai.Late"
"248","Kenai R",2010,12.9029175851918,12.0105131957813,12.9029175851918,11.7362421219717,0,0,1725.94252010529,0,0,0,12,142.50517583,209.23374834,89.121499597,135.76162157,0.09799372,301,0.1062616,"Kenai.Late"
"249","Little Susitna",1980,11.5410444073669,9.48027708795743,11.5410444073669,9.12703981459802,0,0,1267.90490904675,0,0,0,3,73.30096572,104.31646696,89.619197427,104.31646696,0.1985549,658,0.05356676,"LittleSusitna"
"250","Little Susitna",1981,10.3482421379987,9.33215131594438,10.4184069773733,9.18216933124948,0,0,1291.8077309937,0,0,0,1,99.253634534,171.1233295,104.68101322,171.1233295,0.1209975,380,0.07345195,"LittleSusitna"
"251","Little Susitna",1982,10.1143593400834,9.5816263003874,10.2079124592495,9.14875750297587,0,0,1232.54183000196,0,0,0,2,90.151905712,152.15000004,61.735137631,95.03511822,0.1335746,543,0.04145163,"LittleSusitna"
"252","Little Susitna",1983,11.0031139721616,9.48547448346666,11.2603850498685,9.53633471094983,0,0,1281.98465348126,0,0,0,5,84.067061368,137.89902903,57.882529666,137.89902903,0.1000277,497,0.07139947,"LittleSusitna"
"253","Little Susitna",1984,10.932949132787,9.56863281161432,10.932949132787,9.37094616099542,0,0,1324.22388678476,0,0,0,4,60.671996344,126.06493956,66.251058873,126.06493956,0.1644919,497,0.04350167,"LittleSusitna"
"254","Little Susitna",1985,11.1902202104939,9.69337030383584,11.1902202104939,9.15376927721692,0,0,1220.42670106994,0,0,0,5,78.929162444,139.58739651,65.831627225,119.08594519,0.1490716,641,0.0805827,"LittleSusitna"
"255","Little Susitna",1986,10.7926194540378,9.16063726413981,11.0498905317447,9.27405185900193,0,0,1289.84311549121,0,0,0,3,107.80749391,121.52957564,67.128230134,121.52957564,0.1853568,277,0.06017491,"LittleSusitna"
"256","Little Susitna",1987,11.8684803244483,9.86748305339501,11.8684803244483,9.41939331199217,0,0,1297.86529545971,0,0,0,2,72.798361052,93.303896805,52.771189637,78.703120544,0.1128271,398,0.03239102,"LittleSusitna"
"257","Little Susitna",1988,11.9386451638229,10.332649951471,11.9386451638229,9.99574734971207,0,0,1374.48530005676,0,0,0,5,80.553167379,123.71033726,62.648851363,123.71033726,0.08222212,339,0.03507498,"LittleSusitna"
"258","Little Susitna",1989,11.7983154850737,10.400216093091,11.7983154850737,10.0291591779857,0,0,1382.6711979838,0,0,0,7,108.41748933,142.34069445,88.613143166,142.34069445,0.06941555,364,0.04572295,"LittleSusitna"
"259","Little Susitna",1990,12.733846676735,10.4651835369564,12.733846676735,10.5420307419857,0,0,1416.39709744319,0,0,0,6,95.135196806,192.97907588,55.448010005,94.043316164,0.1907375,409,0.06522832,"LittleSusitna"
"260","Little Susitna",1991,10.9563374125786,9.6154093711974,12.1023631223636,9.7134174008,0,0,1342.88773405841,0,0,0,3,76.013136548,105.21641792,59.116305922,105.21641792,0.05548937,320,0.04706177,"LittleSusitna"
"261","Little Susitna",1992,11.5176561275753,9.79731821402041,11.5176561275753,9.7050644437316,0,0,1193.57695586926,0,0,0,5,81.681258673,99.994452402,54.034676102,99.994452402,0.06376169,279,0.04327197,"LittleSusitna"
"262","Little Susitna",1993,12.2894693606959,10.5145587942941,12.2894693606959,10.341559772344,0,0,1400.51645546474,0,0,0,5,126.49079943,173.83718418,65.050252074,158.26609842,0.1010461,298,0.06967734,"LittleSusitna"
"263","Little Susitna",1994,11.8918686042398,10.2780772986241,11.8918686042398,9.99574734971206,0,0,1364.82594050286,0,0,0,6,65.879582419,87.596320457,44.756481011,60.985617694,0.1317976,345,0.04144294,"LittleSusitna"
"264","Little Susitna",1995,11.3071616094515,10.1377476198749,11.3071616094515,9.81198229420716,0,0,1394.38453370774,0,0,0,4,61.173650174,102.26534768,75.798959179,108.47163606,0.08230542,352,0.04564257,"LittleSusitna"
"265","Little Susitna",1996,12.0555865627806,9.84409477360349,12.0555865627806,9.71007621797264,0,0,1331.42747696055,0,0,0,4,69.934913132,106.89576001,55.814529405,106.89576001,0.06763054,207,0.06641604,"LittleSusitna"
"266","Little Susitna",1997,13.0612825938164,10.852389502394,13.3419419513148,10.6857016035623,0,0,1464.20274133708,0,0,1,7,77.676474653,145.87854563,67.602221188,145.87854563,0.1654454,282,0.07003133,"LittleSusitna"
"267","Little Susitna",1998,10.6289014954971,9.22560470800519,11.634597526533,9.23562825648728,0,0,1268.06862700529,0,0,0,3,61.263841413,129.50360117,83.429981065,129.50360117,0.09650271,353,0.09815478,"LittleSusitna"
"268","Little Susitna",1999,12.6636818373604,10.0519905939727,12.6636818373604,9.87546476792704,0,0,1353.85683728063,0,0,0,4,86.478422495,137.42142317,79.819385351,137.42142317,0.104848,281,0.05114833,"LittleSusitna"
"269","Little Susitna",2000,10.9563374125786,9.39971745756437,11.5176561275753,9.4511345488521,0,0,1265.2854217101,0,0,0,2,70.013735066,94.531316023,56.934147307,88.090048095,0.1390637,394,0.03793534,"LittleSusitna"
"270","Little Susitna",2001,11.4708795679923,10.2962681829064,11.9386451638229,10.3348774066893,0,0,1389.87478815959,0,0,0,6,41.652123341,51.8097486,63.481400454,172.57295312,0.06725179,306,0.03745358,"LittleSusitna"
"271","Little Susitna",2002,13.0378943140249,10.6990663348717,13.0378943140249,10.5119600965395,0,0,1469.27799805184,0,0,1,5,102.86454541,130.03552249,60.926725281,130.03552249,0.09771987,312,0.09781738,"LittleSusitna"
"272","Little Susitna",2003,13.6693778683963,11.4838730567653,13.6693778683963,11.2369967700769,0,0,1561.12377279319,0,0,1,8,88.470327796,99.986828567,61.84594934,99.986828567,0.09410072,367,0.05932478,"LittleSusitna"
"273","Little Susitna",2004,13.0378943140249,11.6086105489868,13.0378943140249,11.2704085983506,0,0,1494.32684570857,0,0,1,8,102.48123848,181.76207637,41.424320007,59.610167542,0.1192353,267,0.07007145,"LittleSusitna"
"274","Little Susitna",2005,12.2426928011128,10.8212051293386,12.2426928011128,10.7124310661812,0,0,1511.02607747973,0,0,0,7,85.644686075,163.75674561,48.583367525,102.92759423,0.1168613,736,0.03758927,"LittleSusitna"
"275","Little Susitna",2006,11.0265022519532,9.7765286319835,11.0265022519532,9.49958169984885,0,0,1356.80376053437,0,0,0,5,101.37951476,224.80056834,90.785886403,224.80056834,0.2209911,385,0.07401093,"LittleSusitna"
"276","Little Susitna",2007,11.5176561275753,10.2962681829064,11.5176561275753,10.1210417057381,0,0,1406.73773788929,0,0,0,4,81.574408017,139.63666505,54.338806018,82.355715791,0.1068899,307,0.04515138,"LittleSusitna"
"277","Little Susitna",2008,10.5119600965395,9.40231615531899,10.5119600965395,9.11701626611594,0,0,1265.94029354427,0,0,0,2,64.496590795,93.448564909,51.052404567,96.527669208,0.06689799,523,0.03411471,"LittleSusitna"
"278","Little Susitna",2009,12.9677294746503,10.3612356267718,12.9677294746503,9.95231197295635,0,0,1391.34824978646,0,0,0,5,61.859015564,95.566538658,50.141345591,95.566538658,0.08764106,536,0.04194698,"LittleSusitna"
"279","Little Susitna",2010,11.2369967700769,9.7947195162658,11.2369967700769,9.58478186194657,0,0,1366.79055600535,0,0,0,4,70.945544293,110.60826938,71.277024273,112.09412563,0.09799372,301,0.1062616,"LittleSusitna"
"280","Little Willow",1980,13.5075346741915,10.927139053845,13.5075346741915,10.4848320041675,0,0,1435.68842767094,0,0,1,6,81.146979726,114.36753114,106.86734457,125.58901823,0.1985549,658,0.05356676,"LittleWillow"
"281","Little Willow",1981,12.0139639431208,10.7416629499865,12.1018210449485,10.553862584175,0,0,1465.61841369357,0,0,0,8,112.39141941,188.15469465,123.60424019,188.15469465,0.1209975,380,0.07345195,"LittleWillow"
"282","Little Willow",1982,11.7211069370285,11.054043756485,11.8382497394654,10.5120258690189,0,0,1391.40844834978,0,0,0,8,105.70005028,180.27020954,76.14891749,117.62553244,0.1335746,543,0.04145163,"LittleWillow"
"283","Little Willow",1983,12.8339635601792,10.9336469873137,13.1561062668807,10.997331764829,0,0,1453.31841943769,0,0,0,6,95.706546382,157.89624402,68.94930646,157.89624402,0.1000277,497,0.07139947,"LittleWillow"
"284","Little Willow",1984,12.7461064583515,11.0377739228132,12.7461064583515,10.7902400248066,0,0,1506.20839473796,0,0,0,7,67.783546644,141.2898075,78.46184301,141.2898075,0.1644919,497,0.04350167,"LittleWillow"
"285","Little Willow",1985,13.068249165053,11.1939643260624,13.068249165053,10.5183013762923,0,0,1376.2384554342,0,0,1,6,94.677188267,172.17988919,76.691786843,132.58996623,0.1490716,641,0.0805827,"LittleWillow"
"286","Little Willow",1986,12.5703922546961,10.5269011455188,12.8925349613977,10.6689135508541,0,0,1463.15841484239,0,0,0,5,125.98149825,137.56685271,80.183173452,137.56685271,0.1853568,277,0.06017491,"LittleWillow"
"287","Little Willow",1987,13.9175344827207,11.4119800972644,13.9175344827207,10.8509032617829,0,0,1473.20341015136,0,0,1,8,84.140331446,109.04088807,64.573031512,98.935332189,0.1128271,398,0.03239102,"LittleWillow"
"288","Little Willow",1988,14.0053915845484,11.9944401427146,14.0053915845484,11.5725865982246,0,0,1569.14336534719,0,0,3,8,91.51390016,135.73217484,74.22508971,135.73217484,0.08222212,339,0.03507498,"LittleWillow"
"289","Little Willow",1989,13.829677380893,12.079043277808,13.829677380893,11.6144233133806,0,0,1579.39336056042,0,0,2,8,126.13538609,164.07182911,104.36101969,164.07182911,0.06941555,364,0.04572295,"LittleWillow"
"290","Little Willow",1990,15.0011054052621,12.1603924461669,15.0011054052621,12.2566168910258,1,0,1621.62334083893,0,0,3,8,112.35956357,224.29882201,68.079229593,109.95303733,0.1907375,409,0.06522832,"LittleWillow"
"291","Little Willow",1991,12.7753921589607,11.0963453240316,14.210391488813,11.219066355156,0,0,1529.57838382412,0,0,0,8,85.167982908,114.83285353,67.548948535,114.83285353,0.05548937,320,0.04706177,"LittleWillow"
"292","Little Willow",1992,13.4782489735822,11.3241229954367,13.4782489735822,11.208607176367,0,0,1342.61847113481,0,0,1,7,96.065379341,110.74640033,63.366105534,108.52081032,0.06376169,279,0.04327197,"LittleWillow"
"293","Little Willow",1993,14.4446770936868,12.2222178141198,14.4446770936868,12.0055966000896,0,0,1601.73835012526,0,0,4,8,151.48680223,215.18142861,76.157113987,177.94298453,0.1010461,298,0.06967734,"LittleWillow"
"294","Little Willow",1994,13.9468201833299,11.9261068412931,13.9468201833299,11.5725865982246,0,0,1557.04837099558,0,0,2,7,78.727156296,115.13803817,54.848815172,73.550737143,0.1317976,345,0.04144294,"LittleWillow"
"295","Little Willow",1995,13.2146776680992,11.7503926376377,13.2146776680992,11.3424846648663,0,0,1600.66556375058,0,0,1,9,69.607746143,118.0513199,89.579915259,128.97005534,0.08230542,352,0.04564257,"LittleWillow"
"296","Little Willow",1996,14.1518200875945,11.3826943966552,14.1518200875945,11.2148826836404,0,0,1515.2283905256,0,0,2,8,81.366947072,124.14323121,67.797411361,124.14323121,0.06763054,207,0.06641604,"LittleWillow"
"297","Little Willow",1997,15.4111052137914,12.6452334895864,15.7625336211021,12.4365147661968,2,0,1681.48331288419,0,0,3,9,87.494396965,162.82007547,77.428470882,162.82007547,0.1654454,282,0.07003133,"LittleWillow"
"298","Little Willow",1998,12.3653923504315,10.6082503138778,13.6246774766284,10.6208013284246,0,0,1435.8934275752,0,0,0,6,71.022241886,147.40818345,100.87741102,147.40818345,0.09650271,353,0.09815478,"LittleWillow"
"299","Little Willow",1999,14.9132483034345,11.6430117354039,14.9132483034345,11.4219744236628,0,0,1543.31337740985,0,0,1,7,95.955754735,151.10327251,94.415360933,151.10327251,0.104848,281,0.05114833,"LittleWillow"
"300","Little Willow",2000,12.7753921589607,10.8262660850798,13.4782489735822,10.8906481411811,0,0,1432.4084292027,0,0,0,7,83.574841963,111.41640109,68.156244077,104.83699776,0.1390637,394,0.03793534,"LittleWillow"
"301","Little Willow",2001,13.4196775723638,11.9488846084336,14.0053915845484,11.9972292570584,0,0,1588.41335634806,0,0,1,9,47.919580539,61.918062327,75.690895258,204.53680771,0.06725179,306,0.03745358,"LittleWillow"
"302","Little Willow",2002,15.3818195131821,12.4532494522592,15.3818195131821,12.2189638473854,1,0,1687.8383099164,0,0,3,10,115.47469153,146.18810507,72.715980586,146.18810507,0.09771987,312,0.09781738,"LittleWillow"
"303","Little Willow",2003,16.1725334296313,13.4359474060356,16.1725334296313,13.1268205662715,2,0,1802.84325620884,1,0,5,10,103.19404932,123.15681456,74.781814547,112.41284827,0.09410072,367,0.05932478,"LittleWillow"
"304","Little Willow",2004,15.3818195131821,13.5921378092848,15.3818195131821,13.1686572814275,2,0,1719.20329526888,0,0,8,9,120.91016737,202.73932956,49.979232947,72.642714559,0.1192353,267,0.07007145,"LittleWillow"
"305","Little Willow",2005,14.3861056924683,12.6061858887741,14.3861056924683,12.4699841383216,0,0,1740.11328550387,0,0,6,8,100.75686478,197.72044981,56.043531721,112.91968635,0.1168613,736,0.03758927,"LittleWillow"
"306","Little Willow",2006,12.8632492607884,11.2980912615619,12.8632492607884,10.9513113781573,0,0,1547.00337568661,0,0,0,7,113.84061768,249.88320688,105.84401354,249.88320688,0.2209911,385,0.07401093,"LittleWillow"
"307","Little Willow",2007,13.4782489735822,11.9488846084336,13.4782489735822,11.7294742800597,0,0,1609.52834648732,0,0,2,10,94.451203046,165.04939084,65.335949504,95.874190445,0.1068899,307,0.04515138,"LittleWillow"
"308","Little Willow",2008,12.2189638473854,10.8295200518142,12.2189638473854,10.4722809896207,0,0,1433.22842881976,0,0,0,9,74.448209786,105.6386571,60.633673129,110.28086857,0.06689799,523,0.03411471,"LittleWillow"
"309","Little Willow",2009,15.2939624113544,12.0302337767926,15.2939624113544,11.5181988685217,1,0,1590.25835548645,0,0,3,8,69.975972826,105.19524165,57.376822222,105.19524165,0.08764106,536,0.04194698,"LittleWillow"
"310","Little Willow",2010,13.1268205662715,11.3208690287024,13.1268205662715,11.0579950018052,0,0,1559.50836984676,0,0,1,9,84.136720046,124.84620719,84.075957618,130.81664487,0.09799372,301,0.1062616,"LittleWillow"
"311","Montana",1980,13.4046061848173,11.0018592608785,13.4046061848173,10.5900030731416,0,0,1469.99548272866,0,0,1,6,121.83259951,165.77678909,168.61794624,224.17647436,0.1985549,658,0.05356676,"Montana"
"312","Montana",1981,12.0138611178717,10.8291523571402,12.0956696512214,10.6542812064878,0,0,1497.86492308981,0,0,0,8,167.86306616,262.38330422,196.5480187,315.16598444,0.1209975,380,0.07345195,"Montana"
"313","Montana",1982,11.7411660067059,11.1200271423837,11.8502440511722,10.6153247620356,0,0,1428.76398192039,0,0,0,8,167.92260365,311.53613412,125.86871973,206.34214216,0.1335746,543,0.04145163,"Montana"
"314","Montana",1983,12.7774074291359,11.0079191522378,13.0773720514183,11.0672195176818,0,0,1486.41172842084,0,0,0,6,148.64039307,229.22292524,107.79241832,229.22292524,0.1000277,497,0.07139947,"Montana"
"315","Montana",1984,12.6955988957862,11.1048774139856,12.6955988957862,10.8743851176431,0,0,1535.66046549739,0,0,0,7,101.33133613,202.10747041,122.65664326,202.10747041,0.1644919,497,0.04350167,"Montana"
"316","Montana",1985,12.9955635180686,11.2503148066074,12.9955635180686,10.6211682287034,0,0,1414.638375162,0,0,0,6,157.50054799,316.74424096,117.41651741,185.27980376,0.1490716,641,0.0805827,"Montana"
"317","Montana",1986,12.5319818290867,10.6291759422853,12.8319464513691,10.7614114287315,0,0,1495.57428415601,0,0,0,5,200.14974179,217.17391235,129.89653045,237.77851098,0.1853568,277,0.06017491,"Montana"
"318","Montana",1987,13.7863793404494,11.4533211671419,13.7863793404494,10.9308719620989,0,0,1504.927726469,0,0,1,8,130.85561867,188.6547449,105.85922892,178.36322669,0.1128271,398,0.03239102,"Montana"
"319","Montana",1988,13.8681878737992,11.995681443794,13.8681878737992,11.6028706289003,0,0,1594.26264488692,0,0,3,8,139.80599804,187.96029704,116.58145913,187.96029704,0.08222212,339,0.03507498,"Montana"
"320","Montana",1989,13.7045708070997,12.0744600314641,13.7045708070997,11.6418270733526,0,0,1603.80697377772,0,0,1,9,198.46220959,251.44288108,160.56543008,237.55381909,0.06941555,364,0.04572295,"Montana"
"321","Montana",1990,14.795351251763,12.1502086734546,14.795351251763,12.2398084956948,0,0,1643.12960880783,0,0,3,8,180.28926102,375.01290918,113.09254672,166.8804131,0.1907375,409,0.06522832,"Montana"
"322","Montana",1991,12.7228684069028,11.1594164362188,14.0590744516153,11.2736886732788,0,0,1557.42153536842,0,0,0,8,126.77345499,170.9410551,102.81969098,183.25676896,0.05548937,320,0.04706177,"Montana"
"323","Montana",1992,13.3773366737007,11.3715126337922,13.3773366737007,11.2639495621657,0,0,1383.33297640017,0,0,1,7,145.77484855,161.83631768,98.984397959,147.34423504,0.06376169,279,0.04327197,"Montana"
"324","Montana",1993,14.2772305405479,12.2077776413674,14.2772305405479,12.0060698289812,0,0,1624.61361075968,0,0,4,8,243.75570905,394.5066016,116.6752602,252.67233722,0.1010461,298,0.06967734,"Montana"
"325","Montana",1994,13.813648851566,11.9320525845219,13.813648851566,11.6028706289003,0,0,1583.00033679577,0,0,2,7,120.46230975,162.81817073,89.799413677,130.61657249,0.1317976,345,0.04144294,"Montana"
"326","Montana",1995,13.1319110736515,11.7684355178225,13.1319110736515,11.3886101844129,0,0,1617.82564695008,0,0,1,10,110.89204996,199.80560345,142.00541836,215.36631709,0.08230542,352,0.04564257,"Montana"
"327","Montana",1996,14.0045354293821,11.4260516560254,14.0045354293821,11.2697930288335,0,0,1544.0594749213,0,0,2,8,125.96903425,184.47777529,110.54528791,184.47777529,0.06763054,207,0.06641604,"Montana"
"328","Montana",1997,15.1771244073951,12.601670579718,15.5043585407941,12.4073212068395,2,0,1698.86848953013,0,0,3,10,128.41699989,226.83836793,114.13462035,226.83836793,0.1654454,282,0.07003133,"Montana"
"329","Montana",1998,12.3410952512706,10.7049245842758,13.5136842292836,10.7166115176114,0,0,1470.18636930648,0,0,0,6,115.24767606,213.46831245,161.41667475,213.46831245,0.09650271,353,0.09815478,"Montana"
"330","Montana",1999,14.7135427184132,11.668447310395,14.7135427184132,11.4626274288722,0,0,1570.2109360821,0,0,1,7,145.33004653,207.40081539,148.31122131,207.40081539,0.104848,281,0.05114833,"Montana"
"331","Montana",2000,12.7228684069028,10.9079309448103,13.3773366737007,10.9678805843285,0,0,1466.9412974836,0,0,0,7,132.85545282,194.23599663,108.61468276,176.57564826,0.1390637,394,0.03793534,"Montana"
"332","Montana",2001,13.3227976514676,11.9532622042793,13.8681878737992,11.9982785400908,0,0,1612.20598320163,0,0,1,9,77.214127605,97.428851294,123.63822348,338.58222533,0.06725179,306,0.03745358,"Montana"
"333","Montana",2002,15.1498548962785,12.4229037846204,15.1498548962785,12.2047476956877,1,0,1704.78597344243,0,0,3,10,178.51760806,249.76445245,115.56501712,208.31601533,0.09771987,312,0.09781738,"Montana"
"334","Montana",2003,15.8861316964262,13.3379473798657,15.8861316964262,13.0501025403017,1,0,1811.87334359724,0,0,4,10,154.88635103,171.34615039,121.96687165,165.81015905,0.09410072,367,0.05932478,"Montana"
"335","Montana",2004,15.1498548962785,13.4833847724874,15.1498548962785,13.089058984754,1,0,1733.99161984828,0,0,7,9,186.64069043,322.76161937,78.974067104,111.05035887,0.1192353,267,0.07007145,"Montana"
"336","Montana",2005,14.2226915183147,12.5653112315625,14.2226915183147,12.4384863624013,0,0,1753.46205078552,0,0,5,8,161.46763055,353.7531489,83.842770357,152.67089122,0.1168613,736,0.03758927,"Montana"
"337","Montana",2006,12.8046769402525,11.3472730683552,12.8046769402525,11.0243674287843,0,0,1573.64689448278,0,0,0,7,171.77363169,346.66458218,159.96407223,346.66458218,0.2209911,385,0.07401093,"Montana"
"338","Montana",2007,13.3773366737007,11.9532622042793,13.3773366737007,11.7489572955963,0,0,1631.86730071669,0,0,2,10,147.25734728,286.10129521,105.51936349,172.15760566,0.1068899,307,0.04515138,"Montana"
"339","Montana",2008,12.2047476956877,10.9109608904899,12.2047476956877,10.5783161398059,0,0,1467.70484379487,0,0,0,9,117.04404676,172.93644624,97.696660726,175.3926521,0.06689799,523,0.03411471,"Montana"
"340","Montana",2009,15.0680463629288,12.0290108462698,15.0680463629288,11.5522272511124,1,0,1613.92396240198,0,0,3,9,103.83620217,144.63773091,85.207417951,144.63773091,0.08764106,536,0.04194698,"Montana"
"341","Montana",2010,13.0501025403018,11.3684826881126,13.0501025403018,11.1237063621376,0,0,1585.29097572957,0,0,1,9,124.97346017,174.03565128,132.35944954,214.88190728,0.09799372,301,0.1062616,"Montana"
"342","NF Campbell",1980,12.1148186149171,10.3948652051241,12.1148186149171,9.91661285393169,0,0,1353.01698127481,0,0,0,5,76.752926984,92.876295907,80.558434581,99.045586219,0.1985549,658,0.05356676,"Campbell"
"343","NF Campbell",1981,11.9919647999319,10.65081065301,11.9919647999319,10.3180815707584,0,0,1434.49977406376,0,0,0,7,100.92079278,152.56441133,94.21374147,152.56441133,0.1209975,380,0.07345195,"Campbell"
"344","NF Campbell",1982,10.9477073725576,10.3129626618007,10.9477073725576,9.84421685581541,0,0,1319.47788978385,0,0,0,6,89.747216068,152.63129018,51.645389536,82.89956948,0.1335746,543,0.04145163,"Campbell"
"345","NF Campbell",1983,12.6369473286043,11.0773863994864,12.6369473286043,10.8467917388197,0,0,1447.39942463721,0,0,0,6,82.402200888,112.12206503,48.20854623,112.12206503,0.1000277,497,0.07139947,"Campbell"
"346","NF Campbell",1984,13.312643311023,11.6575294146944,13.312643311023,11.5049371762405,0,0,1597.46535964165,0,0,1,7,60.59268308,109.01291866,57.242404686,109.01291866,0.1644919,497,0.04350167,"Campbell"
"347","NF Campbell",1985,12.299099337395,10.8521544053469,12.299099337395,10.0855368495364,0,0,1363.33670173357,0,0,0,7,70.542804446,129.81717103,59.136460524,102.04402148,0.1490716,641,0.0805827,"Campbell"
"348","NF Campbell",1986,12.4833800598728,10.5893837455174,12.4833800598728,10.3422135701305,0,0,1417.9452224945,0,0,0,6,104.66207488,105.19795051,58.279060825,104.03464248,0.1853568,277,0.06017491,"Campbell"
"349","NF Campbell",1987,13.1283625885452,11.0296099158811,13.1283625885452,10.2127783007711,0,0,1412.5703680889,0,0,1,6,77.462316953,97.79841662,44.634747013,67.981167951,0.1128271,398,0.03239102,"Campbell"
"350","NF Campbell",1988,12.5755204211117,11.1627015487817,12.5755204211117,10.7327131963335,0,0,1479.21856271838,0,0,0,7,78.98317402,110.05820457,53.960940372,110.05820457,0.08222212,339,0.03507498,"Campbell"
"351","NF Campbell",1989,13.0055087735599,11.845222743144,13.0055087735599,11.2372913650228,0,0,1548.66168163877,0,0,1,9,104.45332127,129.9377005,75.901715205,113.70542501,0.06941555,364,0.04572295,"Campbell"
"352","NF Campbell",1990,12.6983742360969,11.4527730563857,12.6983742360969,11.309687363139,0,0,1544.14680393806,0,0,0,8,94.453859078,199.38285761,46.723169641,75.827708234,0.1907375,409,0.06522832,"Campbell"
"353","NF Campbell",1991,11.7462571699615,10.7497762261925,12.6676607823506,10.5155252019846,0,0,1479.64855107083,0,0,0,8,79.286398165,101.54907193,54.990986856,93.604915326,0.05548937,320,0.04706177,"Campbell"
"354","NF Campbell",1992,12.3912396986339,11.2377788801616,12.3912396986339,10.9674517356802,0,0,1351.51202204125,0,0,0,7,81.199561276,95.077794127,47.6923594,88.618858149,0.06376169,279,0.04327197,"Campbell"
"355","NF Campbell",1993,13.9883392934417,12.2649732776768,13.9883392934417,11.7901335324562,0,0,1606.28012086683,0,0,4,9,119.78549953,161.99104338,55.266623885,133.39010222,0.1010461,298,0.06967734,"Campbell"
"356","NF Campbell",1994,13.0976491347989,11.664354626638,13.0976491347989,11.3118811812638,0,0,1531.67714171706,0,0,1,8,68.704642705,105.50727645,37.916776427,45.618855508,0.1317976,345,0.04144294,"Campbell"
"357","NF Campbell",1995,12.6369473286043,11.6131655370609,12.6369473286043,11.1012746412891,0,0,1602.84021404725,0,0,0,11,59.635507814,107.61854591,67.321325596,103.92663256,0.08230542,352,0.04564257,"Campbell"
"358","NF Campbell",1996,13.2819298572767,11.5141999638783,13.2819298572767,11.2131593656507,0,0,1517.7025202625,0,0,1,8,68.1594957,86.267697051,46.920338809,86.267697051,0.06763054,207,0.06641604,"Campbell"
"359","NF Campbell",1997,13.7119182097249,11.9305378924393,13.7119182097249,11.5027433581158,0,0,1566.07620991292,0,0,2,9,78.619873382,123.74801573,59.137679509,123.74801573,0.1654454,282,0.07003133,"Campbell"
"360","NF Campbell",1998,11.9305378924393,10.2788366020826,12.4526666061265,10.2083906645216,0,0,1410.85041467911,0,0,0,6,57.667423898,108.76326177,71.797789437,108.76326177,0.09650271,353,0.09815478,"Campbell"
"361","NF Campbell",1999,13.4662105797545,11.2207158503025,13.4662105797545,10.7371008325829,0,0,1460.51406938688,0,0,1,8,87.167254899,120.92191445,69.429379788,120.92191445,0.104848,281,0.05114833,"Campbell"
"362","NF Campbell",2000,11.9305378924393,10.4460542947013,12.299099337395,10.2566546632658,0,0,1377.52631736437,0,0,0,7,70.694247068,96.511868425,51.02884607,87.026999044,0.1390637,394,0.03793534,"Campbell"
"363","NF Campbell",2001,12.3298127911413,11.3503948772314,12.7905145973358,11.3206564537627,0,0,1509.7477357422,0,0,0,8,40.283323298,41.606086867,57.362073898,164.86771984,0.06725179,306,0.03745358,"Campbell"
"364","NF Campbell",2002,13.3433567647693,11.5346755997092,13.3433567647693,10.8599546475682,0,0,1502.43793375058,0,0,1,9,102.91180122,127.26408445,52.543223266,110.79568884,0.09771987,312,0.09781738,"Campbell"
"365","NF Campbell",2003,14.6640352758603,12.2786237015641,14.6640352758603,11.6036589918537,0,0,1589.51057512135,0,0,4,9,90.739199104,111.47352009,52.869180973,85.144420603,0.09410072,367,0.05932478,"Campbell"
"366","NF Campbell",2004,14.4490410996362,12.9099558063492,14.4490410996362,12.1630826136613,0,0,1600.04528975634,0,0,5,9,106.54794844,199.33412229,34.480930748,42.524400847,0.1192353,267,0.07007145,"Campbell"
"367","NF Campbell",2005,13.9269123859491,12.0533917074246,13.9269123859491,11.6102404462279,0,0,1643.04412500116,0,0,3,8,83.608958674,159.06832634,43.523443977,89.548276105,0.1168613,736,0.03758927,"Campbell"
"368","NF Campbell",2006,12.5448069673654,10.7668392560516,12.5448069673654,10.4628735669909,0,0,1473.1987257841,0,0,0,7,93.535362181,193.12074959,79.081528339,193.12074959,0.2209911,385,0.07401093,"Campbell"
"369","NF Campbell",2007,12.3912396986339,11.5073747519347,12.3912396986339,10.8314350119466,0,0,1502.65292792681,0,0,0,10,85.705064878,139.54867956,46.963344113,68.7633641,0.1068899,307,0.04515138,"Campbell"
"370","NF Campbell",2008,11.3776957250059,10.4221660528986,11.3776957250059,9.79814667519596,0,0,1340.54731905382,0,0,0,7,66.030452225,101.69685976,47.72976476,99.680091271,0.06689799,523,0.03411471,"Campbell"
"371","NF Campbell",2009,12.8212280510821,11.2992057876542,12.8212280510821,10.6800615613398,0,0,1488.46331229602,0,0,0,8,64.502839057,83.71658015,44.931888255,83.71658015,0.08764106,536,0.04194698,"Campbell"
"372","NF Campbell",2010,11.6848302624689,10.8180283456288,11.9305378924393,10.5923088363504,0,0,1474.27369666522,0,0,0,7,72.584986215,112.32767063,65.210942405,113.20534591,0.09799372,301,0.1062616,"Campbell"
"373","Ninilchik",1980,12.7255265058451,11.0718498002131,12.7255265058451,10.4953739921162,0,0,1495.34484502484,0,0,0,8,70.176659977,73.364996958,54.865318287,63.036878365,0.1985549,658,0.05356676,"Ninilchik"
"374","Ninilchik",1981,13.8174923739663,12.2626767757361,13.8174923739663,11.3157927925035,0,0,1580.55862591859,0,0,1,10,77.492021419,95.293666511,58.683249137,95.293666511,0.1209975,380,0.07345195,"Ninilchik"
"375","Ninilchik",1982,12.9681855876498,11.3324836288181,12.9681855876498,10.5271507766383,0,0,1442.12161974901,0,0,0,9,71.998732196,137.05106723,31.627108684,39.269179732,0.1335746,543,0.04145163,"Ninilchik"
"376","Ninilchik",1983,13.7366060133647,12.3390694496376,13.7366060133647,11.7953333589271,0,0,1617.36191999231,0,0,3,9,75.446056445,96.595886321,32.169174721,63.147736388,0.1000277,497,0.07139947,"Ninilchik"
"377","Ninilchik",1984,14.3028105375757,12.5457790378416,14.3028105375757,11.8184437476704,0,0,1654.44831632813,0,0,3,9,52.290305208,79.714862563,39.116839627,79.714862563,0.1644919,497,0.04350167,"Ninilchik"
"378","Ninilchik",1985,13.0086287679506,11.2965341352174,13.0086287679506,10.1920501398603,0,0,1383.51945149318,0,0,1,8,58.177007239,98.172212029,44.878535172,66.055332331,0.1490716,641,0.0805827,"Ninilchik"
"379","Ninilchik",1986,12.7255265058451,11.4088763027196,12.7255265058451,10.8506962190445,0,0,1478.35870929851,0,0,0,9,90.41941057,96.252190542,40.81607959,72.968175011,0.1853568,277,0.06017491,"Ninilchik"
"380","Ninilchik",1987,14.5050264390796,12.5997032782427,14.5050264390796,11.5728958672728,0,0,1562.15697888174,0,0,5,10,77.586495419,103.15226035,29.913685434,33.429584458,0.1128271,398,0.03239102,"Ninilchik"
"381","Ninilchik",1988,13.9792650951694,12.4648926772401,13.9792650951694,11.6797814152106,0,0,1581.97413722912,0,0,2,9,63.085220031,79.714718805,39.528642807,79.714718805,0.08222212,339,0.03507498,"Ninilchik"
"382","Ninilchik",1989,15.7992082087046,13.183882549254,15.7992082087046,12.0408812393247,1,0,1687.57128099446,0,0,5,11,84.375104027,111.46232254,49.043688369,75.630938929,0.06941555,364,0.04572295,"Ninilchik"
"383","Ninilchik",1990,13.6961628330639,12.6086906516428,13.6961628330639,12.0004380590239,0,0,1681.90923575236,0,0,3,10,77.322658165,142.92618654,39.044503447,58.805942751,0.1907375,409,0.06522832,"Ninilchik"
"384","Ninilchik",1991,12.7659696861459,11.8312828525278,12.7659696861459,11.1164656895925,0,0,1588.48548925755,0,0,0,11,62.891375341,86.979779569,39.335665559,59.556647836,0.05548937,320,0.04706177,"Ninilchik"
"385","Ninilchik",1992,13.3726173906576,12.5188169176411,13.3726173906576,12.029326044953,0,0,1516.57751468275,0,0,4,9,60.67778263,84.022237851,35.164936552,67.895796394,0.06376169,279,0.04327197,"Ninilchik"
"386","Ninilchik",1993,15.1116741435913,13.3636300172575,15.1116741435913,12.4366466465538,1,0,1748.72136960925,0,0,6,11,89.041476762,122.19192444,36.78130387,85.921616167,0.1010461,298,0.06967734,"Ninilchik"
"387","Ninilchik",1994,14.8690150617866,12.6446401452436,14.8690150617866,12.0091044548027,0,0,1656.43003216286,0,0,4,9,61.202392906,80.396746389,29.701956407,32.541671238,0.1317976,345,0.04144294,"Ninilchik"
"388","Ninilchik",1995,13.5343901118608,12.2132462220352,13.5343901118608,11.6162278461665,0,0,1707.67154160396,0,0,2,12,55.808399178,96.663957613,47.983344794,68.063847505,0.08230542,352,0.04564257,"Ninilchik"
"389","Ninilchik",1996,13.857935554267,12.2806515225365,13.857935554267,11.4862319094854,0,0,1555.92872911542,0,0,1,10,51.067604959,74.451493011,29.573069462,52.938100651,0.06763054,207,0.06641604,"Ninilchik"
"390","Ninilchik",1997,14.8285718814858,13.6781880862636,14.8285718814858,12.7746360819246,0,0,1802.22769714719,0,0,7,12,69.440493405,87.842130418,38.027048886,75.344251389,0.1654454,282,0.07003133,"Ninilchik"
"391","Ninilchik",1998,13.5748332921616,11.5077374101215,13.5748332921616,10.9980249472831,0,0,1510.34926491643,0,0,2,7,65.986617227,80.667270559,52.595677928,72.198800922,0.09650271,353,0.09815478,"Ninilchik"
"392","Ninilchik",1999,14.1410378163725,12.1188788013334,14.1410378163725,11.234906431902,0,0,1529.88332100171,0,0,1,9,76.543239628,100.48173561,42.488074985,76.884059578,0.104848,281,0.05114833,"Ninilchik"
"393","Ninilchik",2000,13.6152764724623,11.4762816032209,13.6152764724623,10.8709178091949,0,0,1489.11659525852,0,0,1,7,62.689077915,86.488630255,31.312512293,54.58711983,0.1390637,394,0.03793534,"Ninilchik"
"394","Ninilchik",2001,14.0197082754702,12.6401464585435,14.0197082754702,11.9773276702806,0,0,1613.68159058494,0,0,4,9,42.931920751,39.682531521,34.819572313,84.795081866,0.06725179,306,0.03745358,"Ninilchik"
"395","Ninilchik",2002,13.5343901118608,12.2761578358364,13.5343901118608,11.5526742771224,0,0,1628.40290821442,0,0,2,10,90.118793227,113.25596549,36.131972508,74.699335568,0.09771987,312,0.09781738,"Ninilchik"
"396","Ninilchik",2003,15.5161059465992,13.1793888625539,15.5161059465992,12.1766547731916,1,0,1692.95022397447,0,0,5,10,66.344066167,66.350674751,42.042941594,64.801966149,0.09410072,367,0.05932478,"Ninilchik"
"397","Ninilchik",2004,15.8800945693062,14.1545188764728,15.8800945693062,13.1588462947821,2,0,1792.3191179735,0,0,8,9,80.568493625,149.52798783,22.78516779,32.159867357,0.1192353,267,0.07007145,"Ninilchik"
"398","Ninilchik",2005,14.8690150617866,13.7635681335652,14.8690150617866,13.0779599341805,0,0,1876.11738755672,0,0,7,12,68.003487709,141.89007414,28.86408627,47.69330006,0.1168613,736,0.03758927,"Ninilchik"
"399","Ninilchik",2006,12.8064128664467,11.6200795776237,12.8064128664467,11.1626864670791,0,0,1589.33479604386,0,0,0,8,65.953355104,116.50111242,49.510849803,116.50111242,0.2209911,385,0.07401093,"Ninilchik"
"400","Ninilchik",2007,13.3726173906576,12.150334608234,13.3726173906576,11.1857968558224,0,0,1559.04285399858,0,0,1,10,79.434359814,110.72165671,27.507466444,37.426880845,0.1068899,307,0.04515138,"Ninilchik"
"401","Ninilchik",2008,12.4424242437396,11.327989942118,12.4424242437396,10.4260428258863,0,0,1452.87950570902,0,0,0,11,57.841582743,90.936413049,33.925280302,56.330857704,0.06689799,523,0.03411471,"Ninilchik"
"402","Ninilchik",2009,13.3726173906576,11.9840682003307,13.3726173906576,11.0153577388406,0,0,1540.07500243751,0,0,2,11,55.845987212,60.264172857,29.963913117,52.363107959,0.08764106,536,0.04194698,"Ninilchik"
"403","Ninilchik",2010,12.7659696861459,11.0538750534127,12.7659696861459,10.501151589302,0,0,1440.70610843849,0,0,0,9,60.128752847,72.067968736,43.097984427,72.066712694,0.09799372,301,0.1062616,"Ninilchik"
"404","Theodore",1980,12.8158411923074,11.0243912508212,12.8158411923074,10.5262584864794,0,0,1441.04550853774,0,0,0,6,126.00985828,147.24477539,126.09256721,147.20371555,0.1985549,658,0.05356676,"Theodore"
"405","Theodore",1981,12.6878804822012,11.2909760635424,12.6878804822012,10.9444158070049,0,0,1525.91544951564,0,0,0,8,164.60480216,228.21933363,134.31013903,228.21933363,0.1209975,380,0.07345195,"Theodore"
"406","Theodore",1982,11.6002144462989,10.9390841107505,11.6002144462989,10.450853068024,0,0,1406.11223467876,0,0,0,9,164.19377391,282.76423753,81.774995816,101.82905663,0.1335746,543,0.04145163,"Theodore"
"407","Theodore",1983,13.3596742102586,11.7352840847443,13.3596742102586,11.4951038629974,0,0,1539.35132407679,0,0,1,8,146.34045251,188.70252331,80.577784357,188.70252331,0.1000277,497,0.07139947,"Theodore"
"408","Theodore",1984,14.0634581158424,12.3395429935789,14.0634581158424,12.1806076671376,0,0,1695.65533147146,0,0,6,8,98.210645804,177.96954823,92.152388801,177.96954823,0.1644919,497,0.04350167,"Theodore"
"409","Theodore",1985,13.0077822574666,11.5006894495497,13.0077822574666,10.7022044628754,0,0,1451.79420818665,0,0,1,8,140.36639301,255.92238996,94.312811354,165.38687817,0.1490716,641,0.0805827,"Theodore"
"410","Theodore",1986,13.1997233226259,11.2269957084893,13.1997233226259,10.96955094649,0,0,1508.67274382884,0,0,1,7,189.42152779,197.62601789,89.570728279,169.1239068,0.1853568,277,0.06017491,"Theodore"
"411","Theodore",1987,13.8715170506832,11.6855215863697,13.8715170506832,10.8347351983425,0,0,1503.0744627617,0,0,1,10,136.49184228,181.34591034,71.535670673,89.610218025,0.1128271,398,0.03239102,"Theodore"
"412","Theodore",1988,13.2956938552055,11.8241456889847,13.2956938552055,11.3762832036132,0,0,1572.49314799428,0,0,1,9,132.36057787,172.89256984,91.20413359,172.89256984,0.08222212,339,0.03507498,"Theodore"
"413","Theodore",1989,13.743556340577,12.5350385229078,13.743556340577,11.9018361201206,0,0,1644.82293938179,0,0,4,10,186.71084939,224.65496845,119.5188799,194.58292988,0.06941555,364,0.04572295,"Theodore"
"414","Theodore",1990,13.4236545653116,12.126275143402,13.4236545653116,11.977241538576,0,0,1640.12038328539,0,0,3,9,165.4270614,321.55411333,80.795698938,135.69264313,0.1907375,409,0.06522832,"Theodore"
"415","Theodore",1991,12.4319590619889,11.3940555244612,13.3916643877851,11.1500669482469,0,0,1572.94101047966,0,0,0,8,127.89478836,160.2703178,79.567122957,146.55047692,0.05548937,320,0.04706177,"Theodore"
"416","Theodore",1992,13.1037527900462,11.9023439007162,13.1037527900462,11.6207795604231,0,0,1439.47798983893,0,0,1,8,136.23635871,146.91544099,76.884988001,140.30786224,0.06376169,279,0.04327197,"Theodore"
"417","Theodore",1993,14.7672420214263,12.9722376157705,14.7672420214263,12.4776593155983,0,0,1704.83651242157,0,0,5,10,215.3115453,316.09709916,91.66928915,215.7800981,0.1010461,298,0.06967734,"Theodore"
"418","Theodore",1994,13.8395268731566,12.3466519219182,13.8395268731566,11.9795265512565,0,0,1627.13237120961,0,0,3,8,119.58932727,162.27310202,68.392931476,94.90440371,0.1317976,345,0.04144294,"Theodore"
"419","Theodore",1995,13.3596742102586,12.293334959374,13.3596742102586,11.7601653339316,0,0,1701.2536125386,0,0,3,11,103.2014221,173.11434354,102.81218755,130.77786456,0.08230542,352,0.04564257,"Theodore"
"420","Theodore",1996,14.0314679383159,12.1902554984551,14.0314679383159,11.8767009806355,0,0,1612.57684043504,0,0,3,9,113.69058684,152.32020428,77.164737163,152.32020428,0.06763054,207,0.06641604,"Theodore"
"421","Theodore",1997,14.4793304236874,12.6239001271482,14.4793304236874,12.1783226544571,0,0,1662.96137003933,0,0,3,10,124.89329861,187.90924737,89.175502918,187.90924737,0.1654454,282,0.07003133,"Theodore"
"422","Theodore",1998,12.6239001271482,10.9035394690543,13.1677331450993,10.8301651729816,0,0,1501.28301282021,0,0,0,7,111.44519204,191.54118492,122.80961663,191.54118492,0.09650271,353,0.09815478,"Theodore"
"423","Theodore",1999,14.2234090034751,11.8845715798682,14.2234090034751,11.3808532289741,0,0,1553.01112988062,0,0,2,9,145.67658777,186.43038585,106.42227255,186.43038585,0.104848,281,0.05114833,"Theodore"
"424","Theodore",2000,12.6239001271482,11.0777082133655,13.0077822574666,10.8804354519518,0,0,1466.57367020392,0,0,0,7,124.97836334,174.09018237,76.755416601,104.71598544,0.1390637,394,0.03793534,"Theodore"
"425","Theodore",2001,13.0397724349932,12.0196412183136,13.5196250978912,11.9886666019783,0,0,1604.29138445566,0,0,2,8,81.318032785,80.337221508,74.789466144,172.78849296,0.06725179,306,0.03745358,"Theodore"
"426","Theodore",2002,14.0954482933689,12.2115822834728,14.0954482933689,11.5088139390802,0,0,1596.67772220435,0,0,3,10,176.61747627,223.84460721,81.167248509,171.1276496,0.09771987,312,0.09781738,"Theodore"
"427","Theodore",2003,15.4710259270101,12.9864554724489,15.4710259270101,12.2834332377586,1,0,1687.36987549208,0,0,4,10,146.94184611,154.33504528,92.11153117,139.19516125,0.09410072,367,0.05932478,"Theodore"
"428","Theodore",2004,15.2470946843243,13.6440313438278,15.2470946843243,12.8661114712777,1,0,1698.34250638369,0,0,8,9,172.86846746,310.8584423,60.484748279,76.611404115,0.1192353,267,0.07007145,"Theodore"
"429","Theodore",2005,14.7032616663732,12.7518608372543,14.7032616663732,12.2902882758,0,0,1743.12875492084,0,0,4,10,149.05356968,301.16567722,70.063636534,134.31472774,0.1168613,736,0.03758927,"Theodore"
"430","Theodore",2006,13.2637036776789,11.4118278453093,13.2637036776789,11.0952266439157,0,0,1566.22307319908,0,0,1,8,160.99483492,296.85731394,122.94948386,296.85731394,0.2209911,385,0.07401093,"Theodore"
"431","Theodore",2007,13.1037527900462,12.1831465701159,13.1037527900462,11.4791087742342,0,0,1596.90165344703,0,0,2,10,146.53240145,249.35974692,75.430316047,117.14603616,0.1068899,307,0.04515138,"Theodore"
"432","Theodore",2008,12.0480769316705,11.0528269641782,12.0480769316705,10.4028678017342,0,0,1428.05749646196,0,0,0,9,113.73037841,164.98704564,69.540845672,101.69995918,0.06689799,523,0.03411471,"Theodore"
"433","Theodore",2009,13.5516152754178,11.9663242557693,13.5516152754178,11.3214428992819,0,0,1582.12219142977,0,0,2,10,109.12906946,122.8335781,67.613296345,122.8335781,0.08764106,536,0.04194698,"Theodore"
"434","Theodore",2010,12.3679787069359,11.4651448078535,12.6239001271482,11.2300423920633,0,0,1567.34272941251,0,0,0,10,119.20323177,156.19132226,94.981030704,152.15900882,0.09799372,301,0.1062616,"Theodore"
"435","Willow",1980,13.1453950073587,10.7659978038287,13.1453950073587,10.3581440046648,0,0,1434.94983719394,0,0,1,6,89.628715099,120.76911143,118.92359268,135.5977382,0.1985549,658,0.05356676,"Willow"
"436","Willow",1981,11.7681651001452,10.5949692532597,11.849178624099,10.4217974877713,0,0,1462.54844435418,0,0,0,8,124.17964035,200.31640942,135.82909175,209.2564589,0.1209975,380,0.07345195,"Willow"
"437","Willow",1982,11.4981200202995,10.8830173384285,11.6061380522378,10.3832196192219,0,0,1394.11902112126,0,0,0,8,115.10832632,191.22014512,83.244192308,130.49275018,0.1335746,543,0.04145163,"Willow"
"438","Willow",1983,12.5242913237134,10.7719988056031,12.8213409115437,10.8307228943949,0,0,1451.20655100066,0,0,0,6,104.12057004,164.83025079,74.204441845,164.83025079,0.1000277,497,0.07139947,"Willow"
"439","Willow",1984,12.4432777997597,10.8680148339927,12.4432777997597,10.6397624450754,0,0,1499.9766924208,0,0,0,7,73.472487034,147.75237357,85.854778746,147.75237357,0.1644919,497,0.04350167,"Willow"
"440","Willow",1985,12.74032738759,11.0120388765771,12.74032738759,10.3890062995043,0,0,1380.13068598525,0,0,0,6,99.602313695,180.02222795,85.082173689,139.75693802,0.1490716,641,0.0805827,"Willow"
"441","Willow",1986,12.2812507518522,10.3969361947062,12.5783003396825,10.5278866262822,0,0,1460.28006568348,0,0,0,5,137.89165787,143.50040446,86.960227637,145.77523805,0.1853568,277,0.06017491,"Willow"
"442","Willow",1987,13.5234581191427,11.2130724360178,13.5234581191427,10.695700354472,0,0,1469.54261192218,0,0,1,8,92.794902998,115.47179962,71.625365737,108.16725088,0.1128271,398,0.03239102,"Willow"
"443","Willow",1988,13.6044716430965,11.7501620948222,13.6044716430965,11.3611685869491,0,0,1558.00938007966,0,0,2,8,100.88488344,143.53735494,81.093800441,143.53735494,0.08222212,339,0.03507498,"Willow"
"444","Willow",1989,13.442444595189,11.8281751178887,13.442444595189,11.3997464554985,0,0,1567.46095787426,0,0,1,8,137.49531852,171.19120549,117.05915071,171.19120549,0.06941555,364,0.04572295,"Willow"
"445","Willow",1990,14.5226249145721,11.9031876400681,14.5226249145721,11.9919167377317,0,0,1606.40145838802,0,0,2,8,121.1714369,243.2004232,73.37933916,112.70452154,0.1907375,409,0.06522832,"Willow"
"446","Willow",1991,12.4702823077442,10.9220238499618,13.7935031989885,11.0351855977067,0,0,1521.52628979249,0,0,0,8,94.239569288,121.91651793,74.779171452,122.9894404,0.05548937,320,0.04706177,"Willow"
"447","Willow",1992,13.1183904993741,11.1320589120641,13.1183904993741,11.0255411305694,0,0,1349.12951081896,0,0,1,7,105.98222916,123.85296092,69.630805836,115.69821568,0.06376169,279,0.04327197,"Willow"
"448","Willow",1993,14.0095392628651,11.9601971569244,14.0095392628651,11.7604495264353,0,0,1588.06539746649,0,0,4,8,163.5613606,225.06553389,83.193016966,187.20846578,0.1010461,298,0.06967734,"Willow"
"449","Willow",1994,13.5504626271273,11.6871515761915,13.5504626271273,11.3611685869491,0,0,1546.85651828203,0,0,2,7,86.433471015,129.62955626,59.799308089,74.535701827,0.1317976,345,0.04144294,"Willow"
"450","Willow",1995,12.8753499275129,11.525124528284,12.8753499275129,11.1489903099274,0,0,1582.24602190175,0,0,0,9,75.019677821,127.68875454,100.29261172,145.04268019,0.08230542,352,0.04564257,"Willow"
"451","Willow",1996,13.7394941830194,11.1860679280333,13.7394941830194,11.0313278108518,0,0,1508.29408088005,0,0,2,8,88.770381292,128.20307477,72.653547247,128.20307477,0.06763054,207,0.06641604,"Willow"
"452","Willow",1997,14.9006880263562,12.3502622722572,15.2247421221711,12.1578015724941,1,0,1661.5986727085,0,0,3,9,96.151707135,173.3675791,86.92703484,173.3675791,0.1654454,282,0.07003133,"Willow"
"453","Willow",1998,12.0922191959602,10.4719487168855,13.253413039297,10.4835220774504,0,0,1435.13886874983,0,0,0,5,74.367809533,152.64801421,110.31296147,152.64801421,0.09650271,353,0.09815478,"Willow"
"454","Willow",1999,14.4416113906184,11.4261079990073,14.4416113906184,11.2222882601713,0,0,1534.19140403726,0,0,1,7,105.57006326,160.50058788,104.21713338,160.50058788,0.104848,281,0.05114833,"Willow"
"455","Willow",2000,12.4702823077442,10.6729822763263,13.1183904993741,10.732349329594,0,0,1431.92533229967,0,0,0,7,90.6269131,118.67525627,75.184522964,116.83523635,0.1390637,394,0.03793534,"Willow"
"456","Willow",2001,13.0643814834049,11.7081550824017,13.6044716430965,11.7527339527255,0,0,1575.77834633351,0,0,1,9,51.836614123,62.311426671,84.36171304,231.97478635,0.06725179,306,0.03745358,"Willow"
"457","Willow",2002,14.8736835183716,12.1732327199139,14.8736835183716,11.9571966560373,0,0,1667.45865094115,0,0,3,10,127.43755897,155.20778397,78.279389931,154.0891166,0.09771987,312,0.09781738,"Willow"
"458","Willow",2003,15.6028052339552,13.0793839878408,15.6028052339552,12.7943364035592,1,0,1773.50535379659,0,0,4,10,114.75829974,140.37877326,81.365546227,117.86710384,0.09410072,367,0.05932478,"Willow"
"459","Willow",2004,14.8736835183716,13.2234080304252,14.8736835183716,12.8329142721086,0,0,1696.38047899263,0,0,5,9,133.87756492,222.77238164,55.749348461,75.088648137,0.1192353,267,0.07007145,"Willow"
"460","Willow",2005,13.955530246896,12.3142562616111,13.955530246896,12.1886638673336,0,0,1715.66169769362,0,0,4,8,108.36449605,208.373289,61.668623554,120.92669967,0.1168613,736,0.03758927,"Willow"
"461","Willow",2006,12.551295831698,11.1080549049667,12.551295831698,10.7882872389906,0,0,1537.59397204332,0,0,0,7,123.78423409,265.37138344,114.75199558,265.37138344,0.2209911,385,0.07401093,"Willow"
"462","Willow",2007,13.1183904993741,11.7081550824017,13.1183904993741,11.5058355940093,0,0,1595.24859659039,0,0,2,9,102.77444719,176.16935757,71.290397685,105.11465984,0.1068899,307,0.04515138,"Willow"
"463","Willow",2008,11.9571966560373,10.6759827772135,11.9571966560373,10.3465706441,0,0,1432.68145852324,0,0,0,9,82.073767338,114.83710647,66.796552895,126.17735429,0.06689799,523,0.03411471,"Willow"
"464","Willow",2009,14.7926699944179,11.7831676045811,14.7926699944179,11.3110173578349,0,0,1577.47963033654,0,0,2,8,77.074277751,112.26952805,64.432373423,112.26952805,0.08764106,536,0.04194698,"Willow"
"465","Willow",2010,12.7943364035592,11.1290584111769,12.7943364035592,10.8866608037915,0,0,1549.12489695273,0,0,0,9,92.018089531,142.09177476,91.876175834,147.89798863,0.09799372,301,0.1062616,"Willow"
