Population,EscapementMethod,BroodYear,Escapement,SportHarvest,NumAgeClasses,CompleteBrood,Returns.min,Returns.nom,Returns.max
Alexander,Single aerial survey,1980,4423.623112537203,1600.759565145099,5,TRUE,8973.464752707105,11431.033148561106,16346.16994026911
Alexander,Single aerial survey,1981,4935.2989642629755,2442.132022237875,5,TRUE,10667.6302960095,13409.463053933376,18893.128569781125
Alexander,Single aerial survey,1982,6696.711250043969,4259.466571587039,5,TRUE,15420.651988326987,19141.0471272403,26581.837405066937
Alexander,Single aerial survey,1983,3568.1411701060883,3632.449825342672,5,TRUE,9579.351775519486,11561.652425578424,15526.2537256963
Alexander,Single aerial survey,1984,2604.2907166914865,3615.198580270309,5,TRUE,7955.6831080894535,9402.511284029168,12296.167635908598
Alexander,Single aerial survey,1985,2798.49706488411,5164.720386057847,5,TRUE,9828.882160864698,11383.60275246698,14493.043935671547
Alexander,Single aerial survey,1986,3393.988053186345,6491.313293253122,5,TRUE,12147.960048563697,14033.508967000555,17804.60680387427
Alexander,Single aerial survey,1987,3088.453736993174,8820.504911947477,5,TRUE,13967.9278069361,15683.735438598975,19115.350701924726
Alexander,Single aerial survey,1988,2265.6288264446735,7531.014009031608,5,TRUE,11307.062053106063,12565.744734464217,15083.11009718052
Alexander,Single aerial survey,1989,1825.3465921206714,4162.522709091754,5,TRUE,7204.767029292873,8218.848469359913,10247.011349493992
Alexander,Single aerial survey,1990,1579.5594528201605,1810.9374209288214,5,TRUE,4443.536508962422,5321.069538306956,7076.135596996023
Alexander,Single aerial survey,1991,3202.973648109809,1490.4761745387902,5,TRUE,6828.765588055139,8608.195392560587,12167.055001571487
Alexander,Single aerial survey,1992,4686.934436817492,1588.3052009562603,5,TRUE,9399.86259565208,12003.715060550685,17211.4199903479
Alexander,Single aerial survey,1993,2899.584414495234,1313.3782834381716,5,TRUE,6146.018974263562,7756.899204538691,10978.659665088951
Alexander,Single aerial survey,1994,3127.9918678564145,2110.779856082298,5,TRUE,7324.099635842989,9061.87289576322,12537.41941560368
Alexander,Single aerial survey,1995,3315.9814598893827,2987.2114092683228,5,TRUE,8513.847175750627,10356.059097911395,14040.482942232931
Alexander,Single aerial survey,1996,1492.0573117624988,1552.1261741268518,5,TRUE,4038.8883603976833,4867.809089154627,6525.650546668515
Alexander,Single aerial survey,1997,1992.3026748875272,2093.6435701273117,5,TRUE,5414.14802827319,6520.98284765515,8734.652486419069
Alexander,Single aerial survey,1998,2072.101488665523,1946.0842299641456,5,TRUE,5399.586711073351,6550.754204776418,8853.089192182557
Alexander,Single aerial survey,1999,2422.148936402622,1773.6676316906953,5,TRUE,5810.582525695066,7156.220823696522,9847.497419699435
Alexander,Single aerial survey,2e3,1765.3510687250864,1212.544947869355,5,TRUE,4154.796729077832,5135.547322813991,7097.0485102863095
Alexander,Single aerial survey,2001,1023.5401457516075,940.4143406664263,5,TRUE,2646.314583585772,3214.9479978922204,4352.214826505118
Alexander,Single aerial survey,2002,558.0956636591409,583.9112976085494,5,TRUE,1514.070737040451,1824.1238835177512,2444.2301764723525
Alexander,Single aerial survey,2003,274.5606483158077,162.25350543526906,5,TRUE,619.8545859616153,772.3882794703974,1077.4556664879615
Alexander,Single aerial survey,2004,141.28051516898884,8.14074636502915,5,TRUE,243.60827164667722,322.0974467405599,479.0757969283253
Alexander,Single aerial survey,2005,288.5283958051652,0,5,TRUE,480.88065967527535,641.174212900367,961.7613193505507
Alexander,Single aerial survey,2006,260.76362856959764,0,5,TRUE,434.6060476159961,579.4747301546614,869.2120952319922
Alexander,Single aerial survey,2007,283.47722977781325,0,5,TRUE,472.46204962968875,629.9493995062517,944.9240992593775
Alexander,Single aerial survey,2008,476.83197208600427,0,5,TRUE,794.7199534766738,1059.626604635565,1589.4399069533476
Alexander,Single aerial survey,2009,651.7543123110723,0,4,FALSE,1086.2571871851205,1448.3429162468274,2172.514374370241
Alexander,Single aerial survey,2010,831.4950552841094,0,3,FALSE,1385.8250921401825,1847.766789520243,2771.650184280365
Alexander,Single aerial survey,2011,581.2661060532461,0,2,FALSE,968.7768434220768,1291.7024578961023,1937.5536868441536
Alexander,Single aerial survey,2012,64.4509,0,1,FALSE,107.41816666666668,143.22422222222224,214.83633333333336
Anchor,Weir count,1996,0,0,1,FALSE,0,0,0
Anchor,Weir count,1997,1858.2200000000003,141.54000000000002,2,FALSE,1999.7600000000002,1999.7600000000002,1999.7600000000002
Anchor,Weir count,1998,10329.844,928.239,3,FALSE,11258.082999999999,11258.082999999999,11258.082999999999
Anchor,Weir count,1999,11001.050000000001,1261.824,4,FALSE,12262.874000000002,12262.874000000002,12262.874000000002
Anchor,Weir count,2e3,11210.644,1469.681,5,TRUE,12680.325,12680.325,12680.325
Anchor,Weir count,2001,10702.939,1707.411,5,TRUE,12410.35,12410.35,12410.35
Anchor,Weir count,2002,7474.087214214214,1490.2133493493495,5,TRUE,8964.300563563564,8964.300563563564,8964.300563563564
Anchor,Weir count,2003,6822.431091091092,1598.392928928929,5,TRUE,8420.82402002002,8420.82402002002,8420.82402002002
Anchor,Weir count,2004,2832.213974974975,625.5402722722722,5,TRUE,3457.754247247247,3457.754247247247,3457.754247247247
Anchor,Weir count,2005,4505.626719719719,661.4494494494495,5,TRUE,5167.076169169169,5167.076169169169,5167.076169169169
Anchor,Weir count,2006,3535.479,426.10299999999995,5,TRUE,3961.582,3961.582,3961.582
Anchor,Weir count,2007,4563.115298597195,335.7001362725451,5,TRUE,4898.81543486974,4898.81543486974,4898.81543486974
Anchor,Weir count,2008,3804.029004008016,92.20129896155949,5,TRUE,3896.2303029695754,3896.2303029695754,3896.2303029695754
Anchor,Weir count,2009,3146.5974281309873,126.30829681741105,4,FALSE,3272.9057249483985,3272.9057249483985,3272.9057249483985
Anchor,Weir count,2010,6278.598522011055,247.18384836806482,3,FALSE,6525.78237037912,6525.78237037912,6525.78237037912
Anchor,Weir count,2011,4288.509747252748,162.77241958041958,2,FALSE,4451.282166833167,4451.282166833167,4451.282166833167
Anchor,Weir count,2012,1356.615,46.440000000000005,1,FALSE,1403.055,1403.055,1403.055
Anchor,NA,2009,0,0,0,FALSE,0,0,0
Anchor,NA,2010,0,0,0,FALSE,0,0,0
Anchor,NA,2011,0,0,0,FALSE,0,0,0
Anchor,NA,2012,0,0,0,FALSE,0,0,0
Anchor,NA,2013,0,0,0,FALSE,0,0,0
Campbell,Single foot survey,1980,315.31252473346825,0,3,FALSE,315.31252473346825,315.31252473346825,315.31252473346825
Campbell,Single foot survey,1981,563.4259101674368,0,3,FALSE,563.4259101674368,563.4259101674368,563.4259101674368
Campbell,Single foot survey,1982,414.06847593983656,0,3,FALSE,414.06847593983656,414.06847593983656,414.06847593983656
Campbell,Single foot survey,1983,221.19604738535202,0,4,FALSE,221.19604738535202,221.19604738535202,221.19604738535202
Campbell,Single foot survey,1984,277.58995999479293,0,4,FALSE,277.58995999479293,277.58995999479293,277.58995999479293
Campbell,Single foot survey,1985,482.4596492114411,0,4,FALSE,482.4596492114411,482.4596492114411,482.4596492114411
Campbell,Single foot survey,1986,790.7676212777186,1.347172279237781,5,TRUE,792.1147935569563,792.1147935569563,792.1147935569563
Campbell,Single foot survey,1987,909.5904041746181,22.994740720777024,5,TRUE,932.5851448953952,932.5851448953952,932.5851448953952
Campbell,Single foot survey,1988,1078.4592045558845,10.571143473954843,5,TRUE,1089.0303480298394,1089.0303480298394,1089.0303480298394
Campbell,Single foot survey,1989,739.3763845117387,5.516734733818125,5,TRUE,744.8931192455568,744.8931192455568,744.8931192455568
Campbell,Single foot survey,1990,458.13022375115855,0.57020879221223,5,TRUE,458.70043254337077,458.70043254337077,458.70043254337077
Campbell,Single foot survey,1991,688.7324614817065,0,5,TRUE,688.7324614817065,688.7324614817065,688.7324614817065
Campbell,Single foot survey,1992,998.0494098451522,0.5202512195189756,5,TRUE,998.5696610646712,998.5696610646712,998.5696610646712
Campbell,Single foot survey,1993,712.8930998046412,10.382979464318414,5,TRUE,723.2760792689596,723.2760792689596,723.2760792689596
Campbell,Single foot survey,1994,811.6301303841311,12.312729874011666,5,TRUE,823.9428602581428,823.9428602581428,823.9428602581428
Campbell,Single foot survey,1995,902.3527674162103,9.646444493130419,5,TRUE,911.9992119093407,911.9992119093407,911.9992119093407
Campbell,Single foot survey,1996,487.7607013458055,1.7739667206207623,5,TRUE,489.53466806642626,489.53466806642626,489.53466806642626
Campbell,Single foot survey,1997,705.0041662093876,3.7340654188677704,5,TRUE,708.7382316282553,708.7382316282553,708.7382316282553
Campbell,Single foot survey,1998,811.6256116872315,80.85151052197625,5,TRUE,892.4771222092078,892.4771222092078,892.4771222092078
Campbell,Single foot survey,1999,1065.7866570302233,169.40626579936696,5,TRUE,1235.1929228295903,1235.1929228295903,1235.1929228295903
Campbell,Single foot survey,2e3,1027.0144310969413,122.32476830920848,5,TRUE,1149.3391994061499,1149.3391994061499,1149.3391994061499
Campbell,Single foot survey,2001,858.6957950588912,59.4126866984394,5,TRUE,918.1084817573307,918.1084817573307,918.1084817573307
Campbell,Single foot survey,2002,714.3232740754296,47.56242533386902,5,TRUE,761.8856994092986,761.8856994092986,761.8856994092986
Campbell,Single foot survey,2003,494.12985382205466,25.624533759439817,5,TRUE,519.7543875814945,519.7543875814945,519.7543875814945
Campbell,Single foot survey,2004,289.54036894273474,9.73173624979661,5,TRUE,299.27210519253134,299.27210519253134,299.27210519253134
Campbell,Single foot survey,2005,462.38644882398137,16.736811556599143,4,FALSE,479.1232603805805,479.1232603805805,479.1232603805805
Campbell,Single foot survey,2006,246.20357105168551,10.93277891329522,3,FALSE,257.13634996498075,257.13634996498075,257.13634996498075
Campbell,Single foot survey,2007,101.62343295942583,2.046045667541094,3,FALSE,103.66947862696692,103.66947862696692,103.66947862696692
Campbell,Single foot survey,2008,56.07228010979416,0.079940698924731185,3,FALSE,56.15222080871889,56.15222080871889,56.15222080871889
Campbell,Single foot survey,2009,193.59199793842944,5.172205719451075,2,FALSE,198.76420365788053,198.76420365788053,198.76420365788053
Campbell,Single foot survey,2010,331.78021564143404,16.502684021066273,2,FALSE,348.2828996625003,348.2828996625003,348.2828996625003
Campbell,Single foot survey,2011,269.31615052981743,15.982589283183776,2,FALSE,285.2987398130012,285.2987398130012,285.2987398130012
Campbell,Single foot survey,2012,80.04017445122543,5.262580277374148,1,FALSE,85.30275472859958,85.30275472859958,85.30275472859958
Campbell,NA,1980,0,0,0,FALSE,0,0,0
Campbell,NA,1981,0,0,0,FALSE,0,0,0
Campbell,NA,1982,0,0,0,FALSE,0,0,0
Campbell,NA,1983,0,0,0,FALSE,0,0,0
Campbell,NA,1984,0,0,0,FALSE,0,0,0
Campbell,NA,1985,0,0,0,FALSE,0,0,0
Campbell,NA,2005,0,0,0,FALSE,0,0,0
Campbell,NA,2006,0,0,0,FALSE,0,0,0
Campbell,NA,2007,0,0,0,FALSE,0,0,0
Campbell,NA,2008,0,0,0,FALSE,0,0,0
Campbell,NA,2009,0,0,0,FALSE,0,0,0
Campbell,NA,2010,0,0,0,FALSE,0,0,0
Chuitna,Single aerial survey,1980,2267.6641530776733,1148.5330216817113,4,FALSE,4927.973276811167,6187.786695187651,8707.413531940623
Chuitna,Single aerial survey,1981,2163.5314139523325,1030.6133647992046,4,FALSE,4636.499054719759,5838.4609513599435,8242.384744640312
Chuitna,Single aerial survey,1982,3063.5685424886906,873.2142520720522,4,FALSE,5979.161822886537,7681.144346491365,11085.109393701021
Chuitna,Single aerial survey,1983,1161.862558464565,830.6912632729035,4,FALSE,2767.128860713845,3412.6080598608255,4703.566458154786
Chuitna,Single aerial survey,1984,723.3741182744938,1168.992894506707,4,FALSE,2374.6164249641965,2776.490935116693,3580.2399554216863
Chuitna,Single aerial survey,1985,622.219774740076,1094.5069762438998,5,TRUE,2131.5399341440266,2477.217586777402,3168.5728920441534
Chuitna,Single aerial survey,1986,1045.084717482266,1115.4682366050918,5,TRUE,2857.276099075535,3437.878719899016,4599.083961545978
Chuitna,Single aerial survey,1987,1642.7024139651296,1408.8945771655583,5,TRUE,4146.731933774107,5059.344385976958,6884.569290382657
Chuitna,Single aerial survey,1988,1407.331189790733,1267.2358315499396,5,TRUE,3612.787814534495,4394.638475529347,5958.33979751905
Chuitna,Single aerial survey,1989,1094.1636116969862,711.6618438369485,5,TRUE,2535.2678633319256,3143.136536496918,4358.873882826902
Chuitna,Single aerial survey,1990,918.2859385958349,825.4474173726513,5,TRUE,2355.923981699043,2866.0828364745066,3886.4005460254343
Chuitna,Single aerial survey,1991,1522.0182736843458,1215.1156603048405,5,TRUE,3751.8127831120837,4597.378490714497,6288.509905919326
Chuitna,Single aerial survey,1992,2315.46458797287,1656.5762287959888,5,TRUE,5515.683875417439,6802.053090957922,9374.79152203889
Chuitna,Single aerial survey,1993,2056.5653346343547,908.9715610356291,5,TRUE,4336.580452092887,5479.116749111972,7764.189343150145
Chuitna,Single aerial survey,1994,2421.7715430397893,1083.8573148516564,5,TRUE,5120.143219917972,6465.571854940077,9156.429124984288
Chuitna,Single aerial survey,1995,2463.663335047006,1242.5431797669191,5,TRUE,5348.6487381785955,6717.350590982488,9454.754296590272
Chuitna,Single aerial survey,1996,1015.6060599518312,734.4602978123481,5,TRUE,2427.1370643987334,2991.362653260862,4119.813830985119
Chuitna,Single aerial survey,1997,1592.4481451519835,1084.0159016951566,5,TRUE,3738.096143615129,4622.789557588453,6392.176385535102
Chuitna,Single aerial survey,1998,2222.2507049926553,1055.9842183716557,5,TRUE,4759.735393359415,5994.319118355334,8463.486568347174
Chuitna,Single aerial survey,1999,2617.7319236888466,940.4958407870985,5,TRUE,5303.382380268509,6757.67789342898,9666.26891974992
Chuitna,Single aerial survey,2e3,1857.5159471210259,717.4436149118851,5,TRUE,3813.3035267802616,4845.256830736387,6909.1634386486385
Chuitna,Single aerial survey,2001,1461.1174171362866,1037.041304008137,5,TRUE,3472.2369992352815,4283.968897644329,5907.432694462426
Chuitna,Single aerial survey,2002,1269.1674921905887,1201.806601638962,5,TRUE,3317.0857552899433,4022.1788065069372,5432.364908940925
Chuitna,Single aerial survey,2003,832.9892821732179,572.1286821871349,5,TRUE,1960.4441524758315,2423.215975905397,3348.759622764528
Chuitna,Single aerial survey,2004,531.7858711824433,115.00855845315851,5,TRUE,1001.3183437572307,1296.754938858588,1887.6281290613028
Chuitna,Single aerial survey,2005,999.9036492191881,104.86899278983455,5,TRUE,1771.3750748218147,2326.877102165808,3437.881156853795
Chuitna,Single aerial survey,2006,715.3666192282659,15.450134877623347,5,TRUE,1207.7278335914,1605.1537331626587,2400.0055323051765
Chuitna,Single aerial survey,2007,725.8224671238178,0,5,TRUE,1209.7041118730297,1612.938815830706,2419.4082237460593
Chuitna,Single aerial survey,2008,1140.824633603059,0,5,TRUE,1901.374389338432,2535.1658524512422,3802.748778676864
Chuitna,Single aerial survey,2009,1472.9348379348337,0,4,FALSE,2454.8913965580564,3273.1885287440746,4909.782793116113
Chuitna,Single aerial survey,2010,1302.5573363982169,0,3,FALSE,2170.9288939970284,2894.571858662704,4341.857787994057
Chuitna,Single aerial survey,2011,864.2084067227773,0,2,FALSE,1440.3473445379623,1920.4631260506162,2880.6946890759245
Chuitna,Single aerial survey,2012,240.48768011721398,0,1,FALSE,400.81280019535666,534.4170669271422,801.6256003907133
Chuitna,NA,1980,0,2.5319365083926817,0,FALSE,2.5319365083926817,2.5319365083926817,2.5319365083926817
Chuitna,NA,1981,0,122.96768145131018,0,FALSE,122.96768145131018,122.96768145131018,122.96768145131018
Chuitna,NA,1982,0,108.84603416756936,0,FALSE,108.84603416756936,108.84603416756936,108.84603416756936
Chuitna,NA,1983,0,35.80295611723425,0,FALSE,35.80295611723425,35.80295611723425,35.80295611723425
Chuitna,NA,1984,0,1.8513917554935135,0,FALSE,1.8513917554935135,1.8513917554935135,1.8513917554935135
Chulitna,Single aerial survey,1980,1003.2330074822381,0,4,FALSE,1672.0550124703968,2229.4066832938624,3344.1100249407937
Chulitna,Single aerial survey,1981,2610.7960142147444,0,3,FALSE,4351.326690357908,5801.76892047721,8702.653380715816
Chulitna,Single aerial survey,1982,2126.690755629736,0,2,FALSE,3544.484592716227,4725.979456954969,7088.969185432454
Chulitna,Single aerial survey,1983,806.0195456296827,0,2,FALSE,1343.3659093828046,1791.1545458437395,2686.731818765609
Chulitna,Single aerial survey,1984,1392.7261330464253,0,3,FALSE,2321.2102217440424,3094.9469623253894,4642.420443488085
Chulitna,Single aerial survey,1985,3021.3419187713944,0,3,FALSE,5035.569864618991,6714.09315282532,10071.139729237982
Chulitna,Single aerial survey,1986,3175.6993408517615,0,4,FALSE,5292.832234752936,7057.109646337248,10585.664469505871
Chulitna,Single aerial survey,1987,2753.003054020173,0,5,TRUE,4588.338423366955,6117.784564489273,9176.67684673391
Chulitna,Single aerial survey,1988,2184.5239173008326,0,5,TRUE,3640.8731955013877,4854.49759400185,7281.7463910027755
Chulitna,Single aerial survey,1989,2361.663226994701,0,5,TRUE,3936.1053783245015,5248.140504432668,7872.210756649003
Chulitna,Single aerial survey,1990,2601.292405681485,0,5,TRUE,4335.487342802475,5780.649790403299,8670.97468560495
Chulitna,Single aerial survey,1991,4214.492949090496,0,5,TRUE,7024.154915150827,9365.53988686777,14048.309830301654
Chulitna,Single aerial survey,1992,5141.652007061282,0,5,TRUE,8569.420011768805,11425.893349025071,17138.84002353761
Chulitna,Single aerial survey,1993,3342.6930573967884,0,5,TRUE,5571.155095661315,7428.206794215085,11142.31019132263
Chulitna,Single aerial survey,1994,4232.081204436468,0,5,TRUE,7053.468674060781,9404.624898747707,14106.937348121563
Chulitna,Single aerial survey,1995,4829.3746635134,0,5,TRUE,8048.957772522334,10731.943696696444,16097.915545044669
Chulitna,Single aerial survey,1996,3593.90316855362,0,4,FALSE,5989.838614256034,7986.451485674711,11979.677228512068
Chulitna,Single aerial survey,1997,4537.975532726154,0,4,FALSE,7563.29255454359,10084.390072724786,15126.58510908718
Chulitna,Single aerial survey,1998,3127.5582924973437,0,4,FALSE,5212.597154162239,6950.129538882986,10425.194308324479
Chulitna,Single aerial survey,1999,2280.841201515555,0,4,FALSE,3801.402002525925,5068.5360033679,7602.80400505185
Chulitna,Single aerial survey,2e3,2624.3502810948,0,4,FALSE,4373.917135158,5831.889513544,8747.834270316
Chulitna,Single aerial survey,2001,3272.1558104626497,0,5,TRUE,5453.59301743775,7271.457356583665,10907.1860348755
Chulitna,Single aerial survey,2002,4018.9480195042934,0,5,TRUE,6698.246699173823,8930.99559889843,13396.493398347646
Chulitna,Single aerial survey,2003,2875.0722342571185,0,5,TRUE,4791.787057095197,6389.049409460263,9583.574114190395
Chulitna,Single aerial survey,2004,1309.4359734915804,0,5,TRUE,2182.393289152634,2909.857718870179,4364.786578305268
Chulitna,Single aerial survey,2005,1945.5279707922496,0,5,TRUE,3242.5466179870828,4323.395490649444,6485.0932359741655
Chulitna,Single aerial survey,2006,1432.6216158176428,0,5,TRUE,2387.7026930294046,3183.6035907058726,4775.405386058809
Chulitna,Single aerial survey,2007,1102.0294459109418,0,5,TRUE,1836.7157431849032,2448.9543242465375,3673.4314863698064
Chulitna,Single aerial survey,2008,990.5044182998225,0,5,TRUE,1650.840697166371,2201.120929555161,3301.681394332742
Chulitna,Single aerial survey,2009,1306.1279524395566,0,4,FALSE,2176.879920732594,2902.506560976792,4353.759841465188
Chulitna,Single aerial survey,2010,1603.745814721046,0,3,FALSE,2672.9096912017435,3563.879588268991,5345.819382403487
Chulitna,Single aerial survey,2011,1262.7764132376979,0,2,FALSE,2104.6273553961632,2806.169807194884,4209.2547107923265
Chulitna,Single aerial survey,2012,383.92358907262104,0,1,FALSE,639.8726484543685,853.1635312724911,1279.745296908737
Chulitna,NA,1980,0,0,0,FALSE,0,0,0
Chulitna,NA,1981,0,0,0,FALSE,0,0,0
Chulitna,NA,1982,0,0,0,FALSE,0,0,0
Chulitna,NA,1983,0,0,0,FALSE,0,0,0
Chulitna,NA,1984,0,0,0,FALSE,0,0,0
Chulitna,NA,1985,0,0,0,FALSE,0,0,0
Chulitna,NA,1986,0,0,0,FALSE,0,0,0
Chulitna,NA,1996,0,0,0,FALSE,0,0,0
Chulitna,NA,1997,0,0,0,FALSE,0,0,0
Chulitna,NA,1998,0,0,0,FALSE,0,0,0
Chulitna,NA,1999,0,0,0,FALSE,0,0,0
Chulitna,NA,2e3,0,0,0,FALSE,0,0,0
Crooked,Weir count minus removals,1997,0,0,1,FALSE,0,0,0
Crooked,Weir count minus removals,1998,238.7807487684,0,2,FALSE,238.7807487684,238.7807487684,238.7807487684
Crooked,Weir count minus removals,1999,1275.9353602744,0,3,FALSE,1275.9353602744,1275.9353602744,1275.9353602744
Crooked,Weir count minus removals,2e3,2249.7616296895,0,4,FALSE,2249.7616296895,2249.7616296895,2249.7616296895
Crooked,Weir count minus removals,2001,1702.7215093995,0,5,TRUE,1702.7215093995,1702.7215093995,1702.7215093995
Crooked,Weir count minus removals,2002,1085.5307446351,0,5,TRUE,1085.5307446351,1085.5307446351,1085.5307446351
Crooked,Weir count minus removals,2003,784.0948744950435,0,5,TRUE,784.0948744950435,784.0948744950435,784.0948744950435
Crooked,Weir count minus removals,2004,678.0362339189196,0,5,TRUE,678.0362339189196,678.0362339189196,678.0362339189196
Crooked,Weir count minus removals,2005,882.4075555429637,0,5,TRUE,882.4075555429637,882.4075555429637,882.4075555429637
Crooked,Weir count minus removals,2006,776.692733267177,0,5,TRUE,776.692733267177,776.692733267177,776.692733267177
Crooked,Weir count minus removals,2007,633.526851523199,0,5,TRUE,633.526851523199,633.526851523199,633.526851523199
Crooked,Weir count minus removals,2008,893.8336863055806,0,5,TRUE,893.8336863055806,893.8336863055806,893.8336863055806
Crooked,Weir count minus removals,2009,1549.6949311087187,0,4,FALSE,1549.6949311087187,1549.6949311087187,1549.6949311087187
Crooked,Weir count minus removals,2010,1044.904709727498,0,3,FALSE,1044.904709727498,1044.904709727498,1044.904709727498
Crooked,Weir count minus removals,2011,628.078431344,0,2,FALSE,628.078431344,628.078431344,628.078431344
Crooked,Weir count minus removals,2012,0,0,1,FALSE,0,0,0
Crooked,NA,2009,0,0,0,FALSE,0,0,0
Crooked,NA,2010,0,0,0,FALSE,0,0,0
Crooked,NA,2011,0,0,0,FALSE,0,0,0
Crooked,NA,2012,0,0,0,FALSE,0,0,0
Crooked,NA,2013,0,0,0,FALSE,0,0,0
Deep,Single aerial survey,1980,590.3656442001643,453.27852307688966,5,TRUE,1437.2212634104967,1765.2021768550326,2421.164003744104
Deep,Single aerial survey,1981,1014.267390247424,699.3484478880848,5,TRUE,2389.7940983004582,2953.2759817712495,4080.239748712832
Deep,Single aerial survey,1982,944.730058394513,926.8355760617899,5,TRUE,2501.3856733859784,3026.2357058273747,4075.9357707101663
Deep,Single aerial survey,1983,540.4177942599717,684.4537312649484,5,TRUE,1585.150055031568,1885.3821629537745,2485.8463787981873
Deep,Single aerial survey,1984,331.4496442701559,873.8909529870184,5,TRUE,1426.3070267706116,1610.4457180318093,1978.7231005542048
Deep,Single aerial survey,1985,337.9264701255461,1309.4045541994058,5,TRUE,1872.6153377419826,2060.352265589508,2435.826121284559
Deep,Single aerial survey,1986,203.33416797072078,1392.8795296021972,5,TRUE,1731.7698095533985,1844.733236203799,2070.6600895046
Deep,Single aerial survey,1987,360.02192813719233,2077.3154187435734,5,TRUE,2677.351965638894,2877.364147937334,3277.388512534215
Deep,Single aerial survey,1988,374.57285557684304,2352.962437919267,5,TRUE,2977.2505305473387,3185.346561423363,3601.5386231754105
Deep,Single aerial survey,1989,253.2277924832901,1446.8672569786509,5,TRUE,1868.9135777841343,2009.5956847192956,2290.9598985896178
Deep,Single aerial survey,1990,174.042474569868,911.6610632006801,5,TRUE,1201.73185415046,1298.4221178003868,1491.8026451002402
Deep,Single aerial survey,1991,180.73436233947407,1032.6975771879866,5,TRUE,1333.9215144204434,1434.329493497929,1635.1454516529002
Deep,Single aerial survey,1992,410.926924811236,1114.5134828875946,5,TRUE,1799.3916909063214,2027.6844269125636,2484.269898925048
Deep,Single aerial survey,1993,596.7554972059544,583.2736216195689,5,TRUE,1577.8661169628263,1909.3969487439117,2572.4586123060835
Deep,Single aerial survey,1994,813.5133680378925,754.54633513708,5,TRUE,2110.4019485335675,2562.35381966573,3466.257561930055
Deep,Single aerial survey,1995,865.9688840892079,945.9923871839449,5,TRUE,2389.273860665958,2870.367685159962,3832.5553341479717
Deep,Single aerial survey,1996,423.6367850065881,425.9613674540959,5,TRUE,1132.0226757984096,1367.3764452465139,1838.0839841427232
Deep,Single aerial survey,1997,694.9318899548365,585.4195848334398,5,TRUE,1743.639401424834,2129.712673621965,2901.859218016228
Deep,Single aerial survey,1998,932.639805419827,713.1740710689097,5,TRUE,2267.5737467686213,2785.7069720018585,3821.973422468333
Deep,Single aerial survey,1999,1187.3685911749658,856.8429050607723,5,TRUE,2835.7905570190487,3495.4397743384743,4814.738208977325
Deep,Single aerial survey,2e3,900.1309346147219,628.0291056498272,5,TRUE,2128.247330007697,2628.3200714603204,3628.465554365567
Deep,Single aerial survey,2001,624.5087972786274,524.6588544546287,5,TRUE,1565.5068499190077,1912.4561817404674,2606.3548453833864
Deep,Single aerial survey,2002,484.72487882239295,611.3225782596023,5,TRUE,1419.197376296924,1688.4889756426978,2227.0721743342456
Deep,Single aerial survey,2003,338.42798061394194,469.60767320390386,5,TRUE,1033.6543075604739,1221.669852345997,1597.7009419170438
Deep,Single aerial survey,2004,243.91523679094047,197.65139536957253,5,TRUE,604.17679002114,739.6852549049959,1010.7021846727075
Deep,Single aerial survey,2005,560.5266732997325,246.0331046766372,5,TRUE,1180.244226842858,1491.6479342315984,2114.455349009079
Deep,Single aerial survey,2006,543.4347123540964,204.8958357289491,5,TRUE,1110.6203563191098,1412.5285298491633,2016.3448769092706
Deep,Single aerial survey,2007,485.61214049037454,126.8036967674206,5,TRUE,936.1572642513781,1205.9417867460306,1745.5108317353358
Deep,Single aerial survey,2008,487.9188397818826,88.62425828653296,5,TRUE,901.8223245896706,1172.8883466907164,1715.0203908928083
Deep,Single aerial survey,2009,519.2989413410012,127.37302978329548,4,FALSE,992.8712653516308,1281.3706772077426,1858.3695009199662
Deep,Single aerial survey,2010,420.81412839159026,153.0908996267861,3,FALSE,854.4477802794365,1088.2334071636533,1555.804660932087
Deep,Single aerial survey,2011,256.3914779368075,118.94581153757667,2,FALSE,546.2649414322559,688.704651397149,973.5840713269351
Deep,Single aerial survey,2012,65.47628949756208,35.98136282669767,1,FALSE,145.10851198930115,181.48422837683563,254.23566115190462
Deshka,Expansion of aerial surveys based on weir count : aerial survey regression,1980,32257.359938328755,7043.174276412488,5,TRUE,39300.534214741245,39300.534214741245,39300.534214741245
Deshka,Expansion of aerial surveys based on weir count : aerial survey regression,1981,39950.11761488242,8857.19449736365,5,TRUE,48807.31211224607,48807.31211224607,48807.31211224607
Deshka,Expansion of aerial surveys based on weir count : aerial survey regression,1982,62991.777024361545,14526.230200800712,4,FALSE,77518.00722516226,77518.00722516226,77518.00722516226
Deshka,Expansion of aerial surveys based on weir count : aerial survey regression,1983,18312.00015713248,4493.005785923923,4,FALSE,22805.005943056403,22805.005943056403,22805.005943056403
Deshka,Expansion of aerial surveys based on weir count : aerial survey regression,1984,25007.25113477597,6917.708546282364,4,FALSE,31924.95968105833,31924.95968105833,31924.95968105833
Deshka,Expansion of aerial surveys based on weir count : aerial survey regression,1985,22910.38781740547,11772.800244018412,4,FALSE,34683.18806142388,34683.18806142388,34683.18806142388
Deshka,Expansion of aerial surveys based on weir count : aerial survey regression,1986,21589.332593824427,11400.054378495086,4,FALSE,32989.38697231951,32989.38697231951,32989.38697231951
Deshka,Expansion of aerial surveys based on weir count : aerial survey regression,1987,16229.785783297293,10997.925299839828,5,TRUE,27227.71108313712,27227.71108313712,27227.71108313712
Deshka,Expansion of aerial surveys based on weir count : aerial survey regression,1988,15692.89872930802,8313.166991739994,4,FALSE,24006.065721048013,24006.065721048013,24006.065721048013
Deshka,Expansion of aerial surveys based on weir count : aerial survey regression,1989,9908.484858760545,4292.309442337926,3,FALSE,14200.79430109847,14200.79430109847,14200.79430109847
Deshka,Expansion of aerial surveys based on weir count : aerial survey regression,1990,1550.3153611393693,196.7853509664293,2,FALSE,1747.1007121057987,1747.1007121057987,1747.1007121057987
Deshka,Expansion of aerial surveys based on weir count : aerial survey regression,1991,273.1444332998997,25.456369107321965,2,FALSE,298.60080240722164,298.60080240722164,298.60080240722164
Deshka,Expansion of aerial surveys based on weir count : aerial survey regression,1992,13836.163094145659,1289.4953431723743,1,FALSE,15125.658437318034,15125.658437318034,15125.658437318034
Deshka,Expansion of aerial surveys based on weir count : aerial survey regression,1993,15100.431613990908,1407.321965897693,1,FALSE,16507.753579888602,16507.753579888602,16507.753579888602
Deshka,Expansion of aerial surveys based on weir count : aerial survey regression,1994,7100.260858563533,661.7263218226107,1,FALSE,7761.987180386143,7761.987180386143,7761.987180386143
Deshka,Expansion of aerial surveys based on weir count : aerial survey regression,1995,0,0,1,FALSE,0,0,0
Deshka,Weir count,1988,80.30369630369633,0,1,FALSE,80.30369630369633,80.30369630369633,80.30369630369633
Deshka,Weir count,1989,3001.3506493506497,0,2,FALSE,3001.3506493506497,3001.3506493506497,3001.3506493506497
Deshka,Weir count,1990,5549.7821457821465,1.4534534534534536,3,FALSE,5551.2355992356,5551.2355992356,5551.2355992356
Deshka,Weir count,1991,14956.909324725959,11.443471527639865,3,FALSE,14968.352796253599,14968.352796253599,14968.352796253599
Deshka,Weir count,1992,30314.349306816242,39.87064619729951,4,FALSE,30354.21995301354,30354.21995301354,30354.21995301354
Deshka,Weir count,1993,13637.408664175198,899.262374599048,4,FALSE,14536.671038774246,14536.671038774246,14536.671038774246
Deshka,Weir count,1994,16630.019894527795,2247.0015106790156,4,FALSE,18877.02140520681,18877.02140520681,18877.02140520681
Deshka,Weir count,1995,44794.06631831832,8023.840543543544,4,FALSE,52817.90686186186,52817.90686186186,52817.90686186186
Deshka,Weir count,1996,21761.51,3773.507,5,TRUE,25535.017,25535.017,25535.017
Deshka,Weir count,1997,29447.326995983938,4717.303076305221,5,TRUE,34164.63007228916,34164.63007228916,34164.63007228916
Deshka,Weir count,1998,36149.32080321285,5800.093738955823,5,TRUE,41949.41454216868,41949.41454216868,41949.41454216868
Deshka,Weir count,1999,57913.575004016064,9340.48492369478,5,TRUE,67254.05992771084,67254.05992771084,67254.05992771084
Deshka,Weir count,2e3,39631.12119678715,7658.268261044177,5,TRUE,47289.38945783133,47289.38945783133,47289.38945783133
Deshka,Weir count,2001,32300.002,7586.347000000001,5,TRUE,39886.349,39886.349,39886.349
Deshka,Weir count,2002,24371.088179820177,6854.980239760239,5,TRUE,31226.068419580417,31226.068419580417,31226.068419580417
Deshka,Weir count,2003,5800.72631968032,1402.6040929070928,5,TRUE,7203.330412587413,7203.330412587413,7203.330412587413
Deshka,Weir count,2004,5664.544185184185,784.6327243897244,5,TRUE,6449.176909573909,6449.176909573909,6449.176909573909
Deshka,Weir count,2005,22256.45237837838,3055.0865315315314,5,TRUE,25311.538909909912,25311.538909909912,25311.538909909912
Deshka,Weir count,2006,18207.540971874972,2966.6004025014026,5,TRUE,21174.141374376377,21174.141374376377,21174.141374376377
Deshka,Weir count,2007,11947.838214812215,1475.4118880308881,5,TRUE,13423.250102843103,13423.250102843103,13423.250102843103
Deshka,Weir count,2008,20902.22194905095,1766.8870309690308,5,TRUE,22669.10898001998,22669.10898001998,22669.10898001998
Deshka,Weir count,2009,14148.039042957043,1075.5906833166835,4,FALSE,15223.629726273726,15223.629726273726,15223.629726273726
Deshka,Weir count,2010,19140.381483516485,1515.6359140859142,3,FALSE,20656.017397602398,20656.017397602398,20656.017397602398
Deshka,Weir count,2011,8009.3612747252755,637.7244925074925,2,FALSE,8647.085767232767,8647.085767232767,8647.085767232767
Deshka,Weir count,2012,2674.76,211.97,1,FALSE,2886.73,2886.73,2886.73
Deshka,NA,1982,0,179.15015015015015,0,FALSE,179.15015015015015,179.15015015015015,179.15015015015015
Deshka,NA,1983,0,6366.720720720721,0,FALSE,6366.720720720721,6366.720720720721,6366.720720720721
Deshka,NA,1984,0,3500.3183183183182,0,FALSE,3500.3183183183182,3500.3183183183182,3500.3183183183182
Deshka,NA,1985,0,3500.3183183183182,0,FALSE,3500.3183183183182,3500.3183183183182,3500.3183183183182
Deshka,NA,1986,0,220.4924924924925,0,FALSE,220.4924924924925,220.4924924924925,220.4924924924925
Kenai.Late,ADFG stock assessment,1980,23347.35405,4461.5018,2,FALSE,27808.85585,27808.85585,27808.85585
Kenai.Late,ADFG stock assessment,1981,64512.94822562994,16723.262666952698,3,FALSE,81236.21089258263,81236.21089258263,81236.21089258263
Kenai.Late,ADFG stock assessment,1982,55044.401317093216,21161.046132170133,4,FALSE,76205.44744926335,76205.44744926335,76205.44744926335
Kenai.Late,ADFG stock assessment,1983,22669.377497920264,8079.813992961144,5,TRUE,30749.191490881407,30749.191490881407,30749.191490881407
Kenai.Late,ADFG stock assessment,1984,23397.214332276333,6340.999471991675,5,TRUE,29738.21380426801,29738.21380426801,29738.21380426801
Kenai.Late,ADFG stock assessment,1985,29839.31763043683,7741.372951772859,5,TRUE,37580.69058220969,37580.69058220969,37580.69058220969
Kenai.Late,ADFG stock assessment,1986,35374.51980042732,8651.735290051442,5,TRUE,44026.255090478764,44026.255090478764,44026.255090478764
Kenai.Late,ADFG stock assessment,1987,33497.09782534461,16266.222507484737,5,TRUE,49763.320332829346,49763.320332829346,49763.320332829346
Kenai.Late,ADFG stock assessment,1988,31942.285389810073,18216.893228960074,5,TRUE,50159.17861877015,50159.17861877015,50159.17861877015
Kenai.Late,ADFG stock assessment,1989,23753.249819873017,10097.522045975213,5,TRUE,33850.77186584823,33850.77186584823,33850.77186584823
Kenai.Late,ADFG stock assessment,1990,26009.94073132836,7524.603949517951,5,TRUE,33534.54468084631,33534.54468084631,33534.54468084631
Kenai.Late,ADFG stock assessment,1991,38257.4180299292,14268.471405243194,5,TRUE,52525.889435172394,52525.889435172394,52525.889435172394
Kenai.Late,ADFG stock assessment,1992,37217.24018933608,9319.511093528794,5,TRUE,46536.751282864876,46536.751282864876,46536.751282864876
Kenai.Late,ADFG stock assessment,1993,24785.987772577784,9745.717822882294,5,TRUE,34531.70559546008,34531.70559546008,34531.70559546008
Kenai.Late,ADFG stock assessment,1994,34275.43293801699,14384.015190507796,5,TRUE,48659.44812852478,48659.44812852478,48659.44812852478
Kenai.Late,ADFG stock assessment,1995,40693.898733350004,17866.41760123179,5,TRUE,58560.316334581796,58560.316334581796,58560.316334581796
Kenai.Late,ADFG stock assessment,1996,36248.13771950106,11319.374340056203,5,TRUE,47567.51205955726,47567.51205955726,47567.51205955726
Kenai.Late,ADFG stock assessment,1997,51021.25725208511,13997.986718034465,5,TRUE,65019.243970119576,65019.243970119576,65019.243970119576
Kenai.Late,ADFG stock assessment,1998,59153.43131008465,16031.226670893768,5,TRUE,75184.65798097842,75184.65798097842,75184.65798097842
Kenai.Late,ADFG stock assessment,1999,80932.90028969958,23181.550209799338,5,TRUE,104114.45049949893,104114.45049949893,104114.45049949893
Kenai.Late,ADFG stock assessment,2e3,48127.84901013806,14825.61007734523,5,TRUE,62953.459087483294,62953.459087483294,62953.459087483294
Kenai.Late,ADFG stock assessment,2001,32100.614608721626,10071.9144189156,5,TRUE,42172.529027637225,42172.529027637225,42172.529027637225
Kenai.Late,ADFG stock assessment,2002,41966.49173390968,13902.605710759834,5,TRUE,55869.09744466951,55869.09744466951,55869.09744466951
Kenai.Late,ADFG stock assessment,2003,27475.339383444,10329.31969370935,5,TRUE,37804.65907715335,37804.65907715335,37804.65907715335
Kenai.Late,ADFG stock assessment,2004,9926.98531709545,4895.769406934657,5,TRUE,14822.754724030106,14822.754724030106,14822.754724030106
Kenai.Late,ADFG stock assessment,2005,19157.58418191217,8743.526691379573,5,TRUE,27901.110873291742,27901.110873291742,27901.110873291742
Kenai.Late,ADFG stock assessment,2006,15319.736236432662,2819.3224447202624,5,TRUE,18139.058681152925,18139.058681152925,18139.058681152925
Kenai.Late,ADFG stock assessment,2007,21546.96344722333,2477.9540621795286,5,TRUE,24024.917509402858,24024.917509402858,24024.917509402858
Kenai.Late,ADFG stock assessment,2008,14508.43462530608,456.72386195700216,5,TRUE,14965.158487263081,14965.158487263081,14965.158487263081
Kenai.Late,ADFG stock assessment,2009,16845.0880032471,861.3701668145846,4,FALSE,17706.458170061684,17706.458170061684,17706.458170061684
Kenai.Late,ADFG stock assessment,2010,14813.602094623657,1023.271788172043,3,FALSE,15836.8738827957,15836.8738827957,15836.8738827957
Kenai.Late,ADFG stock assessment,2011,6546.569131182796,570.4866086021507,2,FALSE,7117.055739784946,7117.055739784946,7117.055739784946
Kenai.Late,ADFG stock assessment,2012,675.5593720430107,66.08797849462366,1,FALSE,741.6473505376343,741.6473505376343,741.6473505376343
Kenai.Late,NA,2009,0,0,0,FALSE,0,0,0
Kenai.Late,NA,2010,0,0,0,FALSE,0,0,0
Kenai.Late,NA,2011,0,0,0,FALSE,0,0,0
Kenai.Late,NA,2012,0,0,0,FALSE,0,0,0
Kenai.Late,NA,2013,0,0,0,FALSE,0,0,0
Lewis,Single aerial survey,1980,666.0950066834288,0,4,FALSE,1110.1583444723813,1480.211125963175,2220.3166889447625
Lewis,Single aerial survey,1981,935.6332107028783,0,5,TRUE,1559.388684504797,2079.1849126730626,3118.777369009594
Lewis,Single aerial survey,1982,986.7373051704092,0,5,TRUE,1644.5621752840154,2192.7495670453536,3289.124350568031
Lewis,Single aerial survey,1983,498.06489380230113,0,5,TRUE,830.1081563371686,1106.8108751162247,1660.2163126743371
Lewis,Single aerial survey,1984,262.3752464559538,0,5,TRUE,437.2920774265897,583.0561032354528,874.5841548531794
Lewis,Single aerial survey,1985,297.135336402363,0,5,TRUE,495.22556067060503,660.3007475608067,990.4511213412101
Lewis,Single aerial survey,1986,386.51358422848,0,5,TRUE,644.1893070474667,858.9190760632889,1288.3786140949335
Lewis,Single aerial survey,1987,476.27752774449056,0,5,TRUE,793.795879574151,1058.3945060988679,1587.591759148302
Lewis,Single aerial survey,1988,307.23944535672007,0,5,TRUE,512.0657422612002,682.7543230149334,1024.1314845224003
Lewis,Single aerial survey,1989,195.49196392074177,0,5,TRUE,325.819939867903,434.42658649053726,651.639879735806
Lewis,Single aerial survey,1990,155.15154894124478,0,5,TRUE,258.58591490207465,344.78121986943285,517.1718298041493
Lewis,Single aerial survey,1991,389.66168564533456,0,5,TRUE,649.4361427422243,865.9148569896323,1298.8722854844486
Lewis,Single aerial survey,1992,727.6248873656655,0,5,TRUE,1212.7081456094425,1616.9441941459231,2425.416291218885
Lewis,Single aerial survey,1993,510.1502416990898,0,5,TRUE,850.2504028318164,1133.667203775755,1700.5008056636327
Lewis,Single aerial survey,1994,596.1029952361937,0,5,TRUE,993.5049920603228,1324.673322747097,1987.0099841206456
Lewis,Single aerial survey,1995,654.4913305459685,0,5,TRUE,1090.8188842432808,1454.425178991041,2181.6377684865615
Lewis,Single aerial survey,1996,328.8634411716547,0,5,TRUE,548.1057352860912,730.8076470481216,1096.2114705721824
Lewis,Single aerial survey,1997,542.6622779056191,0,5,TRUE,904.4371298426986,1205.9161731235981,1808.8742596853972
Lewis,Single aerial survey,1998,780.7799874429622,0,5,TRUE,1301.2999790716037,1735.0666387621382,2602.5999581432075
Lewis,Single aerial survey,1999,910.3409232753722,0,5,TRUE,1517.2348721256205,2022.9798295008272,3034.469744251241
Lewis,Single aerial survey,2e3,542.0957674072793,0,5,TRUE,903.4929456787988,1204.657260905065,1806.9858913575977
Lewis,Single aerial survey,2001,262.83938447358065,0,5,TRUE,438.0656407893011,584.0875210524015,876.1312815786022
Lewis,Single aerial survey,2002,136.8769641139628,0,5,TRUE,228.12827352327133,304.1710313643618,456.25654704654266
Lewis,Single aerial survey,2003,93.66472744486833,0,5,TRUE,156.10787907478056,208.14383876637407,312.2157581495611
Lewis,Single aerial survey,2004,61.54645083459955,0,5,TRUE,102.57741805766591,136.76989074355456,205.15483611533182
Lewis,Single aerial survey,2005,101.08812431366935,0,5,TRUE,168.48020718944892,224.64027625259857,336.96041437889784
Lewis,Single aerial survey,2006,76.26507609384088,0,5,TRUE,127.10846015640146,169.47794687520195,254.21692031280293
Lewis,Single aerial survey,2007,67.98397281722846,0,5,TRUE,113.30662136204744,151.07549514939657,226.61324272409487
Lewis,Single aerial survey,2008,107.1983968819587,0,5,TRUE,178.6639948032645,238.21865973768598,357.327989606529
Lewis,Single aerial survey,2009,50.17652878297083,0,4,FALSE,83.62754797161804,111.50339729549073,167.25509594323609
Lewis,Single aerial survey,2010,24.821567556181716,0,3,FALSE,41.36927926030286,55.15903901373714,82.73855852060572
Lewis,Single aerial survey,2011,7.698437726560807,0,2,FALSE,12.830729544268012,17.10763939235735,25.661459088536024
Lewis,Single aerial survey,2012,0.6119279392295521,0,1,FALSE,1.0198798987159203,1.3598398649545602,2.0397597974318407
Lewis,NA,1980,0,0,0,FALSE,0,0,0
LittleSusitna,Expansion of aerial surveys based on ratio of paired aerial survey and weir count data,1980,959.7207590670888,0,4,FALSE,959.7207590670888,959.7207590670888,959.7207590670888
LittleSusitna,Expansion of aerial surveys based on ratio of paired aerial survey and weir count data,1981,2018.372006767147,0,3,FALSE,2018.372006767147,2018.372006767147,2018.372006767147
LittleSusitna,Expansion of aerial surveys based on ratio of paired aerial survey and weir count data,1982,1354.8617673242763,0,2,FALSE,1354.8617673242763,1354.8617673242763,1354.8617673242763
LittleSusitna,Expansion of aerial surveys based on ratio of paired aerial survey and weir count data,1983,512.1326462651659,0,2,FALSE,512.1326462651659,512.1326462651659,512.1326462651659
LittleSusitna,Expansion of aerial surveys based on ratio of paired aerial survey and weir count data,1984,1055.2777659346202,0,3,FALSE,1055.2777659346202,1055.2777659346202,1055.2777659346202
LittleSusitna,Expansion of aerial surveys based on ratio of paired aerial survey and weir count data,1985,1717.3109246978047,0,3,FALSE,1717.3109246978047,1717.3109246978047,1717.3109246978047
LittleSusitna,Expansion of aerial surveys based on ratio of paired aerial survey and weir count data,1986,2792.917648836756,0,3,FALSE,2792.917648836756,2792.917648836756,2792.917648836756
LittleSusitna,Expansion of aerial surveys based on ratio of paired aerial survey and weir count data,1987,1263.3637670685468,0,3,FALSE,1263.3637670685468,1263.3637670685468,1263.3637670685468
LittleSusitna,Expansion of aerial surveys based on ratio of paired aerial survey and weir count data,1988,451.313061022786,0,2,FALSE,451.313061022786,451.313061022786,451.313061022786
LittleSusitna,Expansion of aerial surveys based on ratio of paired aerial survey and weir count data,1989,172.58451852290113,0,2,FALSE,172.58451852290113,172.58451852290113,172.58451852290113
LittleSusitna,Expansion of aerial surveys based on ratio of paired aerial survey and weir count data,1990,841.2307681414255,0,1,FALSE,841.2307681414255,841.2307681414255,841.2307681414255
LittleSusitna,Expansion of aerial surveys based on ratio of paired aerial survey and weir count data,1991,955.3739792502165,0,2,FALSE,955.3739792502165,955.3739792502165,955.3739792502165
LittleSusitna,Expansion of aerial surveys based on ratio of paired aerial survey and weir count data,1992,1663.7486709067643,0,2,FALSE,1663.7486709067643,1663.7486709067643,1663.7486709067643
LittleSusitna,Expansion of aerial surveys based on ratio of paired aerial survey and weir count data,1993,786.4017487729677,0,3,FALSE,786.4017487729677,786.4017487729677,786.4017487729677
LittleSusitna,Expansion of aerial surveys based on ratio of paired aerial survey and weir count data,1994,1518.0694138672495,0,3,FALSE,1518.0694138672495,1518.0694138672495,1518.0694138672495
LittleSusitna,Expansion of aerial surveys based on ratio of paired aerial survey and weir count data,1995,2477.8906612704004,0,4,FALSE,2477.8906612704004,2477.8906612704004,2477.8906612704004
LittleSusitna,Expansion of aerial surveys based on ratio of paired aerial survey and weir count data,1996,2167.9529667947313,0,4,FALSE,2167.9529667947313,2167.9529667947313,2167.9529667947313
LittleSusitna,Expansion of aerial surveys based on ratio of paired aerial survey and weir count data,1997,3086.546421614127,0,5,TRUE,3086.546421614127,3086.546421614127,3086.546421614127
LittleSusitna,Expansion of aerial surveys based on ratio of paired aerial survey and weir count data,1998,3327.470235094875,0,5,TRUE,3327.470235094875,3327.470235094875,3327.470235094875
LittleSusitna,Expansion of aerial surveys based on ratio of paired aerial survey and weir count data,1999,4331.656353975967,0,5,TRUE,4331.656353975967,4331.656353975967,4331.656353975967
LittleSusitna,Expansion of aerial surveys based on ratio of paired aerial survey and weir count data,2e3,4365.861774895884,0,5,TRUE,4365.861774895884,4365.861774895884,4365.861774895884
LittleSusitna,Expansion of aerial surveys based on ratio of paired aerial survey and weir count data,2001,4038.4259336335967,0,5,TRUE,4038.4259336335967,4038.4259336335967,4038.4259336335967
LittleSusitna,Expansion of aerial surveys based on ratio of paired aerial survey and weir count data,2002,4042.036202302569,0,5,TRUE,4042.036202302569,4042.036202302569,4042.036202302569
LittleSusitna,Expansion of aerial surveys based on ratio of paired aerial survey and weir count data,2003,2959.746498545074,0,5,TRUE,2959.746498545074,2959.746498545074,2959.746498545074
LittleSusitna,Expansion of aerial surveys based on ratio of paired aerial survey and weir count data,2004,1496.591165312276,0,5,TRUE,1496.591165312276,1496.591165312276,1496.591165312276
LittleSusitna,Expansion of aerial surveys based on ratio of paired aerial survey and weir count data,2005,2272.06280129498,0,5,TRUE,2272.06280129498,2272.06280129498,2272.06280129498
LittleSusitna,Expansion of aerial surveys based on ratio of paired aerial survey and weir count data,2006,1949.3596263720492,0,5,TRUE,1949.3596263720492,1949.3596263720492,1949.3596263720492
LittleSusitna,Expansion of aerial surveys based on ratio of paired aerial survey and weir count data,2007,2470.1826384056635,0,4,FALSE,2470.1826384056635,2470.1826384056635,2470.1826384056635
LittleSusitna,Expansion of aerial surveys based on ratio of paired aerial survey and weir count data,2008,2245.9155871453436,0,3,FALSE,2245.9155871453436,2245.9155871453436,2245.9155871453436
LittleSusitna,Expansion of aerial surveys based on ratio of paired aerial survey and weir count data,2009,2035.8855905393823,0,2,FALSE,2035.8855905393823,2035.8855905393823,2035.8855905393823
LittleSusitna,Expansion of aerial surveys based on ratio of paired aerial survey and weir count data,2010,30.821392532795162,0,1,FALSE,30.821392532795162,30.821392532795162,30.821392532795162
LittleSusitna,Weir count,1981,0,0,1,FALSE,0,0,0
LittleSusitna,Weir count,1982,5805.893997997998,0,2,FALSE,5805.893997997998,5805.893997997998,5805.893997997998
LittleSusitna,Weir count,1983,4807.814414414414,0,2,FALSE,4807.814414414414,4807.814414414414,4807.814414414414
LittleSusitna,Weir count,1984,1168.0383343343344,0,2,FALSE,1168.0383343343344,1168.0383343343344,1168.0383343343344
LittleSusitna,Weir count,1985,297.25325325325326,0,2,FALSE,297.25325325325326,297.25325325325326,297.25325325325326
LittleSusitna,Weir count,1986,0,0,1,FALSE,0,0,0
LittleSusitna,Weir count,1987,11.935935935935936,0,1,FALSE,11.935935935935936,11.935935935935936,11.935935935935936
LittleSusitna,Weir count,1988,2009.7718695297535,0,2,FALSE,2009.7718695297535,2009.7718695297535,2009.7718695297535
LittleSusitna,Weir count,1989,2193.8856068683126,0,2,FALSE,2193.8856068683126,2193.8856068683126,2193.8856068683126
LittleSusitna,Weir count,1990,1007.9966181848176,0,2,FALSE,1007.9966181848176,1007.9966181848176,1007.9966181848176
LittleSusitna,Weir count,1991,650.40996948118,0,2,FALSE,650.40996948118,650.40996948118,650.40996948118
LittleSusitna,Weir count,1992,0,0,1,FALSE,0,0,0
LittleSusitna,Weir count,2007,0,0,1,FALSE,0,0,0
LittleSusitna,Weir count,2008,435.76500000000004,0,2,FALSE,435.76500000000004,435.76500000000004,435.76500000000004
LittleSusitna,Weir count,2009,2136.185,0,2,FALSE,2136.185,2136.185,2136.185
LittleSusitna,Weir count,2010,1671.0610000000001,0,2,FALSE,1671.0610000000001,1671.0610000000001,1671.0610000000001
LittleSusitna,Weir count,2011,2902.737,0,2,FALSE,2902.737,2902.737,2902.737
LittleSusitna,Weir count,2012,1015.2520000000001,0,1,FALSE,1015.2520000000001,1015.2520000000001,1015.2520000000001
LittleSusitna,NA,1980,0,0,0,FALSE,0,0,0
LittleSusitna,NA,1981,0,0,0,FALSE,0,0,0
LittleSusitna,NA,1982,0,0,0,FALSE,0,0,0
LittleSusitna,NA,1983,0,0,0,FALSE,0,0,0
LittleSusitna,NA,1986,0,0,0,FALSE,0,0,0
LittleSusitna,NA,1987,0,0,0,FALSE,0,0,0
LittleSusitna,NA,1988,0,0,0,FALSE,0,0,0
LittleSusitna,NA,1989,0,0,0,FALSE,0,0,0
LittleSusitna,NA,1990,0,0,0,FALSE,0,0,0
LittleSusitna,NA,1991,0,0,0,FALSE,0,0,0
LittleSusitna,NA,1992,0,0,0,FALSE,0,0,0
LittleSusitna,NA,1993,0,0,0,FALSE,0,0,0
LittleSusitna,NA,1994,0,0,0,FALSE,0,0,0
LittleSusitna,NA,1995,0,0,0,FALSE,0,0,0
LittleSusitna,NA,1996,0,0,0,FALSE,0,0,0
LittleSusitna,NA,2009,0,0,0,FALSE,0,0,0
LittleSusitna,NA,2010,0,0,0,FALSE,0,0,0
LittleSusitna,NA,2011,0,0,0,FALSE,0,0,0
LittleSusitna,NA,2012,0,0,0,FALSE,0,0,0
LittleSusitna,NA,2013,0,0,0,FALSE,0,0,0
LittleWillow,Single aerial survey,1980,1112.0043518066698,0,4,FALSE,1853.3405863444498,2471.1207817925992,3706.6811726888996
LittleWillow,Single aerial survey,1981,1849.2852818666804,0,4,FALSE,3082.1421364444673,4109.522848592623,6164.2842728889345
LittleWillow,Single aerial survey,1982,2164.6711064177666,0,5,TRUE,3607.7851773629445,4810.380236483926,7215.570354725889
LittleWillow,Single aerial survey,1983,1263.6747382272351,0,5,TRUE,2106.1245637120587,2808.1660849494115,4212.249127424117
LittleWillow,Single aerial survey,1984,956.736940884784,0,5,TRUE,1594.5615681413067,2126.0820908550754,3189.1231362826134
LittleWillow,Single aerial survey,1985,806.474964279851,0,5,TRUE,1344.1249404664184,1792.1665872885576,2688.2498809328367
LittleWillow,Single aerial survey,1986,756.78909280144,0,5,TRUE,1261.3151546690667,1681.7535395587556,2522.6303093381334
LittleWillow,Single aerial survey,1987,691.5255194228899,0,5,TRUE,1152.5425323714833,1536.723376495311,2305.0850647429666
LittleWillow,Single aerial survey,1988,776.7169931120901,0,5,TRUE,1294.5283218534835,1726.0377624713112,2589.056643706967
LittleWillow,Single aerial survey,1989,828.9637847094453,0,5,TRUE,1381.6063078490756,1842.1417437987675,2763.2126156981512
LittleWillow,Single aerial survey,1990,790.7555296124546,0,5,TRUE,1317.9258826874243,1757.234510249899,2635.8517653748486
LittleWillow,Single aerial survey,1991,1481.0536099040876,0,5,TRUE,2468.4226831734795,3291.2302442313057,4936.845366346959
LittleWillow,Single aerial survey,1992,2261.56866583103,0,5,TRUE,3769.2811097183835,5025.708146291178,7538.562219436767
LittleWillow,Single aerial survey,1993,1454.5134250097017,0,5,TRUE,2424.1890416828364,3232.252055577115,4848.378083365673
LittleWillow,Single aerial survey,1994,1595.5573186319416,0,5,TRUE,2659.262197719903,3545.6829302932033,5318.524395439806
LittleWillow,Single aerial survey,1995,1948.6339101729745,0,5,TRUE,3247.7231836216242,4330.297578162165,6495.4463672432485
LittleWillow,Single aerial survey,1996,1209.1526599560168,0,5,TRUE,2015.254433260028,2687.0059110133707,4030.508866520056
LittleWillow,Single aerial survey,1997,1543.0624750292382,0,5,TRUE,2571.770791715397,3429.027722287196,5143.541583430794
LittleWillow,Single aerial survey,1998,1520.6173189927797,0,5,TRUE,2534.3621983212997,3379.1495977617324,5068.7243966425995
LittleWillow,Single aerial survey,1999,1940.9697709684317,0,5,TRUE,3234.9496182807197,4313.266157707626,6469.8992365614395
LittleWillow,Single aerial survey,2e3,1570.934176505767,0,5,TRUE,2618.223627509612,3490.9648366794822,5236.447255019224
LittleWillow,Single aerial survey,2001,1080.9820515623985,0,4,FALSE,1801.6367526039976,2402.18233680533,3603.273505207995
LittleWillow,Single aerial survey,2002,782.4115203458947,0,4,FALSE,1304.0192005764911,1738.6922674353216,2608.0384011529823
LittleWillow,Single aerial survey,2003,437.6454830961071,0,4,FALSE,729.4091384935119,972.5455179913491,1458.8182769870239
LittleWillow,Single aerial survey,2004,308.7876593666522,0,4,FALSE,514.6460989444204,686.1947985925603,1029.2921978888407
LittleWillow,Single aerial survey,2005,732.1726215438907,0,4,FALSE,1220.2877025731514,1627.0502700975348,2440.5754051463027
LittleWillow,Single aerial survey,2006,606.3429189490038,0,5,TRUE,1010.571531581673,1347.428708775564,2021.143063163346
LittleWillow,Single aerial survey,2007,572.1709890895316,0,5,TRUE,953.6183151492195,1271.491086865626,1907.236630298439
LittleWillow,Single aerial survey,2008,674.7276150344026,0,5,TRUE,1124.5460250573376,1499.3947000764501,2249.092050114675
LittleWillow,Single aerial survey,2009,727.5070938652428,0,4,FALSE,1212.511823108738,1616.6824308116506,2425.023646217476
LittleWillow,Single aerial survey,2010,573.2582055903072,0,3,FALSE,955.430342650512,1273.907123534016,1910.860685301024
LittleWillow,Single aerial survey,2011,358.3747986005321,0,2,FALSE,597.2913310008868,796.3884413345157,1194.5826620017735
LittleWillow,Single aerial survey,2012,96.43984322257742,0,1,FALSE,160.73307203762906,214.31076271683872,321.4661440752581
LittleWillow,NA,1980,0,0,0,FALSE,0,0,0
LittleWillow,NA,1981,0,0,0,FALSE,0,0,0
LittleWillow,NA,2001,0,0,0,FALSE,0,0,0
LittleWillow,NA,2002,0,0,0,FALSE,0,0,0
LittleWillow,NA,2003,0,0,0,FALSE,0,0,0
LittleWillow,NA,2004,0,0,0,FALSE,0,0,0
LittleWillow,NA,2005,0,0,0,FALSE,0,0,0
Montana,Single aerial survey,1980,12.287338937788013,11.47749159870653,1,FALSE,31.956389828353217,38.78268923823545,52.435288057999905
Montana,Single aerial survey,1981,682.6683558272756,596.9708025365151,2,FALSE,1734.7513955819745,2114.011593263794,2872.5319886274337
Montana,Single aerial survey,1982,1877.7420054269314,1114.6156535349965,2,FALSE,4244.185662579883,5287.375665594844,7373.755671624768
Montana,Single aerial survey,1983,604.4981206106313,354.92527370295073,3,FALSE,1362.4221413873363,1698.2544306154648,2369.9190090717216
Montana,Single aerial survey,1984,810.9586040141535,315.77622034684134,4,FALSE,1667.3738937037638,2117.9064514894044,3018.9715670606865
Montana,Single aerial survey,1985,1029.3553767363162,468.9705073709561,4,FALSE,2184.562801931483,2756.426900118325,3900.15509649201
Montana,Single aerial survey,1986,1474.4579632438583,1806.0036266228353,4,FALSE,4263.433565362599,5082.576878275853,6720.863504102364
Montana,Single aerial survey,1987,1394.0448542528957,3126.8623480734204,5,TRUE,5450.270438494914,6224.739801968744,7773.678528916406
Montana,Single aerial survey,1988,1358.6269224552916,3401.9933049834876,5,TRUE,5666.3715090756405,6421.164243773024,7930.749713167794
Montana,Single aerial survey,1989,1447.7252151313814,1827.6612681522274,5,TRUE,4240.53662670453,5044.828412888631,6653.411985256833
Montana,Single aerial survey,1990,1351.618329468553,1218.321699699922,5,TRUE,3471.018915480844,4221.917987407817,5723.716131261765
Montana,Single aerial survey,1991,2212.15493099403,1586.1582402386114,5,TRUE,5273.083125228662,6502.0580868920115,8960.008010218713
Montana,Single aerial survey,1992,3287.233077522686,2194.522435126881,5,TRUE,7673.244230998025,9499.484829621739,13151.966026869168
Montana,Single aerial survey,1993,1978.3581176408345,1800.4379215610445,5,TRUE,5097.701450962435,6196.789294096232,8394.964980363826
Montana,Single aerial survey,1994,2061.205389868473,2247.489503820449,5,TRUE,5682.831820267904,6827.9459257503895,9118.174136715359
Montana,Single aerial survey,1995,2084.888612774724,2887.9180933321404,5,TRUE,6362.732447956681,7521.003899498194,9837.546802581222
Montana,Single aerial survey,1996,1368.59154611751,1547.8895345425547,5,TRUE,3828.8754447384044,4589.204081470355,6109.861354934254
Montana,Single aerial survey,1997,2162.068323472358,1943.3105554170788,5,TRUE,5546.757761204342,6747.906829800097,9150.204966991605
Montana,Single aerial survey,1998,2386.449213164433,1469.1881394270354,5,TRUE,5446.60349470109,6772.408613125775,9424.018849975146
Montana,Single aerial survey,1999,2728.142048693028,1411.4435983161695,5,TRUE,5958.347012804549,7473.981484300675,10505.250427292929
Montana,Single aerial survey,2e3,2247.660326731522,1347.0599069232894,5,TRUE,5093.160451475826,6341.860632993339,8839.260996028363
Montana,Single aerial survey,2001,1923.5707743018675,1364.4538866931575,5,TRUE,4570.4051771962695,5639.055607363975,7776.356467699383
Montana,Single aerial survey,2002,1877.2511944558848,1437.0882272907552,5,TRUE,4565.840218050564,5608.757548303833,7694.592208810371
Montana,Single aerial survey,2003,1436.9000983111325,978.7968730934507,5,TRUE,3373.6303702786718,4171.908202673745,5768.463867463893
Montana,Single aerial survey,2004,805.1629216451051,375.03164470359576,5,TRUE,1716.9698474454376,2164.2825816927184,3058.9080501872795
Montana,Single aerial survey,2005,1182.917799168367,407.12568243933646,5,TRUE,2378.655347719948,3035.831902813485,4350.1850130005605
Montana,Single aerial survey,2006,634.883973905709,298.28993710826535,5,TRUE,1356.4298936177804,1709.1432124542853,2414.5698501272955
Montana,Single aerial survey,2007,561.2641231842385,140.9143351864299,5,TRUE,1076.3545404934941,1388.1679422625157,2011.7947458005585
Montana,Single aerial survey,2008,867.3027381447995,12.448452614884829,5,TRUE,1457.9530161895507,1939.7878707144394,2903.4575797642165
Montana,Single aerial survey,2009,1073.6255399696022,0.8548355420114083,4,FALSE,1790.2307354913485,2386.689368807794,3579.6066354406853
Montana,Single aerial survey,2010,929.5398017908324,0,3,FALSE,1549.2330029847208,2065.6440039796275,3098.4660059694415
Montana,Single aerial survey,2011,617.548369647978,0,2,FALSE,1029.2472827466302,1372.32971032884,2058.4945654932603
Montana,Single aerial survey,2012,173.29799238980917,0,1,FALSE,288.82998731634865,385.10664975513146,577.6599746326973
Montana,NA,1980,0,1154.762562581091,0,FALSE,1154.762562581091,1154.762562581091,1154.762562581091
Montana,NA,1981,0,1129.1680086338406,0,FALSE,1129.1680086338406,1129.1680086338406,1129.1680086338406
Montana,NA,1982,0,663.5675332296948,0,FALSE,663.5675332296948,663.5675332296948,663.5675332296948
Montana,NA,1983,0,853.7228268239444,0,FALSE,853.7228268239444,853.7228268239444,853.7228268239444
Montana,NA,1984,0,317.7795448381786,0,FALSE,317.7795448381786,317.7795448381786,317.7795448381786
Montana,NA,1985,0,229.50786499045353,0,FALSE,229.50786499045353,229.50786499045353,229.50786499045353
Montana,NA,1986,0,10.679422017775446,0,FALSE,10.679422017775446,10.679422017775446,10.679422017775446
Ninilchik,"Weir counts expanded spatially (to account for spawning below the weir) - removals. See calculations in ""HatcheryEnhanced"" worksheet.",1992,0,0,1,FALSE,0,0,0
Ninilchik,"Weir counts expanded spatially (to account for spawning below the weir) - removals. See calculations in ""HatcheryEnhanced"" worksheet.",1993,266.344,0,2,FALSE,266.344,266.344,266.344
Ninilchik,"Weir counts expanded spatially (to account for spawning below the weir) - removals. See calculations in ""HatcheryEnhanced"" worksheet.",1994,1169.279,0,3,FALSE,1169.279,1169.279,1169.279
Ninilchik,"Weir counts expanded spatially (to account for spawning below the weir) - removals. See calculations in ""HatcheryEnhanced"" worksheet.",1995,1705.223,0,4,FALSE,1705.223,1705.223,1705.223
Ninilchik,"Weir counts expanded spatially (to account for spawning below the weir) - removals. See calculations in ""HatcheryEnhanced"" worksheet.",1996,752.29,0,5,TRUE,752.29,752.29,752.29
Ninilchik,"Weir counts expanded spatially (to account for spawning below the weir) - removals. See calculations in ""HatcheryEnhanced"" worksheet.",1997,1374.813,0,5,TRUE,1374.813,1374.813,1374.813
Ninilchik,"Weir counts expanded spatially (to account for spawning below the weir) - removals. See calculations in ""HatcheryEnhanced"" worksheet.",1998,1611.0819999999999,0,5,TRUE,1611.0819999999999,1611.0819999999999,1611.0819999999999
Ninilchik,"Weir counts expanded spatially (to account for spawning below the weir) - removals. See calculations in ""HatcheryEnhanced"" worksheet.",1999,1197.666,0,5,TRUE,1197.666,1197.666,1197.666
Ninilchik,"Weir counts expanded spatially (to account for spawning below the weir) - removals. See calculations in ""HatcheryEnhanced"" worksheet.",2e3,2016.5620000000001,0,5,TRUE,2016.5620000000001,2016.5620000000001,2016.5620000000001
Ninilchik,"Weir counts expanded spatially (to account for spawning below the weir) - removals. See calculations in ""HatcheryEnhanced"" worksheet.",2001,1074.832,0,5,TRUE,1074.832,1074.832,1074.832
Ninilchik,"Weir counts expanded spatially (to account for spawning below the weir) - removals. See calculations in ""HatcheryEnhanced"" worksheet.",2002,1104.606,0,5,TRUE,1104.606,1104.606,1104.606
Ninilchik,"Weir counts expanded spatially (to account for spawning below the weir) - removals. See calculations in ""HatcheryEnhanced"" worksheet.",2003,915.7779999999999,0,5,TRUE,915.7779999999999,915.7779999999999,915.7779999999999
Ninilchik,"Weir counts expanded spatially (to account for spawning below the weir) - removals. See calculations in ""HatcheryEnhanced"" worksheet.",2004,516.831,0,5,TRUE,516.831,516.831,516.831
Ninilchik,"Weir counts expanded spatially (to account for spawning below the weir) - removals. See calculations in ""HatcheryEnhanced"" worksheet.",2005,790.174,0,5,TRUE,790.174,790.174,790.174
Ninilchik,"Weir counts expanded spatially (to account for spawning below the weir) - removals. See calculations in ""HatcheryEnhanced"" worksheet.",2006,1364.8093533533533,0,5,TRUE,1364.8093533533533,1364.8093533533533,1364.8093533533533
Ninilchik,"Weir counts expanded spatially (to account for spawning below the weir) - removals. See calculations in ""HatcheryEnhanced"" worksheet.",2007,562.1782821142821,0,5,TRUE,562.1782821142821,562.1782821142821,562.1782821142821
Ninilchik,"Weir counts expanded spatially (to account for spawning below the weir) - removals. See calculations in ""HatcheryEnhanced"" worksheet.",2008,532.9961839961841,0,5,TRUE,532.9961839961841,532.9961839961841,532.9961839961841
Ninilchik,"Weir counts expanded spatially (to account for spawning below the weir) - removals. See calculations in ""HatcheryEnhanced"" worksheet.",2009,1220.8806078806078,0,5,TRUE,1220.8806078806078,1220.8806078806078,1220.8806078806078
Ninilchik,"Weir counts expanded spatially (to account for spawning below the weir) - removals. See calculations in ""HatcheryEnhanced"" worksheet.",2010,1105.0066226346225,0,4,FALSE,1105.0066226346225,1105.0066226346225,1105.0066226346225
Ninilchik,"Weir counts expanded spatially (to account for spawning below the weir) - removals. See calculations in ""HatcheryEnhanced"" worksheet.",2011,1386.3600531240531,0,3,FALSE,1386.3600531240531,1386.3600531240531,1386.3600531240531
Ninilchik,"Weir counts expanded spatially (to account for spawning below the weir) - removals. See calculations in ""HatcheryEnhanced"" worksheet.",2012,1028.0138968968968,0,2,FALSE,1028.0138968968968,1028.0138968968968,1028.0138968968968
Ninilchik,"Weir counts expanded spatially (to account for spawning below the weir) - removals. See calculations in ""HatcheryEnhanced"" worksheet.",2013,38.275,0,1,FALSE,38.275,38.275,38.275
Ninilchik,NA,1990,0,0,0,FALSE,0,0,0
Ninilchik,NA,1991,0,0,0,FALSE,0,0,0
Ninilchik,NA,1992,0,0,0,FALSE,0,0,0
Ninilchik,NA,1993,0,0,0,FALSE,0,0,0
Ninilchik,NA,1994,0,0,0,FALSE,0,0,0
Ninilchik,NA,1995,0,0,0,FALSE,0,0,0
Theodore,Single aerial survey,1980,1093.7064672300423,1669.7040789794585,5,TRUE,3492.5481910295293,4100.162895046219,5315.3923030795995
Theodore,Single aerial survey,1981,1670.997657024624,2529.824390479367,5,TRUE,5314.820485520408,6243.152517200753,8099.816580561447
Theodore,Single aerial survey,1982,2304.150544499328,2989.5051104123086,5,TRUE,6829.756017911189,8109.839653744149,10670.006925410069
Theodore,Single aerial survey,1983,1173.6471471813413,2054.5735552658366,5,TRUE,4010.6521339014053,4662.678326779928,5966.730712536974
Theodore,Single aerial survey,1984,713.066461440398,1316.3987806940102,5,TRUE,2504.8428830946737,2900.9909172282278,3693.286985495337
Theodore,Single aerial survey,1985,641.9383802866574,1094.579173675778,5,TRUE,2164.4764741535405,2521.1089076461276,3234.3737746313027
Theodore,Single aerial survey,1986,883.1464238570467,993.9720568038778,5,TRUE,2465.882763232289,2956.5196653750927,3937.7934696607003
Theodore,Single aerial survey,1987,1008.6640311456845,993.1856485744695,5,TRUE,2674.2923671506105,3234.6612733426573,4355.399085726751
Theodore,Single aerial survey,1988,823.0471058845799,1163.2080612855746,5,TRUE,2534.9532377598744,2992.201629917974,3906.6984142341744
Theodore,Single aerial survey,1989,637.5545635950496,768.7380479161386,5,TRUE,1831.3289872412213,2185.5259670162486,2893.9199265663037
Theodore,Single aerial survey,1990,398.0186240578469,459.12041870225096,5,TRUE,1122.4847921319958,1343.6062499419108,1785.8491655617408
Theodore,Single aerial survey,1991,844.5058684049602,314.40797642243325,5,TRUE,1721.917757097367,2191.0876839890116,3129.427537772301
Theodore,Single aerial survey,1992,1681.726915349584,105.0760403016214,5,TRUE,2907.9542325509283,3842.246963300697,5710.832424800235
Theodore,Single aerial survey,1993,1463.207921062082,5.6621158823632385,5,TRUE,2444.341984319167,3257.235273798101,4883.021852755971
Theodore,Single aerial survey,1994,1770.3649899887755,0,5,TRUE,2950.6083166479593,3934.144422197279,5901.216633295919
Theodore,Single aerial survey,1995,1828.1200455552619,0,5,TRUE,3046.866742592103,4062.488990122804,6093.733485184206
Theodore,Single aerial survey,1996,779.3999169167046,0.12369007620668891,5,TRUE,1299.1235516040476,1732.1235054466613,2598.123413131889
Theodore,Single aerial survey,1997,1022.1617542165997,5.827114053292378,5,TRUE,1709.4300377476252,2277.2976789790696,3413.032961441958
Theodore,Single aerial survey,1998,879.8913725247468,10.900230728004207,5,TRUE,1477.3858516025823,1966.2143918941083,2943.8714724771603
Theodore,Single aerial survey,1999,772.180235076121,8.504748046220172,5,TRUE,1295.471806506422,1724.4608259931556,2582.438864966624
Theodore,Single aerial survey,2e3,621.9369643735909,0.6442170962765558,5,TRUE,1037.2058243855947,1382.7263601487007,2073.7674316749126
Theodore,Single aerial survey,2001,640.9152346782357,0,5,TRUE,1068.1920577970595,1424.256077062746,2136.384115594119
Theodore,Single aerial survey,2002,596.2830755555285,0,5,TRUE,993.8051259258809,1325.0735012345078,1987.6102518517619
Theodore,Single aerial survey,2003,384.60310955869414,0,5,TRUE,641.0051825978236,854.6735767970981,1282.0103651956472
Theodore,Single aerial survey,2004,202.17944397996928,0,5,TRUE,336.9657399666155,449.2876532888206,673.931479933231
Theodore,Single aerial survey,2005,338.1398915932431,0,5,TRUE,563.5664859887385,751.421981318318,1127.132971977477
Theodore,Single aerial survey,2006,247.44992127480606,0,5,TRUE,412.4165354580101,549.8887139440135,824.8330709160202
Theodore,Single aerial survey,2007,210.3245344970939,0,5,TRUE,350.54089082848986,467.38785443798645,701.0817816569797
Theodore,Single aerial survey,2008,474.23702600665337,0,5,TRUE,790.3950433444223,1053.860057792563,1580.7900866888447
Theodore,Single aerial survey,2009,335.5849217787479,0,4,FALSE,559.3082029645799,745.7442706194398,1118.6164059291598
Theodore,Single aerial survey,2010,206.54770681335424,0,3,FALSE,344.2461780222571,458.9949040296761,688.4923560445142
Theodore,Single aerial survey,2011,222.9231403403788,0,2,FALSE,371.53856723396467,495.3847563119529,743.0771344679293
Theodore,Single aerial survey,2012,52.13626042235784,0,1,FALSE,86.89376737059641,115.85835649412854,173.78753474119281
Willow,Single aerial survey,1980,1733.1515171627223,605.7474286916454,4,FALSE,3494.333290629516,4457.195244608805,6382.919152567387
Willow,Single aerial survey,1981,2679.922432107098,1436.8231124326915,5,TRUE,5903.360499277855,7392.206294892909,10369.897886123019
Willow,Single aerial survey,1982,3620.656337007443,2543.0844422928058,5,TRUE,8577.511670638545,10588.987413420458,14611.938898984283
Willow,Single aerial survey,1983,3807.2842329191512,2207.772362516604,5,TRUE,8553.246084048524,10668.403991225829,14898.719805580442
Willow,Single aerial survey,1984,2470.070841285634,2231.7289520937443,5,TRUE,6348.513687569801,7720.775266061819,10465.298423045859
Willow,Single aerial survey,1985,2524.6660944314153,2793.334489635982,5,TRUE,7001.111313688341,8403.70358837246,11208.888137740701
Willow,Single aerial survey,1986,2029.670035619782,5745.580755444089,5,TRUE,9128.364148143726,10255.958612376937,12511.147540843362
Willow,Single aerial survey,1987,2126.6695411894702,7441.1470946556565,5,TRUE,10985.59632997144,12167.079408410034,14530.045565287224
Willow,Single aerial survey,1988,1907.903246481763,7128.456888299247,5,TRUE,10308.295632435518,11368.241880480942,13488.13437657179
Willow,Single aerial survey,1989,2396.920828907274,4095.0266428762598,5,TRUE,8089.894691055049,9421.517373781313,12084.76273923384
Willow,Single aerial survey,1990,1844.9374592856655,2431.39417426828,5,TRUE,5506.289939744389,6531.255194903092,8581.185705220498
Willow,Single aerial survey,1991,3157.8241350900034,2742.252435889009,5,TRUE,8005.292661039015,9759.639402755683,13268.332886189022
Willow,Single aerial survey,1992,4416.758663755648,3540.8569245253693,5,TRUE,10902.121364118117,13355.876177315698,18263.385803710862
Willow,Single aerial survey,1993,2393.7316261591127,2884.3947308085153,5,TRUE,6873.947441073704,8203.798344495433,10863.500151338892
Willow,Single aerial survey,1994,2688.080978511967,3941.2502197457875,5,TRUE,8421.3851839324,9914.763505327935,12901.52014811901
Willow,Single aerial survey,1995,3263.581442752441,5223.226102398604,5,TRUE,10662.528506986006,12475.62930851514,16101.830911573408
Willow,Single aerial survey,1996,2009.0393730148112,2794.3856279971887,5,TRUE,6142.784583021874,7258.917568030102,9491.18353804656
Willow,Single aerial survey,1997,3046.470295710397,3818.2868993389206,5,TRUE,8895.737392189581,10588.22088980647,13973.187885040243
Willow,Single aerial survey,1998,3358.027920103846,3571.681055698009,5,TRUE,9168.394255871086,11033.965322595444,14765.107456044163
Willow,Single aerial survey,1999,3573.1506944039734,3516.8732370989337,5,TRUE,9472.12439443889,11457.208113552208,15427.375551778845
Willow,Single aerial survey,2e3,2512.3335408384455,2466.363861598894,5,TRUE,6653.58642966297,8049.327285684329,10840.808997727047
Willow,Single aerial survey,2001,1908.4133396958782,2109.9158629250173,5,TRUE,5290.604762418148,6350.834395582524,8471.293661911279
Willow,Single aerial survey,2002,1671.2830107591992,2017.4384097594857,5,TRUE,4802.910094358151,5731.40065589104,7588.381778956817
Willow,Single aerial survey,2003,1224.4189994906471,1222.6035678398525,5,TRUE,3263.3019003242644,3943.5346778190683,5304.000232808677
Willow,Single aerial survey,2004,754.6383768727557,419.37674688971515,5,TRUE,1677.1073750109747,2096.3509177180613,2934.838003132234
Willow,Single aerial survey,2005,1341.6678532629624,429.55402120483876,5,TRUE,2665.6671099764426,3411.038139566977,4901.780198748047
Willow,Single aerial survey,2006,1054.7711038720277,231.8477569814138,5,TRUE,1989.7995967681265,2575.7835433636974,3747.7514365548395
Willow,Single aerial survey,2007,962.2683832511941,106.68360478912562,5,TRUE,1710.4642435411158,2245.057789791779,3314.244882293106
Willow,Single aerial survey,2008,1260.5594054431378,10.820793810850086,5,TRUE,2111.75313621608,2812.063917017823,4212.68547862131
Willow,Single aerial survey,2009,1495.59784451525,0.8548355420114083,4,FALSE,2493.5179097340947,3324.4056011314556,4986.180983926179
Willow,Single aerial survey,2010,1320.0670080445373,0,3,FALSE,2200.111680074229,2933.4822400989715,4400.223360148458
Willow,Single aerial survey,2011,888.2836722474287,0,2,FALSE,1480.472787079048,1973.9637161053972,2960.945574158096
Willow,Single aerial survey,2012,250.40091273273273,0,1,FALSE,417.33485455455457,556.4464727394061,834.6697091091091
Willow,NA,1980,0,1.3233295619226844,0,FALSE,1.3233295619226844,1.3233295619226844,1.3233295619226844
